Waktu,Suhu,Kelembaban
2026-07-17 20:31:33,25.4,83.8
2026-07-17 20:31:53,25.4,83.8
2026-07-17 20:32:13,25.4,83.8
2026-07-17 20:32:33,25.4,83.9
2026-07-17 20:32:53,25.4,83.9
2026-07-17 20:33:13,25.4,84.0
2026-07-17 20:33:33,25.4,84.0
2026-07-17 20:33:53,25.4,84.2
2026-07-17 20:34:13,25.3,84.1
2026-07-17 20:34:33,25.4,84.1
2026-07-17 20:34:53,25.4,84.0
2026-07-17 20:35:13,25.4,83.9
2026-07-17 20:35:34,25.4,83.7
2026-07-17 20:35:53,25.5,83.5
2026-07-17 20:36:13,25.5,83.4
2026-07-17 20:36:34,25.6,83.3
2026-07-17 20:36:53,25.6,83.1
2026-07-17 20:37:14,25.6,82.9
2026-07-17 20:37:34,25.7,82.6
2026-07-17 20:37:54,25.7,82.6
2026-07-17 20:38:14,25.7,82.6
2026-07-17 20:38:34,25.8,82.5
2026-07-17 20:38:54,25.8,82.4
2026-07-17 20:39:14,25.8,82.2
2026-07-17 20:39:34,25.8,82.1
2026-07-17 20:39:54,25.9,82.1
2026-07-17 20:40:14,25.9,82.0
2026-07-17 20:40:34,25.9,81.8
2026-07-17 20:40:54,25.9,81.8
2026-07-17 20:41:14,25.9,81.8
2026-07-17 20:41:34,25.9,81.8
2026-07-17 20:41:54,25.9,81.7
2026-07-17 20:42:14,25.9,81.7
2026-07-17 20:42:34,25.9,81.6
2026-07-17 20:42:54,26.0,81.7
2026-07-17 20:43:14,26.0,81.6
2026-07-17 20:43:34,25.9,81.5
2026-07-17 20:43:54,26.0,81.6
2026-07-17 20:44:14,26.0,81.7
2026-07-17 20:44:34,26.0,81.6
2026-07-17 20:44:54,26.0,81.5
2026-07-17 20:45:14,26.0,81.5
2026-07-17 20:45:34,26.0,81.4
2026-07-17 20:45:54,26.0,81.3
2026-07-17 20:46:14,26.0,81.3
2026-07-17 20:46:34,26.0,81.2
2026-07-17 20:46:54,26.0,81.2
2026-07-17 20:47:14,26.0,81.0
2026-07-17 20:47:34,26.0,81.0
2026-07-17 20:47:54,26.0,81.0
2026-07-17 20:48:14,26.0,81.0
2026-07-17 20:48:34,26.0,81.1
2026-07-17 20:48:54,26.0,81.0
2026-07-17 20:49:14,26.0,80.9
2026-07-17 20:49:34,26.0,81.0
2026-07-17 20:49:54,26.0,81.0
2026-07-17 20:50:14,26.0,81.1
2026-07-17 20:50:34,26.0,81.2
2026-07-17 20:50:54,26.0,81.2
2026-07-17 20:51:14,26.0,81.2
2026-07-17 20:51:34,26.0,81.3
2026-07-17 20:51:54,26.0,81.3
2026-07-17 20:52:14,26.0,81.4
2026-07-17 20:52:34,26.0,81.4
2026-07-17 20:52:55,26.0,81.4
2026-07-17 20:53:14,26.0,81.4
2026-07-17 20:53:34,26.0,81.5
2026-07-17 20:53:55,26.0,81.5
2026-07-17 20:54:14,25.9,81.4
2026-07-17 20:54:35,25.9,81.5
2026-07-17 20:54:55,26.0,81.6
2026-07-17 20:55:15,26.0,81.5
2026-07-17 20:55:35,26.0,81.6
2026-07-17 20:55:55,26.0,81.5
2026-07-17 20:56:15,26.0,81.3
2026-07-17 20:56:35,25.9,81.3
2026-07-17 20:56:55,25.9,81.3
2026-07-17 20:57:15,25.9,81.3
2026-07-17 20:57:35,25.9,81.4
2026-07-17 20:57:55,25.9,81.4
2026-07-17 20:58:15,26.0,81.4
2026-07-17 20:58:35,26.0,81.4
2026-07-17 20:58:55,26.0,81.3
2026-07-17 20:59:15,26.0,81.4
2026-07-17 20:59:35,26.0,81.3
2026-07-17 20:59:55,26.0,81.2
2026-07-17 21:00:15,26.0,81.3
2026-07-17 21:00:35,26.0,81.2
2026-07-17 21:00:55,26.0,81.2
2026-07-17 21:01:15,25.9,81.2
2026-07-17 21:01:35,25.9,81.2
2026-07-17 21:01:55,26.0,81.2
2026-07-17 21:02:15,25.9,81.3
2026-07-17 21:02:35,25.9,81.2
2026-07-17 21:02:55,25.9,81.2
2026-07-17 21:03:15,25.9,81.2
2026-07-17 21:03:35,25.9,81.2
2026-07-17 21:03:55,25.9,81.4
2026-07-17 21:04:15,25.9,81.5
2026-07-17 21:04:35,25.9,81.5
2026-07-17 21:04:55,25.9,81.4
2026-07-17 21:05:15,25.9,81.4
2026-07-17 21:05:35,25.9,81.4
2026-07-17 21:05:55,25.9,81.4
2026-07-17 21:06:15,25.9,81.4
2026-07-17 21:06:35,25.9,81.4
2026-07-17 21:06:55,25.9,81.5
2026-07-17 21:07:15,25.9,81.5
2026-07-17 21:07:35,25.9,81.6
2026-07-17 21:07:55,25.9,81.6
2026-07-17 21:08:15,25.9,81.7
2026-07-17 21:08:35,25.9,81.6
2026-07-17 21:08:55,25.9,81.7
2026-07-17 21:09:15,25.9,81.6
2026-07-17 21:09:35,25.9,81.6
2026-07-17 21:09:55,25.9,81.7
2026-07-17 21:10:15,25.9,81.6
2026-07-17 21:10:35,25.9,81.5
2026-07-17 21:10:55,25.9,81.6
2026-07-17 21:11:15,25.9,81.7
2026-07-17 21:11:35,25.9,81.7
2026-07-17 21:11:56,25.9,81.7
2026-07-17 21:12:15,25.9,81.7
2026-07-17 21:12:36,25.8,81.7
2026-07-17 21:12:56,25.8,81.7
2026-07-17 21:13:16,25.9,81.6
2026-07-17 21:13:36,25.9,81.6
2026-07-17 21:13:56,25.9,81.6
2026-07-17 21:14:16,25.9,81.6
2026-07-17 21:14:36,25.9,81.6
2026-07-17 21:14:56,25.9,81.6
2026-07-17 21:15:16,25.8,81.6
2026-07-17 21:15:36,25.8,81.5
2026-07-17 21:15:56,25.8,81.5
2026-07-17 21:16:16,25.8,81.6
2026-07-17 21:16:36,25.8,81.6
2026-07-17 21:16:56,25.8,81.6
2026-07-17 21:17:16,25.8,81.6
2026-07-17 21:17:36,25.8,81.6
2026-07-17 21:17:56,25.8,81.5
2026-07-17 21:18:16,25.8,81.3
2026-07-17 21:18:36,25.8,81.3
2026-07-17 21:18:56,25.8,81.4
2026-07-17 21:19:16,25.8,81.5
2026-07-17 21:19:36,25.8,81.5
2026-07-17 21:19:56,25.9,81.4
2026-07-17 21:20:16,25.8,81.3
2026-07-17 21:20:36,25.9,81.3
2026-07-17 21:20:56,25.9,81.3
2026-07-17 21:21:16,25.8,81.2
2026-07-17 21:21:36,25.8,81.2
2026-07-17 21:21:56,25.9,81.2
2026-07-17 21:22:16,25.9,81.2
2026-07-17 21:22:36,25.9,81.1
2026-07-17 21:22:56,25.9,81.2
2026-07-17 21:23:16,25.9,81.2
2026-07-17 21:23:36,25.9,81.2
2026-07-17 21:23:56,25.9,81.2
2026-07-17 21:24:17,25.9,81.2
2026-07-17 21:24:36,25.9,81.1
2026-07-17 21:24:56,25.9,81.1
2026-07-17 21:25:16,25.9,81.0
2026-07-17 21:25:36,25.9,81.1
2026-07-17 21:25:56,25.8,81.1
2026-07-17 21:26:16,25.8,81.2
2026-07-17 21:26:36,25.8,81.2
2026-07-17 21:26:56,25.8,81.4
2026-07-17 21:27:16,25.7,81.4
2026-07-17 21:27:36,25.7,81.5
2026-07-17 21:27:56,25.7,81.5
2026-07-17 21:28:16,25.6,81.6
2026-07-17 21:28:37,25.7,81.7
2026-07-17 21:28:56,25.7,81.7
2026-07-17 21:29:17,25.6,81.8
2026-07-17 21:29:37,25.6,81.9
2026-07-17 21:29:57,25.6,81.9
2026-07-17 21:30:17,25.5,82.0
2026-07-17 21:30:37,25.5,82.1
2026-07-17 21:30:57,25.5,82.2
2026-07-17 21:31:17,25.5,82.3
2026-07-17 21:31:37,25.4,82.3
2026-07-17 21:31:57,25.4,82.4
2026-07-17 21:32:17,25.4,82.5
2026-07-17 21:32:37,25.4,82.5
2026-07-17 21:32:57,25.4,82.6
2026-07-17 21:33:17,25.3,82.7
2026-07-17 21:33:37,25.3,82.8
2026-07-17 21:33:57,25.3,82.8
2026-07-17 21:34:17,25.3,82.8
2026-07-17 21:34:37,25.3,82.9
2026-07-17 21:34:57,25.3,82.9
2026-07-17 21:35:17,25.3,83.0
2026-07-17 21:35:37,25.3,83.0
2026-07-17 21:35:57,25.3,83.0
2026-07-17 21:36:17,25.3,83.0
2026-07-17 21:36:37,25.3,83.0
2026-07-17 21:36:57,25.3,83.1
2026-07-17 21:37:17,25.3,83.1
2026-07-17 21:37:37,25.2,83.0
2026-07-17 21:37:57,25.2,83.0
2026-07-17 21:38:17,25.2,83.0
2026-07-17 21:38:37,25.2,83.0
2026-07-17 21:38:57,25.2,83.0
2026-07-17 21:39:17,25.2,83.1
2026-07-17 21:39:37,25.3,83.0
2026-07-17 21:39:57,25.2,83.0
2026-07-17 21:40:17,25.2,83.0
2026-07-17 21:40:37,25.2,83.0
2026-07-17 21:40:57,25.3,83.0
2026-07-17 21:41:17,25.3,83.0
2026-07-17 21:41:37,25.3,82.9
2026-07-17 21:41:57,25.4,82.8
2026-07-17 21:42:17,25.4,82.6
2026-07-17 21:42:37,25.4,82.5
2026-07-17 21:42:57,25.4,82.3
2026-07-17 21:43:17,25.5,82.2
2026-07-17 21:43:37,25.5,82.2
2026-07-17 21:43:57,25.5,82.0
2026-07-17 21:44:17,25.5,82.0
2026-07-17 21:44:37,25.5,81.9
2026-07-17 21:44:57,25.5,81.9
2026-07-17 21:45:17,25.6,82.2
2026-07-17 21:45:37,25.6,82.5
2026-07-17 21:45:57,25.6,
2026-07-17 21:45:58,,82.7
2026-07-17 21:46:17,25.6,83.0
2026-07-17 21:46:38,25.6,82.9
2026-07-17 21:46:58,25.6,82.9
2026-07-17 21:47:18,25.6,82.8
2026-07-17 21:47:37,25.6,
2026-07-17 21:47:38,,82.9
2026-07-17 21:47:58,25.6,83.0
2026-07-17 21:48:18,25.6,83.3
2026-07-17 21:48:38,25.6,83.5
2026-07-17 21:48:58,25.6,83.8
2026-07-17 21:49:18,25.6,83.7
2026-07-17 21:49:38,25.6,83.5
2026-07-17 21:49:58,25.6,83.1
2026-07-17 21:50:18,25.6,83.3
2026-07-17 21:50:38,25.6,83.0
2026-07-17 21:50:58,25.6,82.9
2026-07-17 21:51:18,25.6,82.7
2026-07-17 21:51:38,25.6,82.4
2026-07-17 21:51:58,25.6,82.6
2026-07-17 21:52:18,25.6,82.4
2026-07-17 21:52:38,25.6,82.2
2026-07-17 21:52:58,25.6,82.2
2026-07-17 21:53:18,25.6,82.4
2026-07-17 21:53:38,25.7,82.3
2026-07-17 21:53:58,25.6,82.0
2026-07-17 21:54:18,25.6,81.7
2026-07-17 21:54:38,25.6,81.6
2026-07-17 21:54:58,25.6,81.4
2026-07-17 21:55:18,25.6,81.4
2026-07-17 21:55:38,25.6,81.3
2026-07-17 21:55:58,25.6,81.3
2026-07-17 21:56:18,25.6,81.3
2026-07-17 21:56:38,25.6,81.3
2026-07-17 21:56:58,25.6,81.3
2026-07-17 21:57:18,25.6,81.3
2026-07-17 21:57:38,25.6,81.3
2026-07-17 21:57:58,25.6,81.3
2026-07-17 21:58:18,25.6,81.4
2026-07-17 21:58:38,25.6,81.3
2026-07-17 21:58:58,25.6,81.2
2026-07-17 21:59:18,25.6,81.2
2026-07-17 21:59:38,25.6,81.1
2026-07-17 21:59:58,25.6,81.2
2026-07-17 22:00:18,25.6,81.2
2026-07-17 22:00:38,25.6,81.2
2026-07-17 22:00:58,25.6,81.2
2026-07-17 22:01:18,25.6,81.2
2026-07-17 22:01:38,25.6,81.1
2026-07-17 22:01:58,25.6,81.0
2026-07-17 22:02:18,25.6,81.1
2026-07-17 22:02:38,25.6,81.2
2026-07-17 22:02:59,25.5,81.2
2026-07-17 22:03:18,25.5,81.2
2026-07-17 22:03:39,25.5,81.2
2026-07-17 22:03:59,25.5,81.2
2026-07-17 22:04:19,25.5,81.2
2026-07-17 22:04:39,25.5,81.3
2026-07-17 22:04:59,25.5,81.2
2026-07-17 22:05:19,25.5,81.3
2026-07-17 22:05:39,25.5,81.2
2026-07-17 22:05:59,25.5,81.2
2026-07-17 22:06:19,25.5,81.2
2026-07-17 22:06:39,25.6,81.2
2026-07-17 22:06:59,25.6,81.2
2026-07-17 22:07:19,25.5,81.1
2026-07-17 22:07:40,25.5,81.1
2026-07-17 22:07:59,25.6,81.0
2026-07-17 22:08:19,25.5,81.1
2026-07-17 22:08:39,25.5,81.1
2026-07-17 22:08:59,25.5,81.1
2026-07-17 22:09:19,25.5,81.2
2026-07-17 22:09:39,25.5,81.1
2026-07-17 22:09:59,25.5,81.2
2026-07-17 22:10:19,25.5,81.1
2026-07-17 22:10:39,25.5,81.1
2026-07-17 22:10:59,25.5,81.0
2026-07-17 22:11:19,25.5,81.0
2026-07-17 22:11:39,25.5,80.9
2026-07-17 22:11:59,25.5,80.9
2026-07-17 22:12:23,25.5,80.9
2026-07-17 22:12:39,25.5,81.0
2026-07-17 22:12:59,25.5,81.0
2026-07-17 22:13:19,25.5,81.0
2026-07-17 22:13:39,25.5,81.0
2026-07-17 22:13:59,25.5,81.0
2026-07-17 22:14:19,25.5,81.0
2026-07-17 22:14:39,25.5,81.0
2026-07-17 22:14:59,25.5,81.0
2026-07-17 22:15:19,25.5,81.0
2026-07-17 22:15:39,25.5,80.9
2026-07-17 22:15:59,25.5,80.9
2026-07-17 22:16:19,25.5,80.9
2026-07-17 22:16:39,25.5,80.9
2026-07-17 22:16:59,25.5,80.9
2026-07-17 22:17:19,25.5,81.0
2026-07-17 22:17:39,25.5,81.1
2026-07-17 22:17:59,25.5,81.2
2026-07-17 22:18:19,25.5,81.1
2026-07-17 22:18:39,25.5,81.0
2026-07-17 22:19:00,25.5,81.0
2026-07-17 22:19:19,25.5,81.1
2026-07-17 22:19:39,25.5,81.1
2026-07-17 22:19:59,25.5,81.0
2026-07-17 22:20:19,25.5,81.0
2026-07-17 22:20:39,25.5,81.0
2026-07-17 22:20:59,25.5,80.9
2026-07-17 22:21:19,25.5,80.9
2026-07-17 22:21:39,25.4,80.9
2026-07-17 22:21:59,25.5,80.8
2026-07-17 22:22:19,25.4,80.8
2026-07-17 22:22:39,25.4,80.8
2026-07-17 22:22:59,25.4,80.9
2026-07-17 22:23:19,25.4,80.9
2026-07-17 22:23:39,25.4,80.8
2026-07-17 22:23:59,25.4,80.9
2026-07-17 22:24:20,25.4,81.0
2026-07-17 22:24:39,25.5,81.0
2026-07-17 22:24:59,25.5,81.0
2026-07-17 22:25:19,25.5,80.9
2026-07-17 22:25:40,25.5,80.9
2026-07-17 22:26:00,25.5,80.8
2026-07-17 22:26:20,25.5,80.8
2026-07-17 22:26:40,25.5,80.8
2026-07-17 22:27:00,25.5,80.7
2026-07-17 22:27:20,25.5,80.6
2026-07-17 22:27:40,25.5,80.7
2026-07-17 22:28:00,25.5,80.8
2026-07-17 22:28:20,25.5,80.8
2026-07-17 22:28:40,25.5,80.8
2026-07-17 22:29:00,25.5,80.8
2026-07-17 22:29:20,25.4,80.9
2026-07-17 22:29:40,25.5,81.0
2026-07-17 22:30:00,25.5,81.1
2026-07-17 22:30:20,25.4,81.2
2026-07-17 22:30:40,25.4,81.2
2026-07-17 22:31:00,25.4,81.1
2026-07-17 22:31:20,25.4,81.0
2026-07-17 22:31:40,25.4,81.0
2026-07-17 22:32:00,25.4,80.9
2026-07-17 22:32:20,25.4,80.9
2026-07-17 22:32:40,25.4,80.7
2026-07-17 22:33:00,25.4,80.8
2026-07-17 22:33:20,25.4,80.8
2026-07-17 22:33:40,25.4,80.8
2026-07-17 22:34:00,25.4,80.8
2026-07-17 22:34:20,25.4,80.9
2026-07-17 22:34:40,25.4,81.1
2026-07-17 22:35:00,25.4,81.1
2026-07-17 22:35:20,25.4,81.1
2026-07-17 22:35:40,25.4,80.9
2026-07-17 22:36:00,25.4,80.8
2026-07-17 22:36:20,25.4,80.8
2026-07-17 22:36:40,25.4,80.8
2026-07-17 22:37:00,25.4,80.8
2026-07-17 22:37:20,25.4,80.8
2026-07-17 22:37:40,25.4,80.9
2026-07-17 22:38:00,25.4,80.8
2026-07-17 22:38:20,25.4,80.7
2026-07-17 22:38:40,25.4,80.7
2026-07-17 22:39:00,25.4,80.6
2026-07-17 22:39:20,25.4,80.6
2026-07-17 22:39:41,25.4,80.7
2026-07-17 22:40:00,25.4,81.0
2026-07-17 22:40:20,25.4,81.1
2026-07-17 22:40:40,25.4,81.0
2026-07-17 22:41:00,25.4,80.9
2026-07-17 22:41:20,25.4,80.9
2026-07-17 22:41:41,25.4,81.0
2026-07-17 22:42:01,25.4,80.8
2026-07-17 22:42:20,25.4,80.9
2026-07-17 22:42:41,25.4,80.9
2026-07-17 22:43:01,25.4,81.0
2026-07-17 22:43:21,25.4,81.0
2026-07-17 22:43:41,25.4,80.9
2026-07-17 22:44:01,25.5,80.8
2026-07-17 22:44:21,25.5,80.7
2026-07-17 22:44:41,25.4,80.7
2026-07-17 22:45:01,25.4,80.7
2026-07-17 22:45:21,25.5,80.7
2026-07-17 22:45:41,25.5,80.7
2026-07-17 22:46:01,25.5,80.7
2026-07-17 22:46:21,25.5,80.7
2026-07-17 22:46:41,25.4,80.8
2026-07-17 22:47:01,25.4,80.8
2026-07-17 22:47:21,25.4,80.7
2026-07-17 22:47:41,25.4,80.8
2026-07-17 22:48:01,25.4,80.8
2026-07-17 22:48:21,25.4,80.7
2026-07-17 22:48:41,25.4,80.7
2026-07-17 22:49:01,25.4,80.8
2026-07-17 22:49:21,25.4,80.8
2026-07-17 22:49:41,25.4,80.8
2026-07-17 22:50:01,25.4,80.8
2026-07-17 22:50:22,25.4,80.7
2026-07-17 22:50:41,25.4,80.7
2026-07-17 22:51:01,25.4,80.7
2026-07-17 22:51:21,25.4,80.7
2026-07-17 22:51:41,25.4,80.8
2026-07-17 22:52:01,25.4,80.8
2026-07-17 22:52:21,25.4,80.9
2026-07-17 22:52:41,25.4,80.9
2026-07-17 22:53:01,25.4,80.8
2026-07-17 22:53:21,25.4,80.8
2026-07-17 22:53:41,25.4,80.8
2026-07-17 22:54:01,25.4,80.8
2026-07-17 22:54:21,25.4,80.7
2026-07-17 22:54:42,25.4,80.8
2026-07-17 22:55:01,25.4,80.7
2026-07-17 22:55:21,25.4,80.7
2026-07-17 22:55:41,25.4,80.7
2026-07-17 22:56:01,25.4,80.8
2026-07-17 22:56:21,25.4,80.8
2026-07-17 22:56:41,25.4,80.9
2026-07-17 22:57:01,25.4,80.8
2026-07-17 22:57:21,25.4,80.8
2026-07-17 22:57:41,25.4,80.9
2026-07-17 22:58:01,25.4,80.9
2026-07-17 22:58:21,25.4,80.9
2026-07-17 22:58:41,25.4,80.8
2026-07-17 22:59:01,25.4,80.8
2026-07-17 22:59:21,25.4,80.9
2026-07-17 22:59:41,25.4,80.8
2026-07-17 23:00:02,25.4,80.9
2026-07-17 23:00:22,25.4,80.8
2026-07-17 23:00:42,25.4,80.8
2026-07-17 23:01:02,25.4,80.8
2026-07-17 23:01:22,25.4,80.8
2026-07-17 23:01:42,25.4,80.7
2026-07-17 23:02:02,25.4,80.8
2026-07-17 23:02:22,25.4,80.7
2026-07-17 23:02:42,25.4,80.7
2026-07-17 23:03:02,25.4,80.7
2026-07-17 23:03:22,25.4,80.7
2026-07-17 23:03:42,25.4,80.7
2026-07-17 23:04:02,25.4,80.8
2026-07-17 23:04:22,25.4,80.8
2026-07-17 23:04:42,25.4,80.8
2026-07-17 23:05:02,25.4,80.8
2026-07-17 23:05:22,25.3,80.7
2026-07-17 23:05:42,25.4,80.8
2026-07-17 23:06:02,25.4,80.7
2026-07-17 23:06:22,25.4,80.7
2026-07-17 23:06:42,25.4,80.8
2026-07-17 23:07:02,25.3,80.9
2026-07-17 23:07:22,25.3,80.9
2026-07-17 23:07:42,25.3,80.9
2026-07-17 23:08:02,25.3,80.9
2026-07-17 23:08:22,25.3,81.0
2026-07-17 23:08:42,25.3,81.1
2026-07-17 23:09:02,25.3,81.0
2026-07-17 23:09:22,25.3,81.1
2026-07-17 23:09:42,25.3,81.1
2026-07-17 23:10:02,25.3,81.0
2026-07-17 23:10:22,25.3,81.0
2026-07-17 23:10:42,25.3,81.1
2026-07-17 23:11:02,25.3,81.1
2026-07-17 23:11:22,25.3,81.1
2026-07-17 23:11:42,25.3,81.0
2026-07-17 23:12:02,25.3,81.0
2026-07-17 23:12:22,25.3,80.9
2026-07-17 23:12:49,25.3,80.9
2026-07-17 23:13:02,25.3,81.0
2026-07-17 23:13:22,25.3,81.0
2026-07-17 23:13:42,25.3,81.1
2026-07-17 23:14:02,25.3,80.9
2026-07-17 23:14:22,25.3,80.9
2026-07-17 23:14:42,25.3,80.8
2026-07-17 23:15:02,25.3,80.9
2026-07-17 23:15:22,25.3,80.9
2026-07-17 23:15:42,25.3,80.9
2026-07-17 23:16:02,25.3,80.9
2026-07-17 23:16:22,25.3,80.9
2026-07-17 23:16:42,25.3,81.0
2026-07-17 23:17:02,25.3,81.1
2026-07-17 23:17:22,25.3,81.0
2026-07-17 23:17:42,25.3,
2026-07-17 23:17:43,,81.0
2026-07-17 23:18:03,25.3,80.9
2026-07-17 23:18:23,25.3,81.0
2026-07-17 23:18:43,25.3,81.0
2026-07-17 23:19:03,25.3,80.9
2026-07-17 23:19:23,25.3,80.9
2026-07-17 23:19:43,25.2,80.9
2026-07-17 23:20:03,25.3,80.9
2026-07-17 23:20:23,25.2,80.9
2026-07-17 23:20:43,25.3,80.8
2026-07-17 23:21:03,25.3,80.9
2026-07-17 23:21:23,25.2,80.8
2026-07-17 23:21:43,25.3,80.9
2026-07-17 23:22:03,25.2,80.9
2026-07-17 23:22:23,25.2,80.9
2026-07-17 23:22:43,25.2,80.9
2026-07-17 23:23:03,25.2,80.9
2026-07-17 23:23:23,25.2,80.9
2026-07-17 23:23:43,25.2,80.8
2026-07-17 23:24:03,25.2,80.7
2026-07-17 23:24:23,25.2,80.9
2026-07-17 23:24:43,25.3,80.9
2026-07-17 23:25:03,25.3,80.8
2026-07-17 23:25:23,25.3,80.7
2026-07-17 23:25:43,25.3,80.7
2026-07-17 23:26:03,25.3,80.6
2026-07-17 23:26:23,25.3,80.7
2026-07-17 23:26:43,25.3,80.6
2026-07-17 23:27:03,25.3,80.6
2026-07-17 23:27:23,25.3,80.5
2026-07-17 23:27:43,25.3,80.6
2026-07-17 23:28:03,25.3,80.5
2026-07-17 23:28:23,25.3,80.6
2026-07-17 23:28:43,25.3,80.5
2026-07-17 23:29:03,25.3,80.6
2026-07-17 23:29:23,25.2,80.7
2026-07-17 23:29:43,25.3,80.8
2026-07-17 23:30:03,25.2,80.9
2026-07-17 23:30:23,25.3,81.0
2026-07-17 23:30:43,25.2,81.0
2026-07-17 23:31:03,25.3,80.8
2026-07-17 23:31:23,25.3,80.8
2026-07-17 23:31:43,25.3,80.7
2026-07-17 23:32:03,25.2,80.7
2026-07-17 23:32:23,25.2,80.7
2026-07-17 23:32:43,25.2,80.7
2026-07-17 23:33:03,25.2,80.6
2026-07-17 23:33:23,25.2,80.6
2026-07-17 23:33:43,25.2,80.5
2026-07-17 23:34:03,25.2,80.6
2026-07-17 23:34:23,25.2,80.5
2026-07-17 23:34:43,25.2,80.6
2026-07-17 23:35:03,25.2,80.7
2026-07-17 23:35:24,25.2,80.7
2026-07-17 23:35:44,25.2,80.8
2026-07-17 23:36:04,25.2,80.9
2026-07-17 23:36:24,25.2,80.9
2026-07-17 23:36:44,25.2,80.9
2026-07-17 23:37:04,25.2,80.9
2026-07-17 23:37:24,25.2,80.9
2026-07-17 23:37:44,25.2,80.8
2026-07-17 23:38:04,25.2,80.8
2026-07-17 23:38:24,25.2,80.8
2026-07-17 23:38:44,25.2,80.9
2026-07-17 23:39:04,25.2,81.0
2026-07-17 23:39:24,25.2,81.1
2026-07-17 23:39:44,25.2,81.0
2026-07-17 23:40:04,25.2,80.9
2026-07-17 23:40:24,25.2,80.7
2026-07-17 23:40:44,25.2,80.7
2026-07-17 23:41:04,25.2,80.8
2026-07-17 23:41:24,25.2,80.8
2026-07-17 23:41:44,25.2,80.9
2026-07-17 23:42:04,25.2,81.0
2026-07-17 23:42:24,25.2,80.9
2026-07-17 23:42:44,25.2,80.9
2026-07-17 23:43:04,25.2,81.0
2026-07-17 23:43:24,25.2,81.0
2026-07-17 23:43:44,25.2,80.9
2026-07-17 23:44:04,25.2,80.8
2026-07-17 23:44:24,25.2,80.8
2026-07-17 23:44:44,25.2,80.8
2026-07-17 23:45:04,25.2,80.8
2026-07-17 23:45:24,25.2,80.8
2026-07-17 23:45:44,25.2,80.7
2026-07-17 23:46:04,25.2,80.7
2026-07-17 23:46:24,25.2,80.7
2026-07-17 23:46:44,25.2,80.7
2026-07-17 23:47:04,25.2,80.6
2026-07-17 23:47:24,25.2,80.6
2026-07-17 23:47:45,25.2,80.6
2026-07-17 23:48:04,25.2,80.6
2026-07-17 23:48:24,25.2,80.6
2026-07-17 23:48:44,25.2,80.8
2026-07-17 23:49:04,25.2,80.7
2026-07-17 23:49:25,25.2,80.7
2026-07-17 23:49:44,25.2,80.6
2026-07-17 23:50:04,25.2,80.6
2026-07-17 23:50:24,25.2,80.6
2026-07-17 23:50:44,25.2,80.6
2026-07-17 23:51:04,25.2,80.7
2026-07-17 23:51:24,25.2,80.6
2026-07-17 23:51:44,25.2,80.7
2026-07-17 23:52:04,25.2,80.7
2026-07-17 23:52:24,25.2,80.6
2026-07-17 23:52:44,25.2,80.6
2026-07-17 23:53:05,25.2,80.6
2026-07-17 23:53:25,25.2,80.5
2026-07-17 23:53:45,25.2,80.6
2026-07-17 23:54:05,25.2,80.6
2026-07-17 23:54:25,25.2,80.6
2026-07-17 23:54:45,25.2,80.6
2026-07-17 23:55:05,25.2,80.6
2026-07-17 23:55:25,25.2,80.6
2026-07-17 23:55:45,25.2,80.5
2026-07-17 23:56:05,25.2,80.7
2026-07-17 23:56:25,25.2,80.6
2026-07-17 23:56:45,25.2,80.6
2026-07-17 23:57:05,25.2,80.6
2026-07-17 23:57:25,25.2,80.6
2026-07-17 23:57:45,25.2,80.7
2026-07-17 23:58:05,25.2,80.6
2026-07-17 23:58:25,25.2,80.6
2026-07-17 23:58:45,25.2,80.7
2026-07-17 23:59:05,25.2,80.7
2026-07-17 23:59:25,25.2,80.8
2026-07-17 23:59:45,25.2,80.8
2026-07-18 00:00:05,25.2,80.8
2026-07-18 00:00:25,25.2,80.8
2026-07-18 00:00:45,25.1,80.8
2026-07-18 00:01:05,25.1,80.7
2026-07-18 00:01:25,25.2,80.7
2026-07-18 00:01:45,25.1,80.7
2026-07-18 00:02:05,25.2,80.7
2026-07-18 00:02:25,25.2,80.6
2026-07-18 00:02:45,25.2,80.6
2026-07-18 00:03:05,25.2,80.7
2026-07-18 00:03:25,25.2,80.7
2026-07-18 00:03:45,25.2,80.7
2026-07-18 00:04:05,25.2,80.6
2026-07-18 00:04:25,25.2,80.7
2026-07-18 00:04:45,25.2,80.6
2026-07-18 00:05:05,25.2,80.6
2026-07-18 00:05:25,25.1,80.7
2026-07-18 00:05:45,25.1,80.8
2026-07-18 00:06:05,25.1,80.8
2026-07-18 00:06:25,25.1,80.7
2026-07-18 00:06:46,25.1,80.8
2026-07-18 00:07:05,25.1,80.8
2026-07-18 00:07:25,25.1,80.8
2026-07-18 00:07:45,25.1,80.8
2026-07-18 00:08:05,25.1,80.8
2026-07-18 00:08:25,25.1,80.8
2026-07-18 00:08:45,25.1,80.8
2026-07-18 00:09:05,25.1,80.8
2026-07-18 00:09:26,25.1,80.8
2026-07-18 00:09:45,25.1,80.8
2026-07-18 00:10:06,25.1,80.8
2026-07-18 00:10:26,25.1,80.8
2026-07-18 00:10:46,25.1,80.7
2026-07-18 00:11:06,25.1,80.6
2026-07-18 00:11:26,25.1,80.8
2026-07-18 00:11:46,25.1,80.8
2026-07-18 00:12:46,25.1,80.9
2026-07-18 00:13:06,25.1,80.9
2026-07-18 00:13:26,25.1,80.9
2026-07-18 00:13:46,25.1,80.9
2026-07-18 00:14:06,25.1,80.9
2026-07-18 00:14:26,25.1,80.9
2026-07-18 00:14:46,25.1,80.9
2026-07-18 00:15:06,25.1,80.9
2026-07-18 00:15:26,25.1,81.0
2026-07-18 00:15:46,25.1,81.0
2026-07-18 00:16:06,25.1,81.0
2026-07-18 00:16:26,25.1,81.0
2026-07-18 00:16:46,25.1,80.9
2026-07-18 00:17:06,25.1,80.9
2026-07-18 00:17:26,25.1,81.0
2026-07-18 00:17:46,25.1,81.0
2026-07-18 00:18:06,25.1,80.9
2026-07-18 00:18:26,25.1,80.9
2026-07-18 00:18:46,25.1,80.9
2026-07-18 00:19:06,25.1,80.9
2026-07-18 00:19:26,25.1,80.9
2026-07-18 00:19:46,25.1,80.9
2026-07-18 00:20:06,25.1,80.8
2026-07-18 00:20:26,25.1,80.9
2026-07-18 00:20:46,25.1,80.9
2026-07-18 00:21:06,25.1,81.0
2026-07-18 00:21:26,25.1,81.0
2026-07-18 00:21:46,25.1,81.0
2026-07-18 00:22:06,25.1,81.0
2026-07-18 00:22:26,25.1,81.0
2026-07-18 00:22:46,25.1,81.0
2026-07-18 00:23:06,25.1,81.0
2026-07-18 00:23:26,25.1,81.0
2026-07-18 00:23:46,25.1,80.9
2026-07-18 00:24:06,25.1,80.9
2026-07-18 00:24:26,25.1,80.9
2026-07-18 00:24:46,25.1,80.9
2026-07-18 00:25:06,25.1,81.1
2026-07-18 00:25:26,25.2,81.0
2026-07-18 00:25:46,25.2,81.1
2026-07-18 00:26:06,25.1,81.1
2026-07-18 00:26:26,25.1,81.1
2026-07-18 00:26:47,25.1,81.1
2026-07-18 00:27:07,25.2,81.1
2026-07-18 00:27:27,25.2,81.1
2026-07-18 00:27:47,25.2,81.0
2026-07-18 00:28:07,25.1,81.1
2026-07-18 00:28:27,25.2,81.1
2026-07-18 00:28:47,25.1,81.1
2026-07-18 00:29:07,25.1,81.2
2026-07-18 00:29:27,25.1,81.3
2026-07-18 00:29:47,25.1,81.3
2026-07-18 00:30:07,25.1,81.3
2026-07-18 00:30:27,25.1,81.4
2026-07-18 00:30:47,25.1,81.3
2026-07-18 00:31:07,25.1,81.3
2026-07-18 00:31:27,25.1,81.3
2026-07-18 00:31:47,25.1,81.3
2026-07-18 00:32:07,25.1,81.4
2026-07-18 00:32:27,25.1,81.4
2026-07-18 00:32:47,25.1,81.4
2026-07-18 00:33:07,25.1,81.4
2026-07-18 00:33:27,25.1,81.4
2026-07-18 00:33:47,25.1,81.4
2026-07-18 00:34:07,25.1,81.4
2026-07-18 00:34:27,25.1,81.4
2026-07-18 00:34:47,25.1,81.5
2026-07-18 00:35:07,25.1,81.5
2026-07-18 00:35:27,25.1,81.6
2026-07-18 00:35:47,25.1,81.6
2026-07-18 00:36:07,25.1,81.6
2026-07-18 00:36:27,25.1,81.6
2026-07-18 00:36:47,25.1,81.6
2026-07-18 00:37:07,25.1,81.6
2026-07-18 00:37:27,25.1,81.6
2026-07-18 00:37:47,25.1,81.6
2026-07-18 00:38:07,25.1,81.6
2026-07-18 00:38:27,25.1,81.7
2026-07-18 00:38:47,25.1,81.7
2026-07-18 00:39:07,25.1,81.7
2026-07-18 00:39:27,25.1,81.6
2026-07-18 00:39:48,25.1,81.4
2026-07-18 00:40:07,25.1,81.5
2026-07-18 00:40:27,25.0,81.7
2026-07-18 00:40:47,25.0,81.7
2026-07-18 00:41:07,25.0,81.7
2026-07-18 00:41:27,25.0,81.7
2026-07-18 00:41:47,25.0,81.8
2026-07-18 00:42:07,25.0,81.9
2026-07-18 00:42:27,25.0,81.9
2026-07-18 00:42:47,25.0,81.9
2026-07-18 00:43:08,25.0,81.9
2026-07-18 00:43:27,25.0,81.9
2026-07-18 00:43:48,25.0,81.9
2026-07-18 00:44:08,25.0,81.8
2026-07-18 00:44:28,25.0,81.9
2026-07-18 00:44:48,25.0,81.8
2026-07-18 00:45:08,25.0,81.9
2026-07-18 00:45:28,25.0,81.9
2026-07-18 00:45:48,25.0,82.0
2026-07-18 00:46:08,25.0,82.0
2026-07-18 00:46:28,24.9,82.1
2026-07-18 00:46:48,25.0,82.1
2026-07-18 00:47:08,25.0,82.0
2026-07-18 00:47:28,25.0,82.0
2026-07-18 00:47:48,25.0,82.0
2026-07-18 00:48:08,25.0,82.1
2026-07-18 00:48:28,25.0,82.1
2026-07-18 00:48:48,25.0,82.1
2026-07-18 00:49:08,25.0,82.1
2026-07-18 00:49:28,25.0,82.0
2026-07-18 00:49:48,25.0,82.0
2026-07-18 00:50:08,25.0,81.9
2026-07-18 00:50:28,25.0,81.9
2026-07-18 00:50:48,25.0,81.9
2026-07-18 00:51:08,25.0,81.8
2026-07-18 00:51:28,25.0,81.9
2026-07-18 00:51:48,25.0,82.0
2026-07-18 00:52:08,25.0,81.9
2026-07-18 00:52:28,25.0,81.9
2026-07-18 00:52:48,25.0,82.0
2026-07-18 00:53:08,25.0,82.1
2026-07-18 00:53:28,25.0,82.1
2026-07-18 00:53:48,25.0,82.0
2026-07-18 00:54:08,25.0,82.1
2026-07-18 00:54:28,25.0,82.1
2026-07-18 00:54:48,25.0,82.2
2026-07-18 00:55:08,25.0,82.2
2026-07-18 00:55:28,24.9,82.2
2026-07-18 00:55:48,25.0,82.2
2026-07-18 00:56:08,25.0,82.2
2026-07-18 00:56:28,24.9,82.3
2026-07-18 00:56:48,25.0,82.3
2026-07-18 00:57:08,25.0,82.4
2026-07-18 00:57:28,25.0,82.3
2026-07-18 00:57:48,25.0,82.3
2026-07-18 00:58:08,24.9,82.3
2026-07-18 00:58:28,25.0,82.3
2026-07-18 00:58:48,25.0,82.4
2026-07-18 00:59:08,25.0,82.4
2026-07-18 00:59:28,25.0,82.4
2026-07-18 00:59:48,25.0,82.4
2026-07-18 01:00:08,25.0,82.4
2026-07-18 01:00:29,25.0,82.5
2026-07-18 01:00:48,25.0,82.4
2026-07-18 01:01:09,25.0,82.4
2026-07-18 01:01:29,25.0,82.4
2026-07-18 01:01:49,25.0,82.5
2026-07-18 01:02:09,25.0,82.5
2026-07-18 01:02:29,25.0,82.5
2026-07-18 01:02:49,25.0,82.5
2026-07-18 01:03:09,25.0,82.4
2026-07-18 01:03:29,25.0,82.4
2026-07-18 01:03:49,25.0,82.5
2026-07-18 01:04:09,25.0,82.4
2026-07-18 01:04:29,24.9,82.5
2026-07-18 01:04:49,24.9,82.5
2026-07-18 01:05:09,24.9,82.6
2026-07-18 01:05:29,25.0,82.6
2026-07-18 01:05:49,24.9,82.5
2026-07-18 01:06:09,25.0,82.4
2026-07-18 01:06:29,24.9,82.4
2026-07-18 01:06:49,24.9,82.5
2026-07-18 01:07:09,24.9,82.5
2026-07-18 01:07:29,24.9,82.5
2026-07-18 01:07:49,24.9,82.4
2026-07-18 01:08:09,24.9,82.5
2026-07-18 01:08:29,24.9,82.5
2026-07-18 01:08:49,24.9,82.6
2026-07-18 01:09:09,24.9,
2026-07-18 01:09:10,,82.7
2026-07-18 01:09:29,24.9,82.6
2026-07-18 01:09:49,24.9,82.7
2026-07-18 01:10:09,24.9,82.7
2026-07-18 01:10:29,24.9,82.7
2026-07-18 01:10:49,24.9,82.8
2026-07-18 01:11:09,24.9,82.9
2026-07-18 01:11:29,24.9,83.0
2026-07-18 01:11:49,24.9,83.0
2026-07-18 01:12:09,24.9,82.8
2026-07-18 01:12:29,24.9,82.8
2026-07-18 01:12:49,24.9,82.8
2026-07-18 01:13:09,24.9,82.7
2026-07-18 01:13:30,24.9,82.8
2026-07-18 01:13:49,24.9,82.7
2026-07-18 01:14:09,24.9,82.7
2026-07-18 01:14:29,24.9,82.8
2026-07-18 01:14:49,24.9,82.8
2026-07-18 01:15:09,24.8,82.8
2026-07-18 01:15:29,24.8,82.8
2026-07-18 01:15:49,24.8,82.8
2026-07-18 01:16:09,24.8,82.9
2026-07-18 01:16:29,24.8,82.8
2026-07-18 01:16:49,24.8,82.8
2026-07-18 01:17:09,24.8,82.9
2026-07-18 01:17:29,24.8,82.8
2026-07-18 01:17:51,24.8,82.7
2026-07-18 01:18:09,24.8,82.7
2026-07-18 01:18:30,24.8,82.7
2026-07-18 01:18:50,24.8,82.7
2026-07-18 01:19:09,24.8,82.7
2026-07-18 01:19:30,24.8,82.7
2026-07-18 01:19:50,24.8,82.8
2026-07-18 01:20:10,24.8,82.8
2026-07-18 01:20:30,24.8,82.8
2026-07-18 01:20:50,24.8,82.8
2026-07-18 01:21:10,24.8,82.8
2026-07-18 01:21:30,24.8,82.8
2026-07-18 01:21:50,24.8,82.8
2026-07-18 01:22:10,24.8,82.9
2026-07-18 01:22:30,24.8,82.9
2026-07-18 01:22:50,24.8,82.9
2026-07-18 01:23:10,24.8,82.9
2026-07-18 01:23:30,24.8,82.9
2026-07-18 01:23:50,24.8,82.9
2026-07-18 01:24:10,24.8,82.9
2026-07-18 01:24:30,24.8,82.9
2026-07-18 01:24:50,24.8,82.9
2026-07-18 01:25:10,24.8,82.8
2026-07-18 01:25:30,24.8,82.9
2026-07-18 01:25:50,24.8,82.8
2026-07-18 01:26:10,24.8,82.9
2026-07-18 01:26:30,24.8,82.9
2026-07-18 01:26:50,24.8,83.0
2026-07-18 01:27:10,24.8,82.9
2026-07-18 01:27:30,24.8,82.9
2026-07-18 01:27:50,24.8,82.9
2026-07-18 01:28:10,24.8,82.8
2026-07-18 01:28:30,24.8,82.9
2026-07-18 01:28:50,24.8,82.9
2026-07-18 01:29:10,24.8,82.9
2026-07-18 01:29:30,24.8,82.9
2026-07-18 01:29:50,24.8,83.0
2026-07-18 01:30:10,24.8,83.0
2026-07-18 01:30:30,24.8,83.0
2026-07-18 01:30:50,24.8,83.0
2026-07-18 01:31:10,24.8,83.0
2026-07-18 01:31:30,24.8,83.0
2026-07-18 01:31:50,24.8,83.0
2026-07-18 01:32:10,24.8,83.0
2026-07-18 01:32:30,24.8,83.0
2026-07-18 01:32:50,24.8,82.9
2026-07-18 01:33:10,24.8,82.9
2026-07-18 01:33:30,24.8,82.9
2026-07-18 01:33:50,24.8,82.9
2026-07-18 01:34:10,24.8,82.9
2026-07-18 01:34:30,24.8,83.0
2026-07-18 01:34:50,24.8,83.0
2026-07-18 01:35:10,24.8,83.1
2026-07-18 01:35:30,24.8,83.0
2026-07-18 01:35:51,24.8,82.9
2026-07-18 01:36:11,24.8,83.0
2026-07-18 01:36:30,24.8,83.0
2026-07-18 01:36:51,24.7,83.0
2026-07-18 01:37:11,24.8,83.0
2026-07-18 01:37:31,24.8,83.1
2026-07-18 01:37:51,24.7,83.0
2026-07-18 01:38:11,24.7,83.1
2026-07-18 01:38:31,24.7,83.1
2026-07-18 01:38:51,24.7,83.1
2026-07-18 01:39:11,24.7,83.2
2026-07-18 01:39:31,24.8,83.2
2026-07-18 01:39:51,24.7,83.0
2026-07-18 01:40:11,24.8,83.0
2026-07-18 01:40:31,24.8,83.0
2026-07-18 01:40:51,24.7,82.9
2026-07-18 01:41:11,24.8,82.9
2026-07-18 01:41:31,24.7,82.9
2026-07-18 01:41:51,24.7,82.9
2026-07-18 01:42:11,24.7,83.0
2026-07-18 01:42:31,24.7,82.9
2026-07-18 01:42:51,24.7,83.0
2026-07-18 01:43:11,24.7,83.0
2026-07-18 01:43:31,24.7,83.0
2026-07-18 01:43:51,24.7,83.0
2026-07-18 01:44:11,24.7,82.9
2026-07-18 01:44:31,24.8,83.0
2026-07-18 01:44:51,24.7,82.9
2026-07-18 01:45:11,24.8,82.8
2026-07-18 01:45:31,24.8,82.8
2026-07-18 01:45:51,24.8,82.7
2026-07-18 01:46:11,24.8,82.8
2026-07-18 01:46:31,24.8,82.7
2026-07-18 01:46:51,24.7,82.7
2026-07-18 01:47:11,24.8,82.7
2026-07-18 01:47:31,24.7,82.6
2026-07-18 01:47:51,24.7,82.6
2026-07-18 01:48:11,24.7,82.6
2026-07-18 01:48:31,24.7,82.7
2026-07-18 01:48:51,24.7,82.8
2026-07-18 01:49:11,24.7,82.8
2026-07-18 01:49:31,24.7,82.8
2026-07-18 01:49:51,24.7,82.8
2026-07-18 01:50:11,24.7,82.9
2026-07-18 01:50:31,24.7,82.9
2026-07-18 01:50:51,24.7,82.9
2026-07-18 01:51:11,24.7,82.9
2026-07-18 01:51:31,24.7,82.9
2026-07-18 01:51:51,24.7,83.0
2026-07-18 01:52:11,24.7,82.9
2026-07-18 01:52:31,24.7,83.0
2026-07-18 01:52:51,24.7,83.0
2026-07-18 01:53:11,24.7,82.9
2026-07-18 01:53:32,24.6,82.8
2026-07-18 01:53:51,24.6,82.8
2026-07-18 01:54:12,24.6,82.9
2026-07-18 01:54:32,24.6,82.9
2026-07-18 01:54:52,24.6,82.9
2026-07-18 01:55:12,24.6,82.8
2026-07-18 01:55:32,24.7,82.9
2026-07-18 01:55:52,24.6,82.8
2026-07-18 01:56:12,24.6,82.8
2026-07-18 01:56:32,24.6,82.8
2026-07-18 01:56:52,24.6,82.8
2026-07-18 01:57:12,24.6,82.8
2026-07-18 01:57:32,24.6,82.9
2026-07-18 01:57:52,24.6,82.8
2026-07-18 01:58:12,24.6,82.8
2026-07-18 01:58:32,24.6,82.8
2026-07-18 01:58:52,24.6,82.8
2026-07-18 01:59:12,24.6,82.8
2026-07-18 01:59:32,24.6,82.7
2026-07-18 01:59:52,24.6,82.7
2026-07-18 02:00:12,24.6,82.7
2026-07-18 02:00:32,24.6,82.7
2026-07-18 02:00:52,24.6,82.7
2026-07-18 02:01:12,24.6,82.7
2026-07-18 02:01:32,24.6,82.8
2026-07-18 02:01:52,24.6,82.8
2026-07-18 02:02:12,24.6,82.8
2026-07-18 02:02:32,24.6,82.8
2026-07-18 02:02:52,24.6,82.8
2026-07-18 02:03:12,24.6,82.8
2026-07-18 02:03:32,24.6,82.8
2026-07-18 02:03:52,24.6,82.8
2026-07-18 02:04:12,24.6,82.7
2026-07-18 02:04:32,24.6,82.6
2026-07-18 02:04:52,24.6,82.7
2026-07-18 02:05:12,24.6,82.7
2026-07-18 02:05:32,24.6,82.7
2026-07-18 02:05:52,24.6,82.7
2026-07-18 02:06:12,24.6,82.7
2026-07-18 02:06:32,24.6,82.7
2026-07-18 02:06:52,24.6,82.7
2026-07-18 02:07:12,24.6,82.7
2026-07-18 02:07:32,24.6,82.8
2026-07-18 02:07:52,24.6,82.7
2026-07-18 02:08:12,24.6,82.6
2026-07-18 02:08:32,24.6,82.6
2026-07-18 02:08:52,24.5,82.6
2026-07-18 02:09:12,24.6,82.6
2026-07-18 02:09:32,24.5,82.6
2026-07-18 02:09:52,24.6,82.6
2026-07-18 02:10:12,24.6,82.6
2026-07-18 02:10:33,24.5,82.5
2026-07-18 02:10:53,24.6,82.6
2026-07-18 02:11:12,24.6,82.6
2026-07-18 02:11:33,24.6,82.6
2026-07-18 02:11:53,24.6,82.6
2026-07-18 02:12:13,24.5,82.6
2026-07-18 02:12:33,24.5,82.6
2026-07-18 02:12:53,24.6,82.5
2026-07-18 02:13:13,24.6,82.5
2026-07-18 02:13:33,24.5,82.5
2026-07-18 02:13:53,24.5,82.5
2026-07-18 02:14:13,24.5,82.5
2026-07-18 02:14:33,24.5,82.5
2026-07-18 02:14:53,24.5,82.4
2026-07-18 02:15:13,24.5,82.4
2026-07-18 02:15:33,24.5,82.5
2026-07-18 02:15:53,24.5,82.5
2026-07-18 02:16:13,24.5,82.5
2026-07-18 02:16:33,24.5,82.5
2026-07-18 02:16:53,24.5,82.4
2026-07-18 02:17:13,24.5,82.4
2026-07-18 02:17:33,24.5,82.5
2026-07-18 02:17:53,24.5,82.5
2026-07-18 02:18:13,24.5,82.4
2026-07-18 02:18:33,24.5,82.5
2026-07-18 02:18:53,24.5,82.5
2026-07-18 02:19:13,24.5,82.5
2026-07-18 02:19:33,24.5,82.5
2026-07-18 02:19:53,24.5,82.5
2026-07-18 02:20:13,24.5,82.4
2026-07-18 02:20:33,24.5,82.5
2026-07-18 02:20:53,24.5,82.5
2026-07-18 02:21:13,24.6,82.4
2026-07-18 02:21:33,24.5,82.4
2026-07-18 02:21:53,24.6,82.4
2026-07-18 02:22:13,24.5,82.5
2026-07-18 02:22:33,24.6,82.4
2026-07-18 02:22:53,24.5,82.3
2026-07-18 02:23:13,24.5,82.4
2026-07-18 02:23:33,24.5,82.4
2026-07-18 02:23:53,24.6,82.4
2026-07-18 02:24:13,24.6,82.4
2026-07-18 02:24:33,24.5,82.3
2026-07-18 02:24:53,24.5,82.4
2026-07-18 02:25:13,24.5,82.3
2026-07-18 02:25:33,24.5,82.3
2026-07-18 02:25:53,24.5,82.3
2026-07-18 02:26:13,24.5,82.4
2026-07-18 02:26:33,24.5,82.4
2026-07-18 02:26:53,24.5,82.4
2026-07-18 02:27:13,24.5,82.4
2026-07-18 02:27:33,24.5,82.4
2026-07-18 02:27:53,24.5,82.5
2026-07-18 02:28:14,24.5,82.3
2026-07-18 02:28:33,24.5,82.2
2026-07-18 02:28:54,24.5,82.3
2026-07-18 02:29:13,24.5,82.3
2026-07-18 02:29:34,24.5,82.2
2026-07-18 02:29:54,24.5,82.3
2026-07-18 02:30:14,24.5,82.3
2026-07-18 02:30:34,24.5,82.2
2026-07-18 02:30:54,24.5,82.2
2026-07-18 02:31:14,24.5,82.3
2026-07-18 02:31:34,24.5,82.2
2026-07-18 02:31:54,24.5,82.2
2026-07-18 02:32:14,24.5,82.3
2026-07-18 02:32:34,24.5,82.2
2026-07-18 02:32:54,24.5,82.3
2026-07-18 02:33:14,24.5,82.2
2026-07-18 02:33:34,24.5,82.2
2026-07-18 02:33:54,24.5,82.2
2026-07-18 02:34:14,24.5,82.2
2026-07-18 02:34:34,24.5,82.2
2026-07-18 02:34:54,24.5,82.2
2026-07-18 02:35:14,24.5,82.2
2026-07-18 02:35:34,24.5,82.2
2026-07-18 02:35:54,24.5,82.3
2026-07-18 02:36:14,24.4,82.2
2026-07-18 02:36:34,24.4,82.2
2026-07-18 02:36:54,24.4,82.2
2026-07-18 02:37:14,24.4,82.2
2026-07-18 02:37:34,24.5,82.2
2026-07-18 02:37:54,24.5,82.2
2026-07-18 02:38:14,24.5,82.2
2026-07-18 02:38:34,24.4,82.1
2026-07-18 02:38:54,24.4,82.1
2026-07-18 02:39:14,24.5,82.1
2026-07-18 02:39:34,24.5,82.1
2026-07-18 02:39:54,24.5,82.1
2026-07-18 02:40:14,24.5,82.1
2026-07-18 02:40:34,24.5,82.1
2026-07-18 02:40:54,24.5,82.1
2026-07-18 02:41:14,24.5,82.1
2026-07-18 02:41:34,24.5,82.1
2026-07-18 02:41:54,24.5,82.0
2026-07-18 02:42:14,24.5,82.0
2026-07-18 02:42:34,24.5,81.9
2026-07-18 02:42:54,24.5,81.9
2026-07-18 02:43:14,24.5,81.9
2026-07-18 02:43:34,24.5,81.9
2026-07-18 02:43:54,24.5,81.9
2026-07-18 02:44:14,24.5,82.0
2026-07-18 02:44:34,24.4,81.9
2026-07-18 02:44:54,24.4,81.9
2026-07-18 02:45:14,24.5,81.9
2026-07-18 02:45:34,24.4,81.9
2026-07-18 02:45:54,24.4,81.9
2026-07-18 02:46:15,24.4,81.9
2026-07-18 02:46:35,24.4,81.9
2026-07-18 02:46:55,24.4,81.9
2026-07-18 02:47:15,24.4,81.9
2026-07-18 02:47:35,24.4,81.9
2026-07-18 02:47:55,24.4,82.0
2026-07-18 02:48:15,24.4,81.9
2026-07-18 02:48:35,24.4,81.9
2026-07-18 02:48:55,24.4,81.9
2026-07-18 02:49:15,24.4,81.8
2026-07-18 02:49:35,24.4,81.8
2026-07-18 02:49:55,24.4,81.8
2026-07-18 02:50:15,24.4,81.8
2026-07-18 02:50:35,24.4,81.8
2026-07-18 02:50:55,24.4,81.8
2026-07-18 02:51:15,24.4,81.7
2026-07-18 02:51:35,24.4,81.8
2026-07-18 02:51:55,24.4,81.8
2026-07-18 02:52:15,24.4,81.7
2026-07-18 02:52:35,24.4,81.8
2026-07-18 02:52:55,24.4,81.7
2026-07-18 02:53:15,24.4,81.7
2026-07-18 02:53:35,24.4,81.7
2026-07-18 02:53:55,24.4,81.7
2026-07-18 02:54:15,24.4,81.7
2026-07-18 02:54:35,24.4,81.7
2026-07-18 02:54:55,24.4,81.7
2026-07-18 02:55:15,24.4,81.7
2026-07-18 02:55:35,24.4,81.7
2026-07-18 02:55:55,24.4,81.7
2026-07-18 02:56:15,24.4,81.7
2026-07-18 02:56:35,24.4,81.7
2026-07-18 02:56:55,24.3,81.6
2026-07-18 02:57:15,24.3,81.7
2026-07-18 02:57:35,24.3,81.7
2026-07-18 02:57:55,24.4,81.8
2026-07-18 02:58:15,24.3,81.8
2026-07-18 02:58:36,24.4,81.7
2026-07-18 02:58:55,24.4,81.6
2026-07-18 02:59:15,24.3,81.6
2026-07-18 02:59:35,24.4,81.6
2026-07-18 02:59:55,24.3,81.6
2026-07-18 03:00:15,24.3,81.6
2026-07-18 03:00:35,24.3,81.6
2026-07-18 03:00:55,24.3,81.6
2026-07-18 03:01:15,24.3,81.6
2026-07-18 03:01:35,24.4,81.5
2026-07-18 03:01:55,24.3,81.5
2026-07-18 03:02:16,24.3,81.5
2026-07-18 03:02:35,24.3,81.4
2026-07-18 03:02:56,24.3,81.4
2026-07-18 03:03:16,24.3,81.4
2026-07-18 03:03:36,24.4,81.4
2026-07-18 03:03:56,24.4,81.5
2026-07-18 03:04:16,24.4,81.4
2026-07-18 03:04:36,24.4,81.4
2026-07-18 03:04:56,24.4,81.3
2026-07-18 03:05:16,24.4,81.2
2026-07-18 03:05:36,24.3,81.2
2026-07-18 03:05:56,24.3,81.2
2026-07-18 03:06:16,24.3,81.3
2026-07-18 03:06:36,24.3,81.3
2026-07-18 03:06:56,24.3,81.2
2026-07-18 03:07:16,24.3,81.2
2026-07-18 03:07:36,24.3,81.2
2026-07-18 03:07:56,24.3,81.3
2026-07-18 03:08:16,24.3,81.3
2026-07-18 03:08:36,24.3,81.2
2026-07-18 03:08:56,24.2,81.3
2026-07-18 03:09:16,24.3,81.3
2026-07-18 03:09:36,24.2,81.3
2026-07-18 03:09:56,24.3,81.3
2026-07-18 03:10:16,24.2,81.2
2026-07-18 03:10:36,24.2,81.3
2026-07-18 03:10:56,24.2,81.2
2026-07-18 03:11:16,24.2,81.3
2026-07-18 03:11:36,24.2,81.2
2026-07-18 03:11:56,24.2,81.2
2026-07-18 03:12:16,24.2,81.2
2026-07-18 03:12:36,24.2,81.2
2026-07-18 03:12:56,24.2,81.2
2026-07-18 03:13:16,24.2,81.2
2026-07-18 03:13:36,24.2,81.2
2026-07-18 03:13:56,24.2,81.2
2026-07-18 03:14:16,24.1,81.2
2026-07-18 03:14:36,24.1,81.3
2026-07-18 03:14:56,24.1,81.3
2026-07-18 03:15:16,24.1,81.3
2026-07-18 03:15:36,24.1,81.3
2026-07-18 03:15:56,24.1,81.3
2026-07-18 03:16:16,24.1,81.4
2026-07-18 03:16:36,24.1,81.3
2026-07-18 03:16:56,24.1,81.3
2026-07-18 03:17:16,24.1,81.3
2026-07-18 03:17:36,24.1,81.3
2026-07-18 03:17:56,24.1,81.3
2026-07-18 03:18:16,24.1,81.3
2026-07-18 03:18:37,24.1,81.2
2026-07-18 03:18:57,24.1,81.2
2026-07-18 03:19:17,24.2,81.2
2026-07-18 03:19:37,24.1,81.1
2026-07-18 03:19:57,24.1,81.0
2026-07-18 03:20:17,24.1,81.0
2026-07-18 03:20:37,24.1,81.1
2026-07-18 03:20:57,24.1,81.1
2026-07-18 03:21:17,24.1,81.0
2026-07-18 03:21:37,24.1,81.0
2026-07-18 03:21:57,24.1,81.0
2026-07-18 03:22:17,24.1,80.9
2026-07-18 03:22:37,24.1,80.9
2026-07-18 03:22:57,24.1,80.9
2026-07-18 03:23:17,24.1,80.9
2026-07-18 03:23:37,24.1,80.9
2026-07-18 03:23:57,24.1,80.8
2026-07-18 03:24:17,24.1,80.7
2026-07-18 03:24:37,24.1,80.8
2026-07-18 03:24:57,24.1,80.8
2026-07-18 03:25:17,24.1,80.7
2026-07-18 03:25:37,24.1,80.7
2026-07-18 03:25:57,24.1,80.6
2026-07-18 03:26:17,24.1,80.7
2026-07-18 03:26:37,24.1,80.6
2026-07-18 03:26:57,24.1,80.7
2026-07-18 03:27:17,24.1,80.6
2026-07-18 03:27:37,24.1,80.6
2026-07-18 03:27:57,24.1,80.6
2026-07-18 03:28:17,24.1,80.6
2026-07-18 03:28:37,24.1,80.6
2026-07-18 03:28:57,24.1,80.6
2026-07-18 03:29:17,24.1,80.6
2026-07-18 03:29:37,24.1,80.6
2026-07-18 03:29:57,24.1,80.6
2026-07-18 03:30:17,24.1,80.5
2026-07-18 03:30:37,24.1,80.4
2026-07-18 03:30:57,24.1,80.4
2026-07-18 03:31:17,24.1,80.4
2026-07-18 03:31:37,24.1,80.4
2026-07-18 03:31:57,24.1,80.4
2026-07-18 03:32:17,24.1,80.3
2026-07-18 03:32:37,24.1,80.3
2026-07-18 03:32:58,24.1,80.3
2026-07-18 03:33:17,24.1,80.3
2026-07-18 03:33:37,24.1,80.3
2026-07-18 03:33:57,24.1,80.3
2026-07-18 03:34:18,24.1,80.3
2026-07-18 03:34:38,24.1,80.3
2026-07-18 03:34:58,24.1,80.2
2026-07-18 03:35:18,24.1,80.2
2026-07-18 03:35:38,24.1,80.2
2026-07-18 03:35:58,24.1,80.2
2026-07-18 03:36:18,24.1,80.1
2026-07-18 03:36:38,24.1,80.2
2026-07-18 03:36:58,24.1,80.2
2026-07-18 03:37:18,24.1,80.1
2026-07-18 03:37:38,24.1,80.1
2026-07-18 03:37:58,24.1,80.1
2026-07-18 03:38:18,24.1,80.1
2026-07-18 03:38:38,24.1,80.0
2026-07-18 03:38:58,24.1,80.0
2026-07-18 03:39:18,24.1,80.1
2026-07-18 03:39:38,24.1,80.0
2026-07-18 03:39:58,24.1,80.0
2026-07-18 03:40:18,24.1,79.9
2026-07-18 03:40:38,24.1,79.9
2026-07-18 03:40:58,24.1,79.9
2026-07-18 03:41:18,24.1,79.9
2026-07-18 03:41:38,24.1,79.8
2026-07-18 03:41:58,24.1,79.8
2026-07-18 03:42:18,24.0,79.8
2026-07-18 03:42:38,24.1,79.9
2026-07-18 03:42:58,24.0,79.8
2026-07-18 03:43:18,24.0,79.7
2026-07-18 03:43:38,24.0,79.7
2026-07-18 03:43:58,24.0,79.7
2026-07-18 03:44:18,24.0,79.7
2026-07-18 03:44:38,24.0,79.6
2026-07-18 03:44:58,24.0,79.7
2026-07-18 03:45:18,24.0,79.7
2026-07-18 03:45:38,24.0,79.8
2026-07-18 03:45:58,24.0,79.7
2026-07-18 03:46:18,24.0,79.7
2026-07-18 03:46:38,24.0,79.7
2026-07-18 03:46:58,24.0,79.7
2026-07-18 03:47:18,24.0,79.7
2026-07-18 03:47:38,24.0,79.7
2026-07-18 03:47:58,24.0,79.7
2026-07-18 03:48:18,24.0,79.7
2026-07-18 03:48:38,24.0,79.7
2026-07-18 03:48:58,24.0,79.7
2026-07-18 03:49:18,24.0,79.6
2026-07-18 03:49:38,24.0,79.6
2026-07-18 03:49:58,24.0,79.7
2026-07-18 03:50:18,23.9,79.6
2026-07-18 03:50:39,24.0,79.6
2026-07-18 03:50:59,23.9,79.6
2026-07-18 03:51:19,24.0,79.6
2026-07-18 03:51:39,24.0,79.7
2026-07-18 03:51:59,23.9,79.6
2026-07-18 03:52:19,23.9,79.5
2026-07-18 03:52:39,23.9,79.4
2026-07-18 03:52:59,23.9,79.5
2026-07-18 03:53:19,23.9,79.5
2026-07-18 03:53:39,23.9,79.4
2026-07-18 03:53:59,23.9,79.4
2026-07-18 03:54:19,23.9,79.4
2026-07-18 03:54:39,23.9,79.4
2026-07-18 03:54:59,23.9,79.4
2026-07-18 03:55:19,23.9,79.4
2026-07-18 03:55:39,23.9,79.5
2026-07-18 03:55:59,23.9,79.4
2026-07-18 03:56:19,23.9,79.4
2026-07-18 03:56:39,23.9,79.4
2026-07-18 03:56:59,23.9,79.4
2026-07-18 03:57:19,23.9,79.4
2026-07-18 03:57:39,23.9,79.3
2026-07-18 03:57:59,23.8,79.3
2026-07-18 03:58:19,23.9,79.3
2026-07-18 03:58:39,23.9,79.3
2026-07-18 03:58:59,23.9,79.3
2026-07-18 03:59:19,23.9,79.3
2026-07-18 03:59:39,23.9,79.3
2026-07-18 03:59:59,23.9,79.1
2026-07-18 04:00:19,23.9,79.1
2026-07-18 04:00:39,23.9,79.2
2026-07-18 04:00:59,23.9,79.1
2026-07-18 04:01:19,23.9,79.1
2026-07-18 04:01:39,23.8,79.1
2026-07-18 04:01:59,23.8,79.1
2026-07-18 04:02:19,23.8,79.1
2026-07-18 04:02:39,23.8,79.2
2026-07-18 04:02:59,23.8,79.1
2026-07-18 04:03:19,23.8,79.1
2026-07-18 04:03:39,23.8,79.1
2026-07-18 04:03:59,23.8,79.0
2026-07-18 04:04:19,23.8,79.1
2026-07-18 04:04:39,23.8,79.0
2026-07-18 04:04:59,23.8,79.0
2026-07-18 04:05:19,23.8,79.0
2026-07-18 04:05:39,23.8,78.9
2026-07-18 04:05:59,23.8,78.9
2026-07-18 04:06:20,23.8,78.9
2026-07-18 04:06:39,23.8,78.9
2026-07-18 04:07:00,23.8,78.8
2026-07-18 04:07:19,23.8,
2026-07-18 04:07:20,,78.8
2026-07-18 04:07:40,23.8,78.8
2026-07-18 04:08:00,23.8,78.8
2026-07-18 04:08:20,23.8,78.8
2026-07-18 04:08:40,23.8,78.9
2026-07-18 04:09:00,23.8,78.9
2026-07-18 04:09:20,23.8,78.9
2026-07-18 04:09:40,23.8,78.8
2026-07-18 04:10:00,23.8,78.8
2026-07-18 04:10:20,23.8,78.8
2026-07-18 04:10:40,23.8,78.8
2026-07-18 04:11:00,23.8,78.7
2026-07-18 04:11:20,23.8,78.8
2026-07-18 04:11:40,23.8,78.7
2026-07-18 04:12:00,23.8,78.7
2026-07-18 04:12:20,23.8,78.7
2026-07-18 04:12:40,23.8,78.8
2026-07-18 04:13:00,23.8,78.7
2026-07-18 04:13:20,23.8,78.7
2026-07-18 04:13:40,23.8,78.7
2026-07-18 04:14:00,23.8,78.7
2026-07-18 04:14:20,23.7,78.7
2026-07-18 04:14:40,23.8,78.7
2026-07-18 04:15:00,23.8,78.7
2026-07-18 04:15:20,23.8,78.7
2026-07-18 04:15:40,23.8,78.7
2026-07-18 04:16:00,23.8,78.8
2026-07-18 04:16:20,23.8,78.6
2026-07-18 04:16:40,23.8,78.6
2026-07-18 04:17:00,23.8,78.7
2026-07-18 04:17:20,23.7,78.5
2026-07-18 04:17:40,23.8,78.6
2026-07-18 04:18:00,23.8,78.6
2026-07-18 04:18:20,23.8,78.5
2026-07-18 04:18:40,23.8,78.6
2026-07-18 04:19:00,23.8,78.6
2026-07-18 04:19:20,23.8,78.5
2026-07-18 04:19:40,23.8,78.6
2026-07-18 04:20:00,23.8,78.5
2026-07-18 04:20:20,23.8,78.6
2026-07-18 04:20:40,23.8,78.6
2026-07-18 04:21:00,23.8,78.6
2026-07-18 04:21:20,23.8,78.5
2026-07-18 04:21:40,23.8,78.5
2026-07-18 04:22:00,23.7,78.5
2026-07-18 04:22:20,23.7,78.4
2026-07-18 04:22:40,23.8,78.4
2026-07-18 04:23:00,23.7,78.5
2026-07-18 04:23:20,23.7,78.4
2026-07-18 04:23:41,23.7,78.4
2026-07-18 04:24:01,23.8,78.4
2026-07-18 04:24:21,23.7,78.4
2026-07-18 04:24:41,23.7,78.4
2026-07-18 04:25:01,23.7,78.4
2026-07-18 04:25:21,23.7,78.5
2026-07-18 04:25:41,23.7,78.5
2026-07-18 04:26:01,23.7,78.5
2026-07-18 04:26:21,23.7,78.4
2026-07-18 04:26:41,23.7,78.4
2026-07-18 04:27:01,23.7,78.5
2026-07-18 04:27:21,23.7,78.4
2026-07-18 04:27:41,23.7,78.4
2026-07-18 04:28:01,23.7,78.3
2026-07-18 04:28:21,23.7,78.4
2026-07-18 04:28:41,23.7,78.4
2026-07-18 04:29:01,23.7,78.4
2026-07-18 04:29:21,23.7,78.4
2026-07-18 04:29:41,23.7,78.3
2026-07-18 04:30:01,23.7,78.3
2026-07-18 04:30:21,23.7,78.3
2026-07-18 04:30:41,23.7,78.4
2026-07-18 04:31:01,23.7,78.4
2026-07-18 04:31:21,23.7,78.4
2026-07-18 04:31:41,23.7,78.4
2026-07-18 04:32:01,23.7,78.4
2026-07-18 04:32:21,23.7,78.4
2026-07-18 04:32:41,23.7,78.4
2026-07-18 04:33:01,23.7,78.4
2026-07-18 04:33:21,23.7,78.4
2026-07-18 04:33:41,23.7,78.4
2026-07-18 04:34:01,23.7,78.4
2026-07-18 04:34:21,23.7,78.4
2026-07-18 04:34:41,23.7,78.4
2026-07-18 04:35:01,23.7,78.4
2026-07-18 04:35:21,23.7,78.5
2026-07-18 04:35:41,23.7,78.4
2026-07-18 04:36:01,23.7,78.4
2026-07-18 04:36:21,23.7,78.4
2026-07-18 04:36:41,23.7,78.4
2026-07-18 04:37:01,23.7,78.5
2026-07-18 04:37:21,23.6,78.4
2026-07-18 04:37:41,23.7,78.4
2026-07-18 04:38:01,23.7,78.4
2026-07-18 04:38:21,23.7,78.4
2026-07-18 04:38:41,23.7,78.4
2026-07-18 04:39:01,23.7,78.4
2026-07-18 04:39:21,23.7,78.4
2026-07-18 04:39:41,23.7,78.4
2026-07-18 04:40:01,23.6,78.4
2026-07-18 04:40:22,23.7,78.4
2026-07-18 04:40:41,23.7,78.4
2026-07-18 04:41:02,23.7,78.4
2026-07-18 04:41:22,23.7,78.5
2026-07-18 04:41:42,23.6,78.4
2026-07-18 04:42:02,23.7,78.5
2026-07-18 04:42:22,23.7,78.5
2026-07-18 04:42:42,23.7,78.5
2026-07-18 04:43:02,23.6,78.4
2026-07-18 04:43:22,23.7,78.4
2026-07-18 04:43:42,23.6,78.4
2026-07-18 04:44:02,23.6,78.4
2026-07-18 04:44:22,23.6,78.5
2026-07-18 04:44:42,23.6,78.5
2026-07-18 04:45:02,23.6,78.5
2026-07-18 04:45:22,23.6,78.5
2026-07-18 04:45:42,23.6,78.6
2026-07-18 04:46:02,23.6,78.5
2026-07-18 04:46:22,23.6,78.6
2026-07-18 04:46:42,23.6,78.5
2026-07-18 04:47:02,23.6,78.5
2026-07-18 04:47:22,23.6,78.5
2026-07-18 04:47:42,23.6,78.5
2026-07-18 04:48:02,23.6,78.5
2026-07-18 04:48:22,23.6,78.4
2026-07-18 04:48:42,23.6,78.4
2026-07-18 04:49:02,23.6,78.4
2026-07-18 04:49:22,23.6,78.4
2026-07-18 04:49:42,23.6,78.4
2026-07-18 04:50:02,23.6,78.4
2026-07-18 04:50:22,23.6,78.5
2026-07-18 04:50:42,23.6,78.4
2026-07-18 04:51:02,23.6,78.4
2026-07-18 04:51:22,23.6,78.4
2026-07-18 04:51:42,23.6,78.4
2026-07-18 04:52:02,23.6,78.4
2026-07-18 04:52:22,23.6,78.4
2026-07-18 04:52:42,23.6,78.3
2026-07-18 04:53:02,23.6,78.4
2026-07-18 04:53:22,23.6,78.4
2026-07-18 04:53:42,23.6,78.3
2026-07-18 04:54:02,23.6,78.3
2026-07-18 04:54:22,23.6,78.4
2026-07-18 04:54:42,23.6,78.3
2026-07-18 04:55:02,23.6,78.4
2026-07-18 04:55:22,23.6,78.3
2026-07-18 04:55:42,23.6,78.4
2026-07-18 04:56:02,23.6,78.4
2026-07-18 04:56:22,23.6,78.3
2026-07-18 04:56:42,23.6,78.3
2026-07-18 04:57:02,23.6,78.4
2026-07-18 04:57:22,23.6,78.3
2026-07-18 04:57:42,23.6,78.3
2026-07-18 04:58:02,23.6,78.3
2026-07-18 04:58:22,23.6,78.4
2026-07-18 04:58:43,23.6,78.3
2026-07-18 04:59:03,23.6,78.4
2026-07-18 04:59:23,23.6,78.4
2026-07-18 04:59:43,23.6,78.3
2026-07-18 05:00:03,23.6,78.3
2026-07-18 05:00:23,23.6,78.3
2026-07-18 05:00:43,23.6,78.4
2026-07-18 05:01:03,23.6,78.3
2026-07-18 05:01:23,23.5,78.4
2026-07-18 05:01:43,23.6,78.4
2026-07-18 05:02:03,23.5,78.4
2026-07-18 05:02:23,23.6,78.4
2026-07-18 05:02:43,23.5,78.4
2026-07-18 05:03:03,23.6,78.4
2026-07-18 05:03:23,23.6,78.4
2026-07-18 05:03:43,23.6,78.4
2026-07-18 05:04:03,23.6,78.3
2026-07-18 05:04:23,23.6,78.3
2026-07-18 05:04:43,23.6,78.4
2026-07-18 05:05:03,23.6,78.3
2026-07-18 05:05:23,23.6,78.3
2026-07-18 05:05:43,23.6,78.3
2026-07-18 05:06:03,23.6,78.3
2026-07-18 05:06:23,23.6,78.3
2026-07-18 05:06:43,23.5,78.3
2026-07-18 05:07:03,23.5,78.3
2026-07-18 05:07:23,23.6,78.3
2026-07-18 05:07:43,23.6,78.3
2026-07-18 05:08:03,23.5,78.3
2026-07-18 05:08:23,23.5,78.3
2026-07-18 05:08:43,23.5,78.3
2026-07-18 05:09:03,23.5,78.4
2026-07-18 05:09:23,23.5,78.4
2026-07-18 05:09:43,23.5,78.4
2026-07-18 05:10:03,23.5,78.4
2026-07-18 05:10:23,23.5,78.4
2026-07-18 05:10:43,23.5,78.4
2026-07-18 05:11:03,23.6,78.4
2026-07-18 05:11:23,23.6,78.4
2026-07-18 05:11:43,23.6,78.4
2026-07-18 05:12:03,23.5,78.4
2026-07-18 05:12:23,23.5,78.5
2026-07-18 05:12:43,23.5,78.5
2026-07-18 05:13:03,23.5,78.5
2026-07-18 05:13:23,23.5,78.5
2026-07-18 05:13:43,23.5,78.6
2026-07-18 05:14:03,23.5,78.6
2026-07-18 05:14:23,23.5,78.5
2026-07-18 05:14:43,23.5,78.6
2026-07-18 05:15:03,23.5,78.5
2026-07-18 05:15:23,23.5,
2026-07-18 05:15:24,,78.6
2026-07-18 05:15:43,23.5,78.6
2026-07-18 05:16:04,23.5,78.6
2026-07-18 05:16:24,23.5,78.6
2026-07-18 05:16:44,23.5,78.6
2026-07-18 05:17:04,23.5,78.6
2026-07-18 05:17:24,23.5,78.6
2026-07-18 05:17:44,23.5,78.5
2026-07-18 05:18:04,23.5,78.5
2026-07-18 05:18:24,23.5,78.5
2026-07-18 05:18:44,23.5,78.5
2026-07-18 05:19:04,23.5,78.5
2026-07-18 05:19:24,23.5,78.5
2026-07-18 05:19:44,23.6,78.5
2026-07-18 05:20:04,23.5,78.5
2026-07-18 05:20:24,23.5,78.5
2026-07-18 05:20:44,23.5,78.5
2026-07-18 05:21:04,23.5,78.6
2026-07-18 05:21:24,23.5,78.6
2026-07-18 05:21:44,23.5,78.5
2026-07-18 05:22:04,23.5,78.6
2026-07-18 05:22:24,23.5,78.5
2026-07-18 05:22:44,23.5,78.5
2026-07-18 05:23:04,23.5,78.4
2026-07-18 05:23:24,23.5,78.5
2026-07-18 05:23:44,23.5,78.5
2026-07-18 05:24:04,23.5,78.5
2026-07-18 05:24:24,23.5,78.5
2026-07-18 05:24:44,23.5,78.6
2026-07-18 05:25:04,23.5,78.5
2026-07-18 05:25:24,23.5,78.5
2026-07-18 05:25:44,23.5,78.5
2026-07-18 05:26:04,23.5,78.5
2026-07-18 05:26:24,23.5,78.5
2026-07-18 05:26:44,23.5,78.5
2026-07-18 05:27:04,23.5,78.4
2026-07-18 05:27:24,23.5,78.5
2026-07-18 05:27:44,23.5,78.4
2026-07-18 05:28:04,23.5,78.5
2026-07-18 05:28:24,23.5,78.4
2026-07-18 05:28:44,23.5,78.5
2026-07-18 05:29:04,23.5,78.4
2026-07-18 05:29:24,23.5,78.4
2026-07-18 05:29:44,23.5,78.5
2026-07-18 05:30:04,23.5,78.5
2026-07-18 05:30:24,23.5,78.5
2026-07-18 05:30:44,23.5,78.5
2026-07-18 05:31:04,23.5,78.4
2026-07-18 05:31:24,23.5,78.5
2026-07-18 05:31:44,23.5,78.5
2026-07-18 05:32:04,23.5,78.5
2026-07-18 05:32:25,23.5,78.5
2026-07-18 05:32:44,23.5,78.5
2026-07-18 05:33:04,23.4,78.5
2026-07-18 05:33:24,23.4,78.5
2026-07-18 05:33:45,23.4,78.5
2026-07-18 05:34:05,23.4,78.5
2026-07-18 05:34:25,23.4,78.5
2026-07-18 05:34:45,23.4,78.5
2026-07-18 05:35:05,23.4,78.5
2026-07-18 05:35:25,23.4,78.5
2026-07-18 05:35:45,23.4,78.5
2026-07-18 05:36:05,23.4,78.5
2026-07-18 05:36:25,23.5,78.5
2026-07-18 05:36:45,23.4,78.5
2026-07-18 05:37:05,23.5,78.5
2026-07-18 05:37:25,23.4,78.4
2026-07-18 05:37:45,23.4,78.4
2026-07-18 05:38:05,23.4,78.4
2026-07-18 05:38:25,23.4,78.4
2026-07-18 05:38:45,23.4,78.4
2026-07-18 05:39:05,23.4,78.4
2026-07-18 05:39:25,23.4,78.4
2026-07-18 05:39:45,23.4,78.4
2026-07-18 05:40:05,23.4,78.4
2026-07-18 05:40:25,23.4,78.4
2026-07-18 05:40:45,23.4,78.3
2026-07-18 05:41:05,23.4,78.4
2026-07-18 05:41:25,23.4,78.4
2026-07-18 05:41:45,23.4,78.4
2026-07-18 05:42:05,23.4,78.4
2026-07-18 05:42:25,23.4,78.4
2026-07-18 05:42:45,23.4,78.4
2026-07-18 05:43:05,23.4,78.4
2026-07-18 05:43:25,23.4,78.4
2026-07-18 05:43:45,23.4,78.4
2026-07-18 05:44:05,23.4,78.4
2026-07-18 05:44:25,23.4,78.4
2026-07-18 05:44:45,23.4,78.3
2026-07-18 05:45:05,23.4,78.3
2026-07-18 05:45:25,23.4,78.3
2026-07-18 05:45:45,23.4,78.4
2026-07-18 05:46:05,23.3,78.3
2026-07-18 05:46:25,23.4,78.3
2026-07-18 05:46:45,23.4,78.3
2026-07-18 05:47:05,23.4,78.3
2026-07-18 05:47:25,23.4,78.3
2026-07-18 05:47:45,23.4,78.2
2026-07-18 05:48:05,23.4,78.2
2026-07-18 05:48:25,23.4,78.2
2026-07-18 05:48:45,23.4,78.2
2026-07-18 05:49:05,23.4,78.2
2026-07-18 05:49:25,23.4,78.1
2026-07-18 05:49:46,23.4,78.1
2026-07-18 05:50:06,23.4,78.1
2026-07-18 05:50:25,23.4,78.0
2026-07-18 05:50:46,23.3,78.0
2026-07-18 05:51:06,23.4,78.1
2026-07-18 05:51:26,23.4,78.1
2026-07-18 05:51:46,23.4,77.9
2026-07-18 05:52:06,23.4,78.0
2026-07-18 05:52:26,23.3,78.0
2026-07-18 05:52:46,23.4,77.9
2026-07-18 05:53:06,23.4,77.9
2026-07-18 05:53:26,23.4,78.0
2026-07-18 05:53:46,23.4,77.9
2026-07-18 05:54:06,23.4,77.9
2026-07-18 05:54:26,23.4,77.8
2026-07-18 05:54:46,23.4,77.8
2026-07-18 05:55:06,23.4,77.7
2026-07-18 05:55:26,23.4,77.8
2026-07-18 05:55:46,23.4,77.7
2026-07-18 05:56:06,23.3,77.7
2026-07-18 05:56:26,23.3,77.8
2026-07-18 05:56:46,23.3,77.7
2026-07-18 05:57:06,23.3,77.7
2026-07-18 05:57:26,23.3,77.8
2026-07-18 05:57:46,23.3,77.8
2026-07-18 05:58:06,23.3,77.8
2026-07-18 05:58:26,23.3,77.9
2026-07-18 05:58:46,23.3,77.9
2026-07-18 05:59:06,23.3,77.9
2026-07-18 05:59:26,23.3,77.8
2026-07-18 05:59:46,23.3,77.8
2026-07-18 06:00:06,23.3,77.8
2026-07-18 06:00:26,23.3,77.8
2026-07-18 06:00:46,23.3,77.8
2026-07-18 06:01:06,23.3,77.8
2026-07-18 06:01:26,23.3,77.7
2026-07-18 06:01:46,23.3,77.7
2026-07-18 06:02:06,23.3,77.7
2026-07-18 06:02:26,23.3,77.7
2026-07-18 06:02:46,23.3,77.7
2026-07-18 06:03:06,23.3,77.7
2026-07-18 06:03:26,23.3,77.8
2026-07-18 06:03:46,23.3,77.7
2026-07-18 06:04:06,23.3,77.7
2026-07-18 06:04:26,23.3,77.6
2026-07-18 06:04:46,23.3,77.7
2026-07-18 06:05:06,23.3,77.7
2026-07-18 06:05:26,23.3,77.6
2026-07-18 06:05:46,23.3,77.6
2026-07-18 06:06:06,23.3,77.6
2026-07-18 06:06:26,23.3,77.7
2026-07-18 06:06:46,23.3,77.7
2026-07-18 06:07:06,23.3,77.6
2026-07-18 06:07:27,23.3,77.7
2026-07-18 06:07:46,23.3,
2026-07-18 06:07:47,,77.7
2026-07-18 06:08:07,23.3,77.7
2026-07-18 06:08:27,23.4,77.6
2026-07-18 06:08:47,23.3,77.6
2026-07-18 06:09:07,23.4,77.6
2026-07-18 06:09:27,23.4,77.6
2026-07-18 06:09:47,23.3,77.6
2026-07-18 06:10:07,23.3,77.6
2026-07-18 06:10:27,23.4,77.6
2026-07-18 06:10:47,23.4,77.5
2026-07-18 06:11:07,23.3,77.5
2026-07-18 06:11:27,23.4,77.5
2026-07-18 06:11:47,23.4,77.6
2026-07-18 06:12:07,23.4,77.6
2026-07-18 06:12:27,23.4,77.5
2026-07-18 06:12:47,23.4,77.6
2026-07-18 06:13:07,23.4,77.5
2026-07-18 06:13:27,23.4,77.5
2026-07-18 06:13:47,23.4,77.5
2026-07-18 06:14:07,23.4,77.4
2026-07-18 06:14:27,23.4,77.5
2026-07-18 06:14:47,23.4,77.5
2026-07-18 06:15:07,23.4,77.5
2026-07-18 06:15:27,23.4,77.5
2026-07-18 06:15:47,23.4,77.5
2026-07-18 06:16:07,23.4,77.6
2026-07-18 06:16:27,23.4,77.6
2026-07-18 06:16:47,23.4,77.6
2026-07-18 06:17:07,23.4,77.6
2026-07-18 06:17:27,23.4,77.5
2026-07-18 06:17:47,23.4,77.6
2026-07-18 06:18:07,23.4,77.6
2026-07-18 06:18:27,23.4,77.5
2026-07-18 06:18:47,23.4,77.4
2026-07-18 06:19:07,23.4,77.5
2026-07-18 06:19:27,23.4,77.5
2026-07-18 06:19:47,23.4,77.5
2026-07-18 06:20:07,23.4,77.5
2026-07-18 06:20:27,23.4,77.5
2026-07-18 06:20:47,23.4,77.5
2026-07-18 06:21:07,23.4,77.5
2026-07-18 06:21:27,23.4,77.5
2026-07-18 06:21:47,23.4,77.5
2026-07-18 06:22:07,23.4,77.6
2026-07-18 06:22:27,23.4,77.6
2026-07-18 06:22:47,23.4,77.5
2026-07-18 06:23:07,23.4,77.5
2026-07-18 06:23:27,23.4,77.5
2026-07-18 06:23:47,23.4,77.5
2026-07-18 06:24:07,23.4,77.5
2026-07-18 06:24:27,23.4,77.5
2026-07-18 06:24:48,23.4,77.5
2026-07-18 06:25:07,23.4,77.4
2026-07-18 06:25:28,23.4,77.4
2026-07-18 06:25:48,23.4,77.5
2026-07-18 06:26:08,23.4,77.5
2026-07-18 06:26:28,23.4,77.5
2026-07-18 06:26:48,23.4,77.5
2026-07-18 06:27:08,23.4,77.5
2026-07-18 06:27:28,23.4,77.6
2026-07-18 06:27:48,23.4,77.6
2026-07-18 06:28:08,23.4,77.6
2026-07-18 06:28:28,23.4,77.6
2026-07-18 06:28:48,23.4,77.6
2026-07-18 06:29:08,23.4,77.6
2026-07-18 06:29:28,23.5,77.6
2026-07-18 06:29:48,23.4,77.6
2026-07-18 06:30:08,23.4,77.6
2026-07-18 06:30:28,23.4,77.6
2026-07-18 06:30:48,23.4,77.6
2026-07-18 06:31:08,23.5,77.6
2026-07-18 06:31:28,23.5,77.6
2026-07-18 06:31:48,23.5,77.6
2026-07-18 06:32:08,23.5,77.6
2026-07-18 06:32:28,23.5,77.5
2026-07-18 06:32:48,23.5,77.6
2026-07-18 06:33:08,23.5,77.7
2026-07-18 06:33:28,23.5,77.6
2026-07-18 06:33:48,23.5,77.6
2026-07-18 06:34:08,23.5,77.5
2026-07-18 06:34:28,23.5,77.5
2026-07-18 06:34:48,23.5,77.5
2026-07-18 06:35:08,23.5,77.6
2026-07-18 06:35:28,23.5,77.5
2026-07-18 06:35:48,23.5,77.5
2026-07-18 06:36:08,23.5,77.5
2026-07-18 06:36:28,23.6,77.4
2026-07-18 06:36:48,23.5,77.5
2026-07-18 06:37:08,23.6,77.5
2026-07-18 06:37:28,23.5,77.5
2026-07-18 06:37:48,23.6,77.4
2026-07-18 06:38:08,23.6,77.4
2026-07-18 06:38:28,23.6,77.5
2026-07-18 06:38:48,23.6,77.6
2026-07-18 06:39:08,23.6,77.6
2026-07-18 06:39:28,23.6,77.5
2026-07-18 06:39:48,23.6,77.5
2026-07-18 06:40:08,23.6,77.6
2026-07-18 06:40:28,23.6,77.6
2026-07-18 06:40:48,23.6,77.7
2026-07-18 06:41:09,23.6,77.7
2026-07-18 06:41:28,23.6,77.7
2026-07-18 06:41:49,23.6,77.8
2026-07-18 06:42:09,23.6,77.8
2026-07-18 06:42:29,23.6,77.8
2026-07-18 06:42:49,23.6,77.9
2026-07-18 06:43:09,23.6,77.9
2026-07-18 06:43:29,23.7,77.9
2026-07-18 06:43:49,23.7,77.9
2026-07-18 06:44:09,23.7,77.8
2026-07-18 06:44:29,23.7,77.8
2026-07-18 06:44:49,23.7,77.8
2026-07-18 06:45:09,23.6,77.9
2026-07-18 06:45:29,23.6,78.0
2026-07-18 06:45:49,23.7,78.0
2026-07-18 06:46:09,23.7,78.0
2026-07-18 06:46:29,23.7,78.1
2026-07-18 06:46:49,23.7,78.1
2026-07-18 06:47:09,23.7,78.1
2026-07-18 06:47:29,23.7,78.1
2026-07-18 06:47:49,23.7,78.0
2026-07-18 06:48:09,23.7,78.0
2026-07-18 06:48:29,23.7,78.1
2026-07-18 06:48:49,23.7,78.2
2026-07-18 06:49:09,23.7,78.3
2026-07-18 06:49:29,23.7,78.2
2026-07-18 06:49:49,23.6,78.0
2026-07-18 06:50:09,23.6,77.9
2026-07-18 06:50:29,23.5,78.0
2026-07-18 06:50:49,23.5,78.2
2026-07-18 06:51:09,23.4,78.4
2026-07-18 06:51:29,23.3,78.6
2026-07-18 06:51:49,23.3,78.8
2026-07-18 06:52:09,23.2,79.0
2026-07-18 06:52:29,23.2,79.2
2026-07-18 06:52:49,23.2,79.4
2026-07-18 06:53:09,23.1,79.5
2026-07-18 06:53:29,23.1,79.7
2026-07-18 06:53:49,23.1,79.7
2026-07-18 06:54:09,23.1,79.8
2026-07-18 06:54:29,23.1,79.8
2026-07-18 06:54:49,23.1,79.8
2026-07-18 06:55:09,23.0,79.9
2026-07-18 06:55:29,23.1,79.9
2026-07-18 06:55:49,23.1,79.8
2026-07-18 06:56:09,23.1,79.7
2026-07-18 06:56:30,23.1,79.8
2026-07-18 06:56:49,23.1,79.7
2026-07-18 06:57:09,23.1,79.6
2026-07-18 06:57:29,23.2,79.6
2026-07-18 06:57:49,23.2,79.6
2026-07-18 06:58:09,23.2,79.7
2026-07-18 06:58:30,23.2,79.7
2026-07-18 06:58:49,23.2,79.6
2026-07-18 06:59:10,23.2,79.6
2026-07-18 06:59:30,23.2,79.5
2026-07-18 06:59:50,23.2,79.4
2026-07-18 07:00:10,23.2,79.4
2026-07-18 07:00:30,23.2,79.4
2026-07-18 07:00:50,23.2,79.5
2026-07-18 07:01:10,23.2,79.5
2026-07-18 07:01:30,23.2,79.5
2026-07-18 07:01:50,23.3,79.6
2026-07-18 07:02:10,23.3,79.5
2026-07-18 07:02:30,23.4,79.4
2026-07-18 07:02:50,23.4,79.4
2026-07-18 07:03:10,23.4,79.4
2026-07-18 07:03:30,23.4,79.5
2026-07-18 07:03:50,23.4,79.5
2026-07-18 07:04:10,23.4,79.4
2026-07-18 07:04:30,23.4,79.3
2026-07-18 07:04:50,23.5,79.3
2026-07-18 07:05:10,23.5,79.3
2026-07-18 07:05:30,23.5,79.2
2026-07-18 07:05:50,23.5,79.2
2026-07-18 07:06:10,23.5,79.1
2026-07-18 07:06:30,23.5,79.1
2026-07-18 07:06:50,23.5,79.2
2026-07-18 07:07:10,23.5,79.1
2026-07-18 07:07:30,23.5,79.0
2026-07-18 07:07:50,23.6,78.9
2026-07-18 07:08:10,23.5,78.8
2026-07-18 07:08:30,23.5,78.8
2026-07-18 07:08:50,23.5,78.7
2026-07-18 07:09:10,23.6,78.8
2026-07-18 07:09:30,23.6,78.7
2026-07-18 07:09:50,23.6,78.6
2026-07-18 07:10:10,23.6,78.6
2026-07-18 07:10:30,23.6,78.5
2026-07-18 07:10:50,23.6,78.5
2026-07-18 07:11:10,23.6,78.5
2026-07-18 07:11:30,23.6,78.5
2026-07-18 07:11:50,23.6,78.5
2026-07-18 07:12:10,23.6,78.7
2026-07-18 07:12:30,23.5,78.8
2026-07-18 07:12:50,23.6,78.8
2026-07-18 07:13:10,23.6,78.7
2026-07-18 07:13:30,23.6,78.7
2026-07-18 07:13:50,23.6,78.7
2026-07-18 07:14:10,23.6,78.7
2026-07-18 07:14:30,23.6,78.6
2026-07-18 07:14:50,23.6,78.5
2026-07-18 07:15:10,23.6,78.6
2026-07-18 07:15:30,23.6,78.7
2026-07-18 07:15:51,23.6,78.6
2026-07-18 07:16:10,23.6,78.6
2026-07-18 07:16:31,23.6,78.7
2026-07-18 07:16:51,23.6,78.7
2026-07-18 07:17:11,23.6,78.7
2026-07-18 07:17:31,23.6,78.8
2026-07-18 07:17:51,23.6,78.8
2026-07-18 07:18:11,23.6,78.9
2026-07-18 07:18:31,23.6,78.7
2026-07-18 07:18:51,23.6,78.7
2026-07-18 07:19:11,23.6,78.7
2026-07-18 07:19:31,23.6,78.7
2026-07-18 07:19:51,23.6,78.6
2026-07-18 07:20:11,23.6,78.6
2026-07-18 07:20:31,23.6,78.6
2026-07-18 07:20:51,23.6,78.7
2026-07-18 07:21:11,23.6,78.7
2026-07-18 07:21:31,23.6,78.7
2026-07-18 07:21:51,23.6,78.8
2026-07-18 07:22:11,23.6,78.8
2026-07-18 07:22:31,23.6,78.8
2026-07-18 07:22:51,23.6,78.7
2026-07-18 07:23:11,23.6,78.7
2026-07-18 07:23:31,23.6,78.8
2026-07-18 07:23:51,23.7,78.9
2026-07-18 07:24:11,23.6,79.0
2026-07-18 07:24:31,23.7,78.9
2026-07-18 07:24:51,23.7,78.9
2026-07-18 07:25:11,23.7,79.0
2026-07-18 07:25:31,23.7,79.0
2026-07-18 07:25:51,23.7,79.1
2026-07-18 07:26:11,23.7,79.0
2026-07-18 07:26:31,23.7,79.0
2026-07-18 07:26:51,23.7,78.9
2026-07-18 07:27:11,23.7,78.7
2026-07-18 07:27:31,23.7,78.7
2026-07-18 07:27:51,23.7,78.7
2026-07-18 07:28:11,23.7,78.7
2026-07-18 07:28:31,23.7,78.7
2026-07-18 07:28:51,23.7,78.7
2026-07-18 07:29:11,23.7,78.6
2026-07-18 07:29:31,23.7,78.7
2026-07-18 07:29:51,23.8,78.7
2026-07-18 07:30:11,23.8,78.6
2026-07-18 07:30:31,23.8,78.5
2026-07-18 07:30:51,23.8,78.5
2026-07-18 07:31:11,23.8,78.4
2026-07-18 07:31:31,23.8,78.3
2026-07-18 07:31:51,23.8,78.2
2026-07-18 07:32:11,23.9,78.2
2026-07-18 07:32:31,23.9,78.0
2026-07-18 07:32:51,23.9,78.0
2026-07-18 07:33:12,23.9,77.9
2026-07-18 07:33:31,23.9,77.9
2026-07-18 07:33:52,23.9,77.9
2026-07-18 07:34:12,23.9,77.9
2026-07-18 07:34:32,23.9,77.9
2026-07-18 07:34:52,23.9,77.9
2026-07-18 07:35:12,23.9,77.9
2026-07-18 07:35:32,23.9,77.8
2026-07-18 07:35:52,23.9,77.8
2026-07-18 07:36:12,23.9,77.8
2026-07-18 07:36:32,23.9,77.7
2026-07-18 07:36:54,23.9,77.7
2026-07-18 07:37:12,23.9,77.8
2026-07-18 07:37:32,23.9,77.9
2026-07-18 07:37:52,23.9,77.9
2026-07-18 07:38:12,23.9,78.0
2026-07-18 07:38:32,23.9,78.0
2026-07-18 07:38:52,23.9,78.0
2026-07-18 07:39:12,23.9,78.1
2026-07-18 07:39:32,23.9,78.1
2026-07-18 07:39:52,23.9,78.2
2026-07-18 07:40:12,24.0,78.1
2026-07-18 07:40:32,23.9,78.0
2026-07-18 07:40:52,23.9,77.9
2026-07-18 07:41:12,23.9,77.9
2026-07-18 07:41:32,23.9,77.9
2026-07-18 07:41:52,24.0,78.0
2026-07-18 07:42:12,23.9,77.8
2026-07-18 07:42:32,24.0,77.9
2026-07-18 07:42:52,24.0,77.9
2026-07-18 07:43:12,24.0,77.9
2026-07-18 07:43:32,24.0,77.8
2026-07-18 07:43:52,24.0,77.9
2026-07-18 07:44:12,24.0,78.0
2026-07-18 07:44:32,24.0,77.9
2026-07-18 07:44:52,24.0,78.0
2026-07-18 07:45:12,24.0,78.0
2026-07-18 07:45:32,24.0,78.0
2026-07-18 07:45:52,24.0,78.0
2026-07-18 07:46:12,24.0,78.2
2026-07-18 07:46:33,24.0,78.1
2026-07-18 07:46:52,24.0,78.1
2026-07-18 07:47:12,24.0,78.1
2026-07-18 07:47:32,24.0,77.9
2026-07-18 07:47:52,24.0,77.8
2026-07-18 07:48:12,24.0,77.8
2026-07-18 07:48:32,24.0,77.8
2026-07-18 07:48:52,24.0,77.7
2026-07-18 07:49:12,24.0,77.7
2026-07-18 07:49:32,24.0,77.7
2026-07-18 07:49:52,24.0,77.6
2026-07-18 07:50:12,24.0,77.6
2026-07-18 07:50:32,24.1,77.6
2026-07-18 07:50:52,24.1,77.4
2026-07-18 07:51:12,24.1,77.4
2026-07-18 07:51:33,24.1,77.2
2026-07-18 07:51:53,24.1,77.1
2026-07-18 07:52:13,24.1,76.9
2026-07-18 07:52:33,24.1,76.6
2026-07-18 07:52:53,24.1,76.6
2026-07-18 07:53:13,24.1,76.6
2026-07-18 07:53:33,24.1,76.5
2026-07-18 07:53:53,24.1,76.5
2026-07-18 07:54:13,24.1,76.5
2026-07-18 07:54:33,24.1,76.6
2026-07-18 07:54:53,24.1,76.7
2026-07-18 07:55:13,24.0,76.9
2026-07-18 07:55:33,24.0,77.0
2026-07-18 07:55:53,24.0,77.1
2026-07-18 07:56:13,24.0,77.3
2026-07-18 07:56:33,24.0,77.3
2026-07-18 07:56:53,24.0,77.5
2026-07-18 07:57:13,24.0,77.6
2026-07-18 07:57:33,24.0,77.7
2026-07-18 07:57:53,24.0,77.7
2026-07-18 07:58:13,24.0,77.8
2026-07-18 07:58:33,24.0,78.0
2026-07-18 07:58:53,24.0,78.2
2026-07-18 07:59:13,24.0,78.2
2026-07-18 07:59:33,24.0,78.3
2026-07-18 07:59:53,24.0,78.4
2026-07-18 08:00:13,24.0,78.5
2026-07-18 08:00:33,24.0,78.4
2026-07-18 08:00:53,23.9,78.4
2026-07-18 08:01:13,24.0,78.6
2026-07-18 08:01:33,24.0,78.6
2026-07-18 08:01:53,24.0,78.6
2026-07-18 08:02:13,24.0,78.6
2026-07-18 08:02:33,24.0,78.7
2026-07-18 08:02:53,24.0,78.6
2026-07-18 08:03:13,24.0,78.7
2026-07-18 08:03:33,24.0,78.8
2026-07-18 08:03:53,24.1,78.7
2026-07-18 08:04:13,24.1,78.7
2026-07-18 08:04:33,24.1,78.7
2026-07-18 08:04:53,24.1,78.7
2026-07-18 08:05:13,24.1,78.6
2026-07-18 08:05:33,24.1,78.7
2026-07-18 08:05:53,24.1,78.7
2026-07-18 08:06:13,24.2,78.7
2026-07-18 08:06:33,24.2,78.7
2026-07-18 08:06:53,24.2,78.7
2026-07-18 08:07:13,24.2,78.6
2026-07-18 08:07:33,24.3,78.4
2026-07-18 08:07:53,24.3,78.4
2026-07-18 08:08:13,24.3,78.5
2026-07-18 08:08:33,24.3,78.2
2026-07-18 08:08:54,24.3,78.3
2026-07-18 08:09:13,24.3,78.4
2026-07-18 08:09:34,24.4,78.4
2026-07-18 08:09:54,24.4,78.3
2026-07-18 08:10:14,24.4,78.3
2026-07-18 08:10:34,24.4,78.2
2026-07-18 08:10:54,24.4,78.1
2026-07-18 08:11:14,24.4,77.9
2026-07-18 08:11:34,24.4,77.7
2026-07-18 08:11:54,24.4,77.5
2026-07-18 08:12:14,24.5,77.4
2026-07-18 08:12:34,24.5,77.4
2026-07-18 08:12:54,24.5,77.5
2026-07-18 08:13:14,24.5,77.6
2026-07-18 08:13:34,24.5,77.6
2026-07-18 08:13:54,24.4,77.6
2026-07-18 08:14:14,24.4,77.7
2026-07-18 08:14:34,24.4,77.7
2026-07-18 08:14:54,24.4,77.8
2026-07-18 08:15:14,24.4,77.8
2026-07-18 08:15:34,24.4,77.7
2026-07-18 08:15:54,24.3,77.7
2026-07-18 08:16:14,24.3,77.8
2026-07-18 08:16:34,24.3,77.8
2026-07-18 08:16:54,24.3,77.7
2026-07-18 08:17:14,24.3,77.9
2026-07-18 08:17:34,24.3,77.9
2026-07-18 08:17:54,24.3,77.8
2026-07-18 08:18:14,24.3,77.9
2026-07-18 08:18:34,24.3,77.9
2026-07-18 08:18:54,24.3,77.9
2026-07-18 08:19:14,24.3,77.9
2026-07-18 08:19:34,24.3,78.0
2026-07-18 08:19:54,24.3,78.0
2026-07-18 08:20:14,24.3,77.9
2026-07-18 08:20:34,24.3,77.9
2026-07-18 08:20:54,24.3,77.8
2026-07-18 08:21:14,24.4,77.7
2026-07-18 08:21:34,24.4,77.9
2026-07-18 08:21:54,24.4,77.9
2026-07-18 08:22:14,24.4,77.9
2026-07-18 08:22:34,24.4,78.1
2026-07-18 08:22:54,24.4,78.2
2026-07-18 08:23:14,24.4,78.4
2026-07-18 08:23:34,24.4,78.4
2026-07-18 08:23:54,24.4,78.3
2026-07-18 08:24:14,24.4,78.2
2026-07-18 08:24:34,24.4,78.3
2026-07-18 08:24:54,24.5,78.2
2026-07-18 08:25:14,24.5,78.3
2026-07-18 08:25:34,24.5,78.2
2026-07-18 08:25:55,24.5,78.2
2026-07-18 08:26:14,24.5,78.0
2026-07-18 08:26:34,24.5,77.7
2026-07-18 08:26:55,24.6,77.5
2026-07-18 08:27:15,24.6,77.5
2026-07-18 08:27:35,24.5,77.1
2026-07-18 08:27:55,24.5,76.9
2026-07-18 08:28:15,24.5,76.7
2026-07-18 08:28:35,24.5,76.4
2026-07-18 08:28:55,24.5,76.1
2026-07-18 08:29:15,24.5,76.0
2026-07-18 08:29:35,24.5,75.8
2026-07-18 08:29:55,24.4,75.7
2026-07-18 08:30:15,24.4,75.6
2026-07-18 08:30:35,24.4,75.5
2026-07-18 08:30:55,24.4,75.5
2026-07-18 08:31:15,24.4,75.6
2026-07-18 08:31:35,24.4,75.5
2026-07-18 08:31:55,24.4,75.4
2026-07-18 08:32:15,24.4,75.3
2026-07-18 08:32:35,24.4,75.1
2026-07-18 08:32:55,24.4,75.2
2026-07-18 08:33:15,24.4,75.0
2026-07-18 08:33:35,24.4,75.0
2026-07-18 08:33:55,24.4,75.3
2026-07-18 08:34:15,24.4,75.2
2026-07-18 08:34:35,24.4,75.0
2026-07-18 08:34:55,24.5,74.9
2026-07-18 08:35:15,24.5,74.9
2026-07-18 08:35:35,24.6,74.7
2026-07-18 08:35:55,24.6,74.3
2026-07-18 08:36:15,24.6,74.2
2026-07-18 08:36:35,24.6,74.1
2026-07-18 08:36:55,24.7,74.0
2026-07-18 08:37:15,24.7,74.0
2026-07-18 08:37:35,24.7,74.0
2026-07-18 08:37:55,24.7,73.9
2026-07-18 08:38:15,24.7,73.8
2026-07-18 08:38:35,24.7,73.7
2026-07-18 08:38:55,24.7,73.7
2026-07-18 08:39:15,24.6,73.4
2026-07-18 08:39:35,24.6,73.2
2026-07-18 08:39:55,24.6,73.3
2026-07-18 08:40:15,24.6,73.4
2026-07-18 08:40:35,24.6,73.6
2026-07-18 08:40:55,24.6,73.7
2026-07-18 08:41:15,24.5,73.7
2026-07-18 08:41:35,24.5,73.7
2026-07-18 08:41:55,24.6,73.6
2026-07-18 08:42:15,24.5,73.6
2026-07-18 08:42:35,24.5,73.6
2026-07-18 08:42:55,24.5,73.7
2026-07-18 08:43:15,24.5,73.8
2026-07-18 08:43:36,24.5,73.9
2026-07-18 08:43:55,24.6,74.0
2026-07-18 08:44:16,24.6,73.8
2026-07-18 08:44:36,24.6,73.7
2026-07-18 08:44:56,24.6,73.5
2026-07-18 08:45:16,24.6,73.4
2026-07-18 08:45:36,24.6,73.3
2026-07-18 08:47:56,24.7,72.9
2026-07-18 08:48:16,24.7,72.8
2026-07-18 08:48:36,24.7,72.8
2026-07-18 08:48:56,24.7,72.9
2026-07-18 08:49:16,24.8,72.9
2026-07-18 08:49:36,24.7,72.8
2026-07-18 08:49:56,24.8,72.9
2026-07-18 08:50:16,24.8,73.0
2026-07-18 08:50:36,24.8,73.0
2026-07-18 08:50:56,24.8,72.9
2026-07-18 08:51:16,24.8,73.0
2026-07-18 08:51:36,24.8,72.9
2026-07-18 08:51:56,24.8,72.9
2026-07-18 08:52:16,24.9,72.8
2026-07-18 08:52:36,24.9,72.7
2026-07-18 08:52:56,24.9,72.7
2026-07-18 08:53:16,24.9,72.7
2026-07-18 08:53:36,24.9,72.6
2026-07-18 08:53:56,24.9,72.6
2026-07-18 08:54:16,24.9,72.5
2026-07-18 08:54:36,24.9,72.5
2026-07-18 08:54:56,24.9,72.5
2026-07-18 08:55:16,24.9,72.5
2026-07-18 08:55:36,24.9,72.5
2026-07-18 08:55:56,24.9,72.5
2026-07-18 08:56:16,24.9,72.5
2026-07-18 08:56:36,24.9,72.6
2026-07-18 08:56:56,24.9,72.6
2026-07-18 08:57:16,24.9,72.5
2026-07-18 08:57:36,24.9,72.5
2026-07-18 08:57:56,24.9,72.5
2026-07-18 08:58:16,24.9,
2026-07-18 08:58:17,,72.5
2026-07-18 08:58:36,24.9,72.5
2026-07-18 08:58:56,24.9,
2026-07-18 08:58:57,,72.5
2026-07-18 08:59:16,24.9,
2026-07-18 08:59:17,,72.5
2026-07-18 08:59:36,24.9,72.5
2026-07-18 08:59:57,24.9,72.5
2026-07-18 09:00:16,24.9,72.5
2026-07-18 09:00:37,24.9,72.4
2026-07-18 09:00:56,24.9,72.5
2026-07-18 09:01:16,24.9,72.5
2026-07-18 09:01:37,24.9,72.5
2026-07-18 09:01:57,24.9,72.6
2026-07-18 09:02:17,24.9,72.6
2026-07-18 09:02:37,24.8,72.7
2026-07-18 09:02:57,24.8,72.7
2026-07-18 09:03:17,24.9,72.7
2026-07-18 09:03:37,24.9,72.7
2026-07-18 09:03:57,24.9,72.6
2026-07-18 09:04:17,24.9,72.5
2026-07-18 09:04:37,24.9,72.6
2026-07-18 09:04:57,24.9,72.7
2026-07-18 09:05:17,24.9,72.6
2026-07-18 09:05:37,25.0,72.7
2026-07-18 09:05:57,25.0,72.7
2026-07-18 09:06:17,25.1,72.8
2026-07-18 09:06:37,25.1,72.8
2026-07-18 09:06:57,25.1,72.7
2026-07-18 09:07:17,25.1,72.7
2026-07-18 09:07:37,25.1,72.7
2026-07-18 09:07:57,25.1,72.8
2026-07-18 09:08:17,25.1,72.7
2026-07-18 09:08:37,25.1,72.6
2026-07-18 09:08:57,25.1,72.6
2026-07-18 09:09:17,25.1,72.6
2026-07-18 09:09:37,25.1,72.7
2026-07-18 09:09:57,25.1,72.7
2026-07-18 09:10:17,25.1,72.7
2026-07-18 09:10:37,25.1,72.7
2026-07-18 09:10:57,25.1,72.7
2026-07-18 09:11:17,25.1,72.7
2026-07-18 09:11:37,25.1,72.6
2026-07-18 09:11:57,25.2,72.6
2026-07-18 09:12:17,25.2,72.6
2026-07-18 09:12:37,25.2,72.5
2026-07-18 09:12:57,25.2,72.3
2026-07-18 09:13:17,25.2,72.2
2026-07-18 09:13:37,25.3,72.0
2026-07-18 09:13:57,25.3,71.9
2026-07-18 09:14:17,25.3,71.7
2026-07-18 09:14:37,25.3,71.7
2026-07-18 09:14:57,25.3,71.6
2026-07-18 09:15:17,25.3,71.5
2026-07-18 09:15:37,25.3,71.6
2026-07-18 09:15:57,25.3,71.7
2026-07-18 09:16:17,25.3,71.8
2026-07-18 09:16:37,25.3,71.7
2026-07-18 09:16:57,25.2,71.7
2026-07-18 09:17:18,25.2,71.7
2026-07-18 09:17:37,25.2,71.8
2026-07-18 09:17:58,25.2,71.9
2026-07-18 09:18:18,25.2,72.1
2026-07-18 09:18:38,25.2,72.1
2026-07-18 09:18:58,25.2,72.2
2026-07-18 09:19:18,25.3,72.2
2026-07-18 09:19:38,25.3,72.2
2026-07-18 09:19:58,25.3,72.2
2026-07-18 09:20:18,25.3,72.2
2026-07-18 09:20:38,25.3,72.2
2026-07-18 09:20:58,25.3,72.1
2026-07-18 09:21:18,25.4,72.2
2026-07-18 09:21:38,25.3,72.2
2026-07-18 09:21:58,25.3,72.0
2026-07-18 09:22:18,25.3,72.0
2026-07-18 09:22:38,25.3,72.0
2026-07-18 09:22:58,25.3,72.0
2026-07-18 09:23:18,25.3,72.0
2026-07-18 09:23:38,25.3,72.0
2026-07-18 09:23:58,25.3,72.1
2026-07-18 09:24:18,25.3,72.1
2026-07-18 09:24:38,25.3,72.0
2026-07-18 09:24:58,25.3,72.0
2026-07-18 09:25:18,25.4,72.1
2026-07-18 09:25:38,25.4,72.0
2026-07-18 09:25:58,25.4,72.2
2026-07-18 09:26:18,25.4,72.2
2026-07-18 09:26:38,25.5,72.3
2026-07-18 09:26:58,25.6,72.3
2026-07-18 09:27:18,25.6,72.1
2026-07-18 09:27:38,25.7,72.0
2026-07-18 09:27:58,25.7,71.9
2026-07-18 09:28:18,25.7,71.8
2026-07-18 09:28:38,25.7,71.8
2026-07-18 09:28:58,25.7,71.8
2026-07-18 09:29:18,25.7,71.9
2026-07-18 09:29:38,25.7,71.9
2026-07-18 09:29:58,25.7,71.9
2026-07-18 09:30:18,25.7,71.9
2026-07-18 09:30:38,25.6,71.9
2026-07-18 09:30:58,25.6,72.0
2026-07-18 09:31:18,25.6,72.0
2026-07-18 09:31:38,25.6,72.1
2026-07-18 09:31:58,25.6,72.2
2026-07-18 09:32:18,25.6,72.1
2026-07-18 09:32:38,25.6,72.1
2026-07-18 09:32:58,25.5,72.2
2026-07-18 09:33:18,25.6,72.3
2026-07-18 09:33:38,25.6,72.1
2026-07-18 09:33:58,25.5,72.0
2026-07-18 09:34:18,25.5,72.1
2026-07-18 09:34:38,25.5,72.2
2026-07-18 09:34:58,25.5,72.3
2026-07-18 09:35:18,25.5,72.3
2026-07-18 09:35:39,25.5,72.4
2026-07-18 09:35:58,25.6,72.4
2026-07-18 09:36:18,25.6,72.4
2026-07-18 09:36:39,25.6,72.4
2026-07-18 09:36:59,25.7,72.4
2026-07-18 09:37:19,25.7,72.4
2026-07-18 09:37:39,25.7,72.4
2026-07-18 09:37:59,25.7,72.4
2026-07-18 09:38:19,25.8,72.3
2026-07-18 09:38:39,25.8,72.2
2026-07-18 09:38:59,25.8,72.1
2026-07-18 09:39:19,25.8,72.1
2026-07-18 09:39:39,25.8,72.0
2026-07-18 09:39:59,25.8,71.9
2026-07-18 09:40:19,25.8,71.6
2026-07-18 09:40:39,25.8,71.5
2026-07-18 09:40:59,25.7,71.4
2026-07-18 09:41:19,25.7,71.3
2026-07-18 09:41:39,25.7,71.3
2026-07-18 09:41:59,25.7,71.2
2026-07-18 09:42:19,25.7,71.1
2026-07-18 09:42:39,25.7,71.0
2026-07-18 09:42:59,25.7,70.9
2026-07-18 09:43:19,25.6,70.9
2026-07-18 09:43:39,25.6,70.9
2026-07-18 09:43:59,25.6,71.0
2026-07-18 09:44:19,25.6,71.0
2026-07-18 09:44:39,25.6,70.9
2026-07-18 09:44:59,25.6,70.9
2026-07-18 09:45:19,25.6,70.9
2026-07-18 09:45:39,25.6,70.8
2026-07-18 09:45:59,25.6,70.9
2026-07-18 09:46:19,25.6,70.9
2026-07-18 09:46:39,25.6,71.0
2026-07-18 09:46:59,25.6,71.0
2026-07-18 09:47:19,25.7,71.1
2026-07-18 09:47:39,25.7,71.1
2026-07-18 09:47:59,25.7,71.0
2026-07-18 09:48:19,25.8,71.0
2026-07-18 09:48:39,25.8,71.0
2026-07-18 09:48:59,25.8,71.0
2026-07-18 09:49:19,25.8,71.0
2026-07-18 09:49:39,25.9,70.9
2026-07-18 09:49:59,25.9,71.0
2026-07-18 09:50:19,26.0,71.0
2026-07-18 09:50:39,26.0,70.8
2026-07-18 09:50:59,26.0,70.7
2026-07-18 09:51:19,26.0,70.7
2026-07-18 09:51:39,26.0,70.4
2026-07-18 09:51:59,26.0,70.2
2026-07-18 09:52:19,25.9,70.1
2026-07-18 09:52:39,26.0,70.0
2026-07-18 09:53:00,26.0,69.8
2026-07-18 09:53:19,25.9,69.7
2026-07-18 09:53:40,26.0,69.5
2026-07-18 09:54:00,26.0,69.5
2026-07-18 09:54:20,26.0,69.4
2026-07-18 09:54:40,26.0,69.2
2026-07-18 09:55:00,26.1,69.1
2026-07-18 09:55:20,26.1,69.0
2026-07-18 09:55:40,26.1,68.8
2026-07-18 09:56:00,26.1,68.6
2026-07-18 09:56:20,26.2,68.4
2026-07-18 09:56:40,26.2,68.2
2026-07-18 09:57:00,26.2,68.2
2026-07-18 09:57:20,26.2,68.1
2026-07-18 09:57:40,26.2,68.0
2026-07-18 09:58:00,26.2,67.8
2026-07-18 09:58:20,26.2,67.6
2026-07-18 09:58:40,26.3,67.5
2026-07-18 09:59:00,26.3,67.4
2026-07-18 09:59:20,26.3,67.4
2026-07-18 09:59:40,26.3,67.2
2026-07-18 10:00:00,26.3,67.0
2026-07-18 10:00:20,26.3,66.7
2026-07-18 10:00:40,26.3,66.6
2026-07-18 10:01:00,26.3,66.5
2026-07-18 10:01:20,26.3,66.5
2026-07-18 10:01:40,26.3,66.4
2026-07-18 10:02:00,26.3,66.0
2026-07-18 10:02:20,26.2,65.7
2026-07-18 10:02:40,26.2,65.4
2026-07-18 10:03:00,26.2,65.3
2026-07-18 10:03:20,26.1,65.3
2026-07-18 10:03:40,26.1,65.5
2026-07-18 10:04:00,26.2,65.8
2026-07-18 10:04:20,26.2,66.1
2026-07-18 10:04:40,26.2,66.4
2026-07-18 10:05:00,26.2,66.5
2026-07-18 10:05:20,26.2,66.6
2026-07-18 10:05:40,26.2,66.7
2026-07-18 10:06:00,26.2,66.6
2026-07-18 10:06:20,26.2,66.5
2026-07-18 10:06:40,26.2,66.3
2026-07-18 10:07:00,26.2,66.1
2026-07-18 10:07:20,26.2,65.7
2026-07-18 10:07:40,26.3,65.2
2026-07-18 10:08:00,26.3,64.6
2026-07-18 10:08:20,26.3,64.0
2026-07-18 10:08:40,26.4,63.8
2026-07-18 10:09:00,26.4,63.3
2026-07-18 10:09:20,26.3,63.2
2026-07-18 10:09:40,26.3,63.2
2026-07-18 10:10:00,26.3,63.1
2026-07-18 10:10:20,26.3,
2026-07-18 10:10:21,,63.1
2026-07-18 10:10:40,26.3,63.1
2026-07-18 10:11:00,26.3,63.2
2026-07-18 10:11:20,26.3,63.6
2026-07-18 10:11:41,26.3,63.8
2026-07-18 10:12:01,26.3,63.9
2026-07-18 10:12:21,26.3,64.0
2026-07-18 10:12:41,26.3,64.1
2026-07-18 10:13:01,26.3,64.2
2026-07-18 10:13:21,26.3,64.1
2026-07-18 10:13:41,26.3,64.1
2026-07-18 10:14:01,26.3,64.2
2026-07-18 10:14:21,26.3,64.1
2026-07-18 10:14:41,26.3,64.1
2026-07-18 10:15:01,26.3,64.0
2026-07-18 10:15:21,26.3,63.9
2026-07-18 10:15:41,26.3,63.9
2026-07-18 10:16:01,26.3,63.9
2026-07-18 10:16:21,26.3,64.0
2026-07-18 10:16:41,26.3,64.0
2026-07-18 10:17:01,26.3,64.0
2026-07-18 10:17:21,26.3,64.1
2026-07-18 10:17:41,26.3,64.2
2026-07-18 10:18:01,26.3,64.2
2026-07-18 10:18:21,26.3,64.4
2026-07-18 10:18:41,26.3,64.7
2026-07-18 10:19:01,26.2,64.7
2026-07-18 10:19:21,26.3,64.7
2026-07-18 10:19:41,26.2,64.7
2026-07-18 10:20:01,26.3,64.8
2026-07-18 10:20:21,26.3,64.7
2026-07-18 10:20:41,26.2,64.7
2026-07-18 10:21:01,26.2,64.8
2026-07-18 10:21:21,26.2,64.5
2026-07-18 10:21:41,26.2,64.5
2026-07-18 10:22:01,26.3,64.4
2026-07-18 10:22:21,26.3,64.2
2026-07-18 10:22:41,26.3,64.0
2026-07-18 10:23:01,26.4,63.9
2026-07-18 10:23:21,26.3,63.4
2026-07-18 10:23:41,26.4,63.0
2026-07-18 10:24:01,26.3,62.7
2026-07-18 10:24:21,26.3,62.4
2026-07-18 10:24:41,26.3,62.2
2026-07-18 10:25:01,26.3,62.1
2026-07-18 10:25:21,26.2,62.0
2026-07-18 10:25:41,26.3,61.9
2026-07-18 10:26:01,26.2,
2026-07-18 10:26:02,,61.6
2026-07-18 10:26:21,26.2,61.5
2026-07-18 10:26:41,26.2,61.4
2026-07-18 10:27:01,26.2,61.3
2026-07-18 10:27:21,26.2,61.2
2026-07-18 10:27:41,26.3,61.5
2026-07-18 10:28:01,26.3,61.7
2026-07-18 10:28:21,26.3,61.7
2026-07-18 10:28:41,26.3,61.6
2026-07-18 10:29:01,26.4,61.6
2026-07-18 10:29:22,26.4,61.5
2026-07-18 10:29:42,26.4,61.5
2026-07-18 10:30:02,26.4,61.5
2026-07-18 10:30:22,26.4,61.2
2026-07-18 10:30:42,26.4,61.1
2026-07-18 10:31:02,26.4,61.0
2026-07-18 10:31:22,26.4,61.1
2026-07-18 10:31:42,26.4,61.2
2026-07-18 10:32:02,26.5,61.4
2026-07-18 10:32:22,26.5,61.4
2026-07-18 10:32:42,26.5,61.4
2026-07-18 10:33:02,26.4,61.4
2026-07-18 10:33:22,26.4,61.2
2026-07-18 10:33:42,26.4,61.2
2026-07-18 10:34:02,26.4,61.1
2026-07-18 10:34:22,26.4,61.1
2026-07-18 10:34:42,26.4,60.9
2026-07-18 10:35:02,26.4,60.7
2026-07-18 10:35:22,26.4,60.5
2026-07-18 10:35:42,26.4,60.2
2026-07-18 10:36:02,26.3,59.9
2026-07-18 10:36:22,26.4,59.7
2026-07-18 10:36:42,26.3,59.6
2026-07-18 10:37:02,26.4,59.7
2026-07-18 10:37:22,26.4,59.6
2026-07-18 10:37:42,26.4,59.7
2026-07-18 10:38:02,26.4,59.7
2026-07-18 10:38:22,26.4,59.6
2026-07-18 10:38:42,26.4,59.3
2026-07-18 10:39:02,26.4,59.1
2026-07-18 10:39:22,26.4,59.0
2026-07-18 10:39:42,26.4,59.1
2026-07-18 10:40:02,26.5,59.1
2026-07-18 10:40:22,26.5,58.9
2026-07-18 10:40:42,26.5,58.9
2026-07-18 10:41:02,26.5,59.2
2026-07-18 10:41:22,26.5,59.1
2026-07-18 10:41:42,26.5,59.0
2026-07-18 10:42:02,26.6,58.8
2026-07-18 10:42:22,26.6,58.8
2026-07-18 10:42:42,26.6,58.9
2026-07-18 10:43:02,26.6,58.9
2026-07-18 10:43:22,26.6,58.9
2026-07-18 10:43:42,26.7,59.1
2026-07-18 10:44:02,26.7,59.1
2026-07-18 10:44:22,26.7,59.3
2026-07-18 10:44:42,26.7,59.2
2026-07-18 10:45:03,26.8,59.2
2026-07-18 10:45:22,26.8,59.2
2026-07-18 10:45:43,26.8,59.3
2026-07-18 10:46:03,26.8,59.2
2026-07-18 10:46:23,26.8,59.2
2026-07-18 10:46:43,26.9,59.1
2026-07-18 10:47:03,26.9,59.1
2026-07-18 10:47:23,26.9,59.0
2026-07-18 10:47:43,26.9,59.1
2026-07-18 10:48:03,26.9,59.1
2026-07-18 10:48:23,26.9,58.9
2026-07-18 10:48:43,26.9,59.0
2026-07-18 10:49:03,26.9,58.9
2026-07-18 10:49:23,26.9,58.9
2026-07-18 10:49:43,27.0,58.9
2026-07-18 10:50:03,27.0,58.9
2026-07-18 10:50:23,27.0,58.6
2026-07-18 10:50:43,27.0,58.4
2026-07-18 10:51:03,27.0,58.2
2026-07-18 10:51:23,27.0,57.9
2026-07-18 10:51:43,26.9,58.0
2026-07-18 10:52:03,26.9,57.6
2026-07-18 10:52:23,26.9,57.5
2026-07-18 10:52:43,26.9,57.5
2026-07-18 10:53:03,26.9,57.6
2026-07-18 10:53:23,26.9,57.6
2026-07-18 10:53:43,26.9,57.6
2026-07-18 10:54:03,26.9,57.6
2026-07-18 10:54:23,26.9,57.7
2026-07-18 10:54:43,26.8,57.7
2026-07-18 10:55:03,26.9,57.9
2026-07-18 10:55:23,26.9,58.2
2026-07-18 10:55:43,26.9,58.2
2026-07-18 10:56:03,26.9,58.4
2026-07-18 10:56:23,26.9,58.5
2026-07-18 10:56:43,26.9,58.6
2026-07-18 10:57:03,26.8,58.6
2026-07-18 10:57:23,26.8,58.7
2026-07-18 10:57:43,26.8,58.7
2026-07-18 10:58:03,26.8,58.8
2026-07-18 10:58:23,26.7,58.9
2026-07-18 10:58:43,26.7,59.1
2026-07-18 10:59:03,26.8,59.2
2026-07-18 10:59:23,26.8,59.2
2026-07-18 10:59:43,26.8,59.3
2026-07-18 11:00:04,26.9,59.2
2026-07-18 11:00:23,26.9,59.1
2026-07-18 11:00:43,26.9,59.0
2026-07-18 11:01:04,26.9,59.0
2026-07-18 11:01:23,26.9,58.9
2026-07-18 11:01:44,26.9,58.9
2026-07-18 11:02:03,27.0,58.9
2026-07-18 11:02:24,27.0,59.0
2026-07-18 11:02:44,27.0,59.1
2026-07-18 11:03:04,27.0,59.0
2026-07-18 11:03:24,27.0,59.0
2026-07-18 11:03:44,26.9,59.1
2026-07-18 11:04:04,26.9,59.1
2026-07-18 11:04:24,26.9,59.1
2026-07-18 11:04:44,26.8,59.0
2026-07-18 11:05:04,26.9,59.1
2026-07-18 11:05:24,26.9,59.1
2026-07-18 11:05:44,26.8,59.1
2026-07-18 11:06:04,26.9,59.2
2026-07-18 11:06:24,26.9,59.1
2026-07-18 11:06:44,26.9,59.1
2026-07-18 11:07:04,26.9,59.1
2026-07-18 11:07:24,27.0,59.1
2026-07-18 11:07:44,27.0,59.1
2026-07-18 11:08:04,27.1,59.2
2026-07-18 11:08:24,27.1,59.2
2026-07-18 11:08:44,27.0,59.1
2026-07-18 11:09:04,27.1,59.2
2026-07-18 11:09:24,27.0,59.1
2026-07-18 11:09:44,27.0,59.3
2026-07-18 11:10:04,27.0,59.3
2026-07-18 11:10:24,27.0,59.4
2026-07-18 11:10:44,27.1,59.5
2026-07-18 11:11:04,27.1,59.8
2026-07-18 11:11:24,27.0,59.8
2026-07-18 11:11:44,27.1,59.8
2026-07-18 11:12:04,27.1,59.7
2026-07-18 11:12:24,27.1,59.6
2026-07-18 11:12:44,27.1,59.4
2026-07-18 11:13:04,27.1,59.1
2026-07-18 11:13:24,27.1,58.9
2026-07-18 11:13:44,27.2,58.8
2026-07-18 11:14:04,27.2,58.8
2026-07-18 11:14:24,27.2,58.7
2026-07-18 11:14:44,27.1,58.1
2026-07-18 11:15:04,27.1,57.6
2026-07-18 11:15:24,27.1,57.3
2026-07-18 11:15:44,27.1,57.1
2026-07-18 11:16:04,27.1,57.1
2026-07-18 11:16:24,27.1,57.2
2026-07-18 11:16:44,27.1,57.3
2026-07-18 11:17:04,27.0,57.3
2026-07-18 11:17:24,27.0,57.4
2026-07-18 11:17:44,27.0,57.5
2026-07-18 11:18:04,27.0,57.6
2026-07-18 11:18:24,27.0,57.8
2026-07-18 11:18:44,27.0,57.8
2026-07-18 11:19:04,27.0,58.3
2026-07-18 11:19:25,27.1,58.3
2026-07-18 11:19:44,27.0,
2026-07-18 11:19:45,,58.6
2026-07-18 11:20:05,27.0,58.6
2026-07-18 11:20:25,27.0,58.8
2026-07-18 11:20:45,27.0,59.2
2026-07-18 11:21:05,27.0,59.2
2026-07-18 11:21:25,27.0,59.1
2026-07-18 11:21:45,27.0,59.3
2026-07-18 11:22:05,27.1,59.2
2026-07-18 11:22:25,27.1,59.3
2026-07-18 11:22:45,27.1,59.3
2026-07-18 11:23:05,27.1,59.2
2026-07-18 11:23:25,27.1,59.2
2026-07-18 11:23:45,27.1,59.0
2026-07-18 11:24:05,27.1,58.7
2026-07-18 11:24:25,27.1,58.1
2026-07-18 11:24:45,27.1,58.2
2026-07-18 11:25:05,27.1,57.8
2026-07-18 11:25:25,27.1,57.6
2026-07-18 11:25:45,27.0,57.7
2026-07-18 11:26:05,27.1,57.6
2026-07-18 11:26:25,27.0,57.7
2026-07-18 11:26:45,27.0,57.8
2026-07-18 11:27:05,27.0,57.9
2026-07-18 11:27:25,27.0,57.8
2026-07-18 11:27:45,27.0,57.8
2026-07-18 11:28:05,27.0,57.8
2026-07-18 11:28:25,27.0,57.8
2026-07-18 11:28:45,27.0,57.7
2026-07-18 11:29:05,27.0,57.8
2026-07-18 11:29:25,27.0,57.8
2026-07-18 11:29:45,27.0,57.7
2026-07-18 11:30:05,27.0,57.7
2026-07-18 11:30:25,27.0,57.8
2026-07-18 11:30:45,27.0,57.9
2026-07-18 11:31:05,27.0,57.6
2026-07-18 11:31:25,27.0,57.5
2026-07-18 11:31:45,27.0,57.6
2026-07-18 11:32:05,27.0,57.6
2026-07-18 11:32:25,27.1,57.6
2026-07-18 11:32:45,27.1,57.7
2026-07-18 11:33:05,27.1,57.6
2026-07-18 11:33:25,27.1,57.4
2026-07-18 11:33:45,27.1,57.1
2026-07-18 11:34:05,27.0,57.1
2026-07-18 11:34:25,27.0,57.2
2026-07-18 11:34:45,27.0,57.3
2026-07-18 11:35:05,27.0,57.3
2026-07-18 11:35:25,27.0,57.5
2026-07-18 11:35:45,27.1,57.6
2026-07-18 11:36:05,27.1,57.6
2026-07-18 11:36:25,27.1,57.8
2026-07-18 11:36:46,27.1,57.8
2026-07-18 11:37:05,27.1,57.9
2026-07-18 11:37:25,27.1,
2026-07-18 11:37:26,,58.0
2026-07-18 11:37:46,27.2,58.0
2026-07-18 11:38:06,27.2,57.9
2026-07-18 11:38:26,27.2,57.7
2026-07-18 11:38:46,27.2,57.7
2026-07-18 11:39:06,27.2,57.7
2026-07-18 11:39:26,27.2,57.7
2026-07-18 11:39:46,27.2,57.7
2026-07-18 11:40:06,27.2,57.8
2026-07-18 11:40:26,27.1,58.0
2026-07-18 11:40:46,27.1,58.2
2026-07-18 11:41:06,27.1,58.3
2026-07-18 11:41:26,27.1,58.4
2026-07-18 11:41:46,27.0,58.6
2026-07-18 11:42:06,27.0,58.7
2026-07-18 11:42:26,27.0,58.8
2026-07-18 11:42:46,27.0,59.0
2026-07-18 11:43:06,27.0,59.0
2026-07-18 11:43:26,27.0,59.2
2026-07-18 11:43:46,27.0,59.2
2026-07-18 11:44:06,27.1,59.1
2026-07-18 11:44:26,27.1,59.0
2026-07-18 11:44:46,27.1,58.9
2026-07-18 11:45:06,27.1,59.0
2026-07-18 11:45:26,27.0,59.1
2026-07-18 11:45:46,27.0,59.3
2026-07-18 11:46:06,27.1,59.1
2026-07-18 11:46:26,27.1,58.9
2026-07-18 11:46:46,27.1,58.8
2026-07-18 11:47:06,27.1,58.7
2026-07-18 11:47:26,27.1,58.7
2026-07-18 11:47:46,27.2,58.7
2026-07-18 11:48:06,27.3,58.7
2026-07-18 11:48:26,27.3,58.6
2026-07-18 11:48:46,27.3,58.7
2026-07-18 11:49:06,27.4,58.8
2026-07-18 11:49:26,27.4,58.7
2026-07-18 11:49:46,27.4,58.7
2026-07-18 11:50:06,27.4,58.7
2026-07-18 11:50:26,27.4,58.7
2026-07-18 11:50:46,27.4,58.5
2026-07-18 11:51:06,27.4,58.5
2026-07-18 11:51:26,27.5,58.2
2026-07-18 11:51:46,27.5,57.9
2026-07-18 11:52:07,27.4,57.8
2026-07-18 11:52:26,27.5,57.5
2026-07-18 11:52:46,27.5,57.3
2026-07-18 11:53:06,27.5,57.2
2026-07-18 11:53:26,27.5,57.2
2026-07-18 11:53:47,27.5,57.2
2026-07-18 11:54:06,27.5,57.3
2026-07-18 11:54:27,27.5,57.4
2026-07-18 11:54:47,27.5,57.3
2026-07-18 11:55:07,27.4,57.4
2026-07-18 11:55:27,27.4,57.6
2026-07-18 11:55:47,27.4,57.7
2026-07-18 11:56:07,27.4,57.8
2026-07-18 11:56:27,27.4,57.8
2026-07-18 11:56:47,27.4,57.9
2026-07-18 11:57:07,27.4,58.1
2026-07-18 11:57:27,27.4,58.3
2026-07-18 11:57:47,27.3,58.2
2026-07-18 11:58:07,27.4,58.3
2026-07-18 11:58:27,27.3,58.6
2026-07-18 11:58:47,27.3,58.7
2026-07-18 11:59:07,27.4,58.8
2026-07-18 11:59:27,27.4,58.8
2026-07-18 11:59:47,27.4,58.9
2026-07-18 12:00:07,27.4,59.0
2026-07-18 12:00:27,27.4,59.1
2026-07-18 12:00:47,27.4,59.4
2026-07-18 12:01:07,27.4,59.4
2026-07-18 12:01:27,27.4,59.5
2026-07-18 12:01:47,27.4,59.6
2026-07-18 12:02:07,27.4,59.8
2026-07-18 12:02:27,27.4,59.9
2026-07-18 12:02:47,27.4,59.9
2026-07-18 12:03:07,27.4,59.9
2026-07-18 12:03:27,27.4,59.8
2026-07-18 12:03:47,27.4,59.7
2026-07-18 12:04:07,27.3,59.8
2026-07-18 12:04:27,27.3,59.8
2026-07-18 12:04:47,27.4,59.9
2026-07-18 12:05:07,27.4,59.9
2026-07-18 12:05:27,27.5,59.9
2026-07-18 12:05:47,27.5,59.8
2026-07-18 12:06:07,27.5,59.7
2026-07-18 12:06:27,27.5,59.6
2026-07-18 12:06:47,27.5,59.3
2026-07-18 12:07:07,27.5,59.2
2026-07-18 12:07:27,27.5,59.2
2026-07-18 12:07:47,27.4,59.1
2026-07-18 12:08:07,27.4,58.9
2026-07-18 12:08:28,27.4,58.9
2026-07-18 12:08:47,27.5,
2026-07-18 12:08:48,,58.8
2026-07-18 12:09:07,27.4,58.9
2026-07-18 12:09:28,27.4,58.9
2026-07-18 12:09:48,27.5,58.8
2026-07-18 12:10:07,27.5,58.6
2026-07-18 12:10:28,27.5,58.5
2026-07-18 12:10:48,27.5,58.5
2026-07-18 12:11:08,27.5,58.7
2026-07-18 12:11:28,27.5,58.5
2026-07-18 12:11:48,27.4,58.3
2026-07-18 12:12:08,27.4,58.3
2026-07-18 12:12:28,27.4,58.5
2026-07-18 12:12:48,27.4,58.4
2026-07-18 12:13:08,27.4,58.5
2026-07-18 12:13:28,27.4,58.6
2026-07-18 12:13:48,27.4,58.8
2026-07-18 12:14:08,27.4,59.0
2026-07-18 12:14:28,27.5,59.0
2026-07-18 12:14:48,27.5,59.0
2026-07-18 12:15:08,27.5,59.1
2026-07-18 12:15:28,27.5,59.3
2026-07-18 12:15:48,27.5,59.5
2026-07-18 12:16:08,27.5,59.5
2026-07-18 12:16:28,27.5,59.6
2026-07-18 12:16:48,27.5,59.4
2026-07-18 12:17:08,27.5,59.5
2026-07-18 12:17:28,27.6,59.4
2026-07-18 12:17:48,27.5,59.5
2026-07-18 12:18:08,27.5,59.7
2026-07-18 12:18:28,27.5,59.8
2026-07-18 12:18:48,27.5,59.8
2026-07-18 12:19:08,27.5,59.7
2026-07-18 12:19:28,27.6,59.7
2026-07-18 12:19:48,27.6,59.7
2026-07-18 12:20:08,27.6,59.7
2026-07-18 12:20:28,27.6,59.7
2026-07-18 12:20:48,27.6,59.6
2026-07-18 12:21:08,27.6,59.5
2026-07-18 12:21:28,27.6,59.5
2026-07-18 12:21:48,27.6,59.4
2026-07-18 12:22:08,27.6,59.4
2026-07-18 12:22:28,27.6,59.5
2026-07-18 12:22:48,27.5,59.5
2026-07-18 12:23:08,27.5,59.6
2026-07-18 12:23:28,27.5,59.5
2026-07-18 12:23:48,27.5,59.6
2026-07-18 12:24:08,27.5,59.7
2026-07-18 12:24:28,27.4,59.3
2026-07-18 12:24:48,27.4,
2026-07-18 12:24:49,,59.4
2026-07-18 12:25:08,27.4,59.4
2026-07-18 12:25:28,27.4,
2026-07-18 12:25:29,,59.5
2026-07-18 12:25:48,27.3,
2026-07-18 12:25:49,,59.4
2026-07-18 12:26:09,27.3,59.4
2026-07-18 12:26:29,27.4,59.4
2026-07-18 12:26:49,27.4,59.4
2026-07-18 12:27:09,27.4,59.3
2026-07-18 12:27:29,27.4,59.4
2026-07-18 12:27:49,27.4,59.4
2026-07-18 12:28:09,27.3,59.7
2026-07-18 12:28:29,27.3,59.4
2026-07-18 12:28:49,27.3,59.0
2026-07-18 12:29:09,27.3,58.8
2026-07-18 12:29:29,27.3,58.9
2026-07-18 12:29:49,27.3,58.9
2026-07-18 12:30:09,27.2,59.0
2026-07-18 12:30:29,27.2,58.7
2026-07-18 12:30:49,27.2,58.7
2026-07-18 12:31:09,27.2,58.4
2026-07-18 12:31:29,27.2,58.4
2026-07-18 12:31:49,27.2,58.4
2026-07-18 12:32:09,27.2,58.5
2026-07-18 12:32:29,27.2,58.6
2026-07-18 12:32:49,27.2,58.5
2026-07-18 12:33:09,27.2,58.4
2026-07-18 12:33:29,27.2,58.3
2026-07-18 12:33:49,27.2,58.2
2026-07-18 12:34:09,27.2,58.4
2026-07-18 12:34:29,27.3,58.5
2026-07-18 12:34:49,27.3,58.7
2026-07-18 12:35:09,27.4,58.5
2026-07-18 12:35:29,27.4,57.9
2026-07-18 12:35:49,27.4,57.7
2026-07-18 12:36:09,27.4,57.3
2026-07-18 12:36:29,27.5,57.3
2026-07-18 12:36:49,27.4,57.4
2026-07-18 12:37:09,27.5,57.6
2026-07-18 12:37:29,27.4,58.0
2026-07-18 12:37:49,27.4,58.2
2026-07-18 12:38:09,27.3,58.3
2026-07-18 12:38:29,27.3,58.4
2026-07-18 12:38:49,27.3,58.7
2026-07-18 12:39:09,27.3,58.9
2026-07-18 12:39:29,27.3,59.0
2026-07-18 12:39:50,27.3,59.2
2026-07-18 12:40:09,27.4,59.4
2026-07-18 12:40:29,27.3,59.4
2026-07-18 12:40:49,27.3,59.5
2026-07-18 12:41:09,27.3,59.5
2026-07-18 12:41:30,27.4,59.5
2026-07-18 12:41:49,27.4,59.6
2026-07-18 12:42:09,27.4,59.7
2026-07-18 12:42:30,27.4,59.8
2026-07-18 12:42:49,27.5,60.0
2026-07-18 12:43:09,27.5,60.0
2026-07-18 12:43:29,27.5,59.9
2026-07-18 12:43:50,27.5,59.9
2026-07-18 12:44:10,27.5,59.9
2026-07-18 12:44:30,27.5,59.8
2026-07-18 12:44:50,27.4,59.9
2026-07-18 12:45:10,27.4,59.8
2026-07-18 12:45:30,27.4,59.9
2026-07-18 12:45:50,27.4,59.9
2026-07-18 12:46:10,27.4,59.9
2026-07-18 12:46:30,27.4,60.0
2026-07-18 12:46:50,27.4,59.8
2026-07-18 12:47:10,27.4,59.7
2026-07-18 12:47:30,27.4,59.4
2026-07-18 12:47:50,27.4,59.2
2026-07-18 12:48:10,27.4,59.0
2026-07-18 12:48:30,27.4,59.0
2026-07-18 12:48:50,27.4,59.1
2026-07-18 12:49:10,27.4,59.3
2026-07-18 12:49:30,27.4,59.5
2026-07-18 12:49:50,27.5,59.6
2026-07-18 12:50:10,27.5,59.7
2026-07-18 12:50:30,27.6,59.6
2026-07-18 12:50:50,27.6,59.5
2026-07-18 12:51:10,27.6,59.2
2026-07-18 12:51:30,27.6,59.2
2026-07-18 12:51:50,27.6,59.0
2026-07-18 12:52:10,27.6,59.1
2026-07-18 12:52:30,27.6,59.2
2026-07-18 12:52:50,27.6,59.2
2026-07-18 12:53:10,27.6,59.2
2026-07-18 12:53:30,27.6,59.2
2026-07-18 12:53:50,27.6,59.1
2026-07-18 12:54:11,27.6,59.0
2026-07-18 12:54:30,27.5,58.9
2026-07-18 12:54:50,27.5,58.9
2026-07-18 12:55:10,27.5,58.8
2026-07-18 12:55:30,27.5,58.8
2026-07-18 12:55:50,27.5,59.0
2026-07-18 12:56:10,27.5,59.0
2026-07-18 12:56:30,27.5,59.0
2026-07-18 12:56:50,27.5,58.9
2026-07-18 12:57:10,27.5,58.7
2026-07-18 12:57:30,27.6,58.7
2026-07-18 12:57:50,27.6,58.6
2026-07-18 12:58:10,27.5,58.8
2026-07-18 12:58:30,27.5,58.9
2026-07-18 12:58:50,27.5,59.1
2026-07-18 12:59:11,27.6,59.3
2026-07-18 12:59:30,27.7,59.4
2026-07-18 12:59:50,27.7,59.3
2026-07-18 13:00:10,27.8,59.3
2026-07-18 13:00:31,27.8,59.3
2026-07-18 13:00:51,27.8,59.5
2026-07-18 13:01:11,27.9,59.6
2026-07-18 13:01:31,27.9,59.4
2026-07-18 13:01:51,27.9,59.3
2026-07-18 13:02:11,27.8,59.4
2026-07-18 13:02:31,27.8,59.5
2026-07-18 13:02:51,27.8,59.3
2026-07-18 13:03:11,27.8,59.1
2026-07-18 13:03:31,27.8,58.7
2026-07-18 13:03:51,27.8,58.4
2026-07-18 13:04:11,27.8,58.3
2026-07-18 13:04:31,27.8,58.3
2026-07-18 13:04:51,27.8,58.3
2026-07-18 13:05:11,27.8,58.4
2026-07-18 13:05:31,27.8,58.4
2026-07-18 13:05:51,27.8,58.6
2026-07-18 13:06:11,27.8,58.7
2026-07-18 13:06:31,27.8,58.9
2026-07-18 13:06:51,27.7,59.1
2026-07-18 13:07:11,27.7,59.3
2026-07-18 13:07:31,27.6,59.4
2026-07-18 13:07:51,27.6,59.4
2026-07-18 13:08:11,27.7,59.3
2026-07-18 13:08:31,27.7,59.2
2026-07-18 13:08:51,27.7,59.3
2026-07-18 13:09:11,27.7,59.4
2026-07-18 13:09:31,27.8,59.6
2026-07-18 13:09:51,27.7,59.8
2026-07-18 13:10:11,27.8,59.8
2026-07-18 13:10:31,27.7,59.8
2026-07-18 13:10:51,27.7,59.7
2026-07-18 13:11:11,27.7,59.9
2026-07-18 13:11:31,27.7,59.9
2026-07-18 13:11:51,27.8,60.0
2026-07-18 13:12:11,27.8,59.9
2026-07-18 13:12:31,27.7,59.7
2026-07-18 13:12:51,27.7,59.8
2026-07-18 13:13:11,27.7,59.7
2026-07-18 13:13:31,27.6,59.6
2026-07-18 13:13:52,27.7,59.6
2026-07-18 13:14:12,27.6,59.6
2026-07-18 13:14:32,27.6,59.8
2026-07-18 13:14:51,27.6,60.0
2026-07-18 13:15:11,27.5,60.2
2026-07-18 13:15:31,27.5,60.2
2026-07-18 13:15:51,27.5,60.2
2026-07-18 13:16:11,27.5,60.2
2026-07-18 13:16:31,27.6,60.1
2026-07-18 13:16:51,27.6,60.0
2026-07-18 13:17:11,27.5,60.0
2026-07-18 13:17:31,27.5,
2026-07-18 13:17:32,,60.2
2026-07-18 13:17:52,27.5,60.4
2026-07-18 13:18:12,27.4,60.4
2026-07-18 13:18:32,27.4,60.6
2026-07-18 13:18:52,27.4,60.6
2026-07-18 13:19:12,27.4,60.7
2026-07-18 13:19:32,27.4,60.8
2026-07-18 13:19:52,27.4,61.1
2026-07-18 13:20:12,27.4,61.2
2026-07-18 13:20:32,27.4,61.4
2026-07-18 13:20:52,27.4,61.4
2026-07-18 13:21:12,27.4,61.4
2026-07-18 13:21:32,27.4,61.4
2026-07-18 13:21:52,27.4,61.6
2026-07-18 13:22:12,27.5,61.6
2026-07-18 13:22:32,27.5,61.6
2026-07-18 13:22:52,27.5,61.7
2026-07-18 13:23:12,27.5,61.6
2026-07-18 13:23:32,27.5,61.8
2026-07-18 13:23:52,27.5,62.0
2026-07-18 13:24:12,27.6,61.9
2026-07-18 13:24:32,27.6,62.0
2026-07-18 13:24:52,27.6,61.9
2026-07-18 13:25:12,27.7,62.0
2026-07-18 13:25:32,27.7,61.9
2026-07-18 13:25:52,27.7,62.0
2026-07-18 13:26:12,27.7,61.8
2026-07-18 13:26:32,27.7,61.9
2026-07-18 13:26:52,27.7,61.9
2026-07-18 13:27:12,27.7,61.9
2026-07-18 13:27:32,27.7,61.9
2026-07-18 13:27:52,27.7,61.9
2026-07-18 13:28:12,27.6,61.8
2026-07-18 13:28:32,27.6,61.7
2026-07-18 13:28:52,27.6,61.7
2026-07-18 13:29:12,27.6,61.4
2026-07-18 13:29:32,27.6,61.2
2026-07-18 13:29:52,27.6,60.8
2026-07-18 13:30:12,27.6,60.7
2026-07-18 13:30:32,27.6,60.6
2026-07-18 13:30:52,27.6,60.6
2026-07-18 13:31:12,27.6,60.8
2026-07-18 13:31:33,27.6,61.0
2026-07-18 13:31:52,27.6,61.1
2026-07-18 13:32:13,27.6,61.1
2026-07-18 13:32:32,27.6,61.2
2026-07-18 13:32:52,27.5,61.3
2026-07-18 13:33:12,27.5,61.4
2026-07-18 13:33:32,27.5,61.6
2026-07-18 13:33:52,27.5,61.7
2026-07-18 13:34:12,27.5,61.8
2026-07-18 13:34:32,27.6,61.8
2026-07-18 13:34:52,27.6,
2026-07-18 13:34:53,,61.9
2026-07-18 13:35:13,27.6,61.8
2026-07-18 13:35:33,27.6,61.8
2026-07-18 13:35:53,27.6,61.9
2026-07-18 13:36:13,27.6,61.9
2026-07-18 13:36:33,27.6,61.9
2026-07-18 13:36:53,27.5,62.0
2026-07-18 13:37:13,27.5,62.1
2026-07-18 13:37:33,27.5,62.3
2026-07-18 13:37:53,27.5,61.9
2026-07-18 13:38:13,27.5,61.3
2026-07-18 13:38:33,27.5,60.7
2026-07-18 13:38:53,27.5,60.5
2026-07-18 13:39:13,27.6,60.4
2026-07-18 13:39:33,27.6,60.4
2026-07-18 13:39:53,27.6,60.4
2026-07-18 13:40:13,27.7,60.1
2026-07-18 13:40:33,27.7,59.8
2026-07-18 13:40:53,27.7,59.5
2026-07-18 13:41:13,27.8,59.3
2026-07-18 13:41:33,27.8,59.0
2026-07-18 13:41:53,27.9,58.7
2026-07-18 13:42:13,27.9,58.4
2026-07-18 13:42:33,27.9,58.2
2026-07-18 13:42:53,27.9,58.0
2026-07-18 13:43:13,27.9,57.9
2026-07-18 13:43:33,27.8,57.9
2026-07-18 13:43:53,27.8,57.9
2026-07-18 13:44:13,27.8,57.9
2026-07-18 13:44:33,27.7,57.9
2026-07-18 13:44:53,27.7,57.9
2026-07-18 13:45:13,27.7,58.1
2026-07-18 13:45:33,27.8,58.0
2026-07-18 13:45:53,27.8,58.1
2026-07-18 13:46:13,27.8,58.3
2026-07-18 13:46:33,27.7,58.4
2026-07-18 13:46:53,27.7,58.5
2026-07-18 13:47:13,27.7,58.5
2026-07-18 13:47:33,27.7,58.3
2026-07-18 13:47:53,27.7,58.3
2026-07-18 13:48:13,27.7,58.4
2026-07-18 13:48:33,27.7,58.4
2026-07-18 13:48:53,27.7,58.3
2026-07-18 13:49:13,27.8,58.3
2026-07-18 13:49:33,27.8,58.2
2026-07-18 13:49:53,27.8,58.4
2026-07-18 13:50:13,27.8,58.5
2026-07-18 13:50:33,27.8,58.5
2026-07-18 13:50:53,27.8,58.6
2026-07-18 13:51:13,27.8,58.7
2026-07-18 13:51:33,27.8,59.0
2026-07-18 13:51:53,27.8,59.0
2026-07-18 13:52:14,27.8,59.1
2026-07-18 13:52:34,27.7,59.0
2026-07-18 13:52:54,27.7,59.0
2026-07-18 13:53:14,27.7,59.2
2026-07-18 13:53:34,27.7,59.3
2026-07-18 13:53:54,27.7,59.4
2026-07-18 13:54:14,27.7,59.5
2026-07-18 13:54:34,27.7,59.6
2026-07-18 13:54:54,27.7,59.7
2026-07-18 13:55:14,27.7,59.9
2026-07-18 13:55:34,27.7,59.9
2026-07-18 13:55:54,27.7,60.0
2026-07-18 13:56:14,27.8,60.1
2026-07-18 13:56:34,27.8,60.6
2026-07-18 13:56:54,27.8,60.7
2026-07-18 13:57:14,27.8,60.7
2026-07-18 13:57:34,27.8,60.9
2026-07-18 13:57:54,27.8,61.1
2026-07-18 13:58:14,27.8,61.3
2026-07-18 13:58:34,27.8,61.4
2026-07-18 13:58:54,27.8,61.5
2026-07-18 13:59:14,27.8,61.6
2026-07-18 13:59:34,27.8,61.8
2026-07-18 13:59:54,27.9,61.4
2026-07-18 14:00:14,27.9,61.2
2026-07-18 14:00:34,27.9,61.0
2026-07-18 14:00:54,27.9,60.9
2026-07-18 14:01:14,27.9,60.9
2026-07-18 14:01:34,27.9,60.9
2026-07-18 14:01:54,27.9,61.0
2026-07-18 14:02:14,27.8,61.0
2026-07-18 14:02:34,27.8,61.2
2026-07-18 14:02:54,27.8,61.1
2026-07-18 14:03:14,27.8,61.0
2026-07-18 14:03:34,27.8,60.8
2026-07-18 14:03:54,27.8,60.7
2026-07-18 14:04:14,27.9,60.6
2026-07-18 14:04:34,27.9,60.5
2026-07-18 14:04:54,27.9,60.4
2026-07-18 14:05:14,27.9,60.4
2026-07-18 14:05:34,27.9,60.3
2026-07-18 14:05:54,27.9,60.2
2026-07-18 14:06:14,27.9,60.2
2026-07-18 14:06:34,27.9,60.2
2026-07-18 14:06:54,27.9,60.2
2026-07-18 14:07:14,27.9,60.1
2026-07-18 14:07:34,27.9,60.1
2026-07-18 14:07:54,27.8,60.2
2026-07-18 14:08:14,27.8,60.3
2026-07-18 14:08:34,27.8,60.3
2026-07-18 14:08:54,27.8,60.3
2026-07-18 14:09:14,27.8,
2026-07-18 14:09:15,,60.4
2026-07-18 14:09:34,27.7,
2026-07-18 14:09:35,,60.3
2026-07-18 14:09:55,27.7,60.4
2026-07-18 14:10:15,27.7,60.4
2026-07-18 14:10:35,27.7,60.5
2026-07-18 14:10:55,27.8,60.5
2026-07-18 14:11:15,27.8,60.6
2026-07-18 14:11:35,27.8,60.9
2026-07-18 14:11:55,27.7,60.9
2026-07-18 14:12:15,27.8,61.0
2026-07-18 14:12:35,27.8,61.0
2026-07-18 14:12:55,27.8,61.1
2026-07-18 14:13:15,27.8,61.2
2026-07-18 14:13:35,27.8,61.1
2026-07-18 14:13:55,27.8,61.0
2026-07-18 14:14:15,27.8,61.2
2026-07-18 14:14:35,27.8,61.2
2026-07-18 14:14:55,27.8,61.3
2026-07-18 14:15:15,27.8,61.3
2026-07-18 14:15:35,27.8,61.2
2026-07-18 14:15:55,27.8,61.1
2026-07-18 14:16:15,27.8,61.0
2026-07-18 14:16:35,27.8,61.0
2026-07-18 14:16:55,27.8,61.0
2026-07-18 14:17:15,27.8,61.0
2026-07-18 14:17:35,27.8,61.0
2026-07-18 14:17:55,27.8,61.1
2026-07-18 14:18:15,27.7,61.0
2026-07-18 14:18:35,27.7,61.2
2026-07-18 14:18:55,27.7,61.4
2026-07-18 14:19:15,27.6,61.4
2026-07-18 14:19:35,27.6,61.5
2026-07-18 14:19:55,27.6,61.6
2026-07-18 14:20:15,27.6,61.6
2026-07-18 14:20:35,27.7,61.6
2026-07-18 14:20:55,27.7,61.6
2026-07-18 14:21:15,27.7,61.7
2026-07-18 14:21:35,27.7,61.6
2026-07-18 14:21:55,27.6,61.6
2026-07-18 14:22:15,27.6,61.5
2026-07-18 14:22:35,27.6,61.5
2026-07-18 14:22:55,27.5,61.7
2026-07-18 14:23:15,27.5,61.7
2026-07-18 14:23:35,27.5,61.7
2026-07-18 14:23:55,27.5,61.8
2026-07-18 14:24:15,27.6,61.8
2026-07-18 14:24:35,27.6,61.7
2026-07-18 14:24:55,27.6,61.8
2026-07-18 14:25:15,27.6,61.6
2026-07-18 14:25:35,27.5,61.8
2026-07-18 14:25:55,27.5,61.8
2026-07-18 14:26:15,27.5,61.8
2026-07-18 14:26:35,27.5,61.8
2026-07-18 14:26:56,27.5,62.0
2026-07-18 14:27:16,27.5,61.8
2026-07-18 14:27:36,27.5,61.7
2026-07-18 14:27:56,27.5,61.7
2026-07-18 14:28:16,27.6,61.7
2026-07-18 14:28:36,27.5,61.8
2026-07-18 14:28:56,27.6,61.9
2026-07-18 14:29:16,27.6,61.9
2026-07-18 14:29:36,27.6,61.9
2026-07-18 14:29:56,27.6,61.8
2026-07-18 14:30:16,27.6,61.9
2026-07-18 14:30:36,27.6,61.9
2026-07-18 14:30:56,27.6,62.1
2026-07-18 14:31:16,27.6,62.1
2026-07-18 14:31:36,27.6,62.2
2026-07-18 14:31:56,27.6,62.4
2026-07-18 14:32:16,27.6,62.4
2026-07-18 14:32:36,27.6,62.6
2026-07-18 14:32:56,27.6,62.6
2026-07-18 14:33:16,27.6,62.6
2026-07-18 14:33:36,27.6,62.5
2026-07-18 14:33:56,27.6,62.4
2026-07-18 14:34:16,27.6,62.5
2026-07-18 14:34:36,27.6,62.4
2026-07-18 14:34:56,27.6,62.4
2026-07-18 14:35:16,27.6,62.5
2026-07-18 14:35:36,27.5,62.6
2026-07-18 14:35:56,27.5,62.6
2026-07-18 14:36:16,27.5,62.6
2026-07-18 14:36:36,27.5,62.1
2026-07-18 14:36:56,27.5,61.7
2026-07-18 14:37:16,27.5,61.5
2026-07-18 14:37:36,27.5,61.2
2026-07-18 14:37:56,27.5,61.0
2026-07-18 14:38:16,27.5,60.9
2026-07-18 14:38:36,27.5,60.8
2026-07-18 14:38:56,27.5,60.8
2026-07-18 14:39:16,27.5,60.8
2026-07-18 14:39:36,27.5,60.8
2026-07-18 14:39:56,27.5,61.0
2026-07-18 14:40:16,27.5,61.1
2026-07-18 14:40:36,27.5,61.0
2026-07-18 14:40:56,27.5,61.1
2026-07-18 14:41:16,27.4,61.0
2026-07-18 14:41:36,27.4,61.1
2026-07-18 14:41:56,27.4,61.2
2026-07-18 14:42:16,27.4,61.4
2026-07-18 14:42:36,27.4,61.6
2026-07-18 14:42:56,27.4,61.3
2026-07-18 14:43:16,27.4,61.2
2026-07-18 14:43:36,27.5,61.1
2026-07-18 14:43:56,27.4,61.0
2026-07-18 14:44:17,27.5,61.1
2026-07-18 14:44:37,27.4,61.0
2026-07-18 14:44:57,27.4,61.1
2026-07-18 14:45:17,27.4,61.1
2026-07-18 14:45:37,27.4,61.2
2026-07-18 14:45:57,27.4,61.3
2026-07-18 14:46:17,27.4,61.4
2026-07-18 14:46:37,27.3,61.5
2026-07-18 14:46:57,27.3,61.5
2026-07-18 14:47:17,27.3,61.5
2026-07-18 14:47:37,27.3,61.5
2026-07-18 14:47:57,27.2,61.4
2026-07-18 14:48:17,27.3,61.4
2026-07-18 14:48:37,27.3,61.5
2026-07-18 14:48:57,27.3,61.5
2026-07-18 14:49:17,27.2,61.5
2026-07-18 14:49:37,27.3,61.5
2026-07-18 14:49:57,27.3,61.4
2026-07-18 14:50:17,27.3,61.4
2026-07-18 14:50:37,27.3,61.3
2026-07-18 14:50:57,27.3,61.4
2026-07-18 14:51:17,27.3,61.5
2026-07-18 14:51:37,27.3,61.4
2026-07-18 14:51:57,27.3,61.5
2026-07-18 14:52:17,27.3,61.5
2026-07-18 14:52:37,27.3,61.4
2026-07-18 14:52:57,27.4,61.5
2026-07-18 14:53:17,27.4,61.6
2026-07-18 14:53:37,27.3,61.6
2026-07-18 14:53:57,27.4,61.7
2026-07-18 14:54:17,27.4,61.7
2026-07-18 14:54:37,27.4,61.6
2026-07-18 14:54:57,27.4,61.6
2026-07-18 14:55:17,27.4,61.5
2026-07-18 14:55:37,27.4,61.6
2026-07-18 14:55:57,27.4,61.6
2026-07-18 14:56:17,27.5,61.6
2026-07-18 14:56:37,27.5,61.6
2026-07-18 14:56:57,27.5,61.7
2026-07-18 14:57:17,27.5,61.7
2026-07-18 14:57:37,27.5,61.7
2026-07-18 14:57:57,27.5,61.7
2026-07-18 14:58:18,27.5,61.7
2026-07-18 14:58:37,27.5,61.7
2026-07-18 14:58:57,27.5,61.7
2026-07-18 14:59:17,27.6,61.6
2026-07-18 14:59:37,27.6,61.6
2026-07-18 14:59:57,27.6,61.6
2026-07-18 15:00:18,27.6,61.7
2026-07-18 15:00:37,27.6,61.7
2026-07-18 15:00:58,27.6,61.7
2026-07-18 15:01:18,27.6,61.9
2026-07-18 15:01:38,27.6,61.9
2026-07-18 15:01:58,27.7,61.9
2026-07-18 15:02:18,27.7,61.9
2026-07-18 15:02:38,27.7,62.0
2026-07-18 15:02:58,27.6,62.0
2026-07-18 15:03:18,27.6,62.1
2026-07-18 15:03:38,27.6,62.1
2026-07-18 15:03:58,27.6,62.2
2026-07-18 15:04:18,27.6,62.2
2026-07-18 15:04:38,27.6,62.4
2026-07-18 15:04:58,27.6,62.5
2026-07-18 15:05:18,27.7,62.7
2026-07-18 15:05:38,27.7,62.7
2026-07-18 15:05:58,27.7,62.6
2026-07-18 15:06:18,27.7,62.6
2026-07-18 15:06:38,27.7,62.6
2026-07-18 15:06:58,27.8,62.5
2026-07-18 15:07:18,27.8,62.4
2026-07-18 15:07:38,27.8,62.4
2026-07-18 15:07:58,27.8,62.4
2026-07-18 15:08:18,27.8,62.4
2026-07-18 15:08:38,27.7,62.4
2026-07-18 15:08:58,27.8,62.5
2026-07-18 15:09:18,27.8,62.4
2026-07-18 15:09:38,27.7,62.4
2026-07-18 15:09:58,27.7,62.3
2026-07-18 15:10:18,27.7,62.2
2026-07-18 15:10:38,27.7,62.3
2026-07-18 15:10:58,27.7,62.2
2026-07-18 15:11:18,27.7,62.4
2026-07-18 15:11:38,27.7,62.3
2026-07-18 15:11:58,27.7,62.2
2026-07-18 15:12:18,27.7,62.0
2026-07-18 15:12:38,27.7,62.0
2026-07-18 15:12:59,27.7,62.2
2026-07-18 15:13:18,27.7,62.1
2026-07-18 15:13:38,27.7,61.9
2026-07-18 15:13:58,27.7,61.9
2026-07-18 15:14:18,27.7,61.7
2026-07-18 15:14:38,27.7,61.6
2026-07-18 15:14:58,27.7,61.6
2026-07-18 15:15:18,27.7,61.8
2026-07-18 15:15:38,27.7,61.6
2026-07-18 15:15:58,27.6,61.3
2026-07-18 15:16:19,27.6,61.3
2026-07-18 15:16:38,27.6,61.3
2026-07-18 15:16:58,27.6,61.3
2026-07-18 15:17:18,27.6,61.2
2026-07-18 15:17:39,27.6,61.3
2026-07-18 15:17:58,27.6,61.3
2026-07-18 15:18:19,27.6,61.3
2026-07-18 15:18:39,27.6,61.2
2026-07-18 15:18:59,27.6,61.2
2026-07-18 15:19:19,27.6,61.4
2026-07-18 15:19:39,27.6,61.5
2026-07-18 15:19:59,27.6,61.5
2026-07-18 15:20:19,27.6,61.5
2026-07-18 15:20:39,27.6,61.5
2026-07-18 15:20:59,27.6,61.4
2026-07-18 15:21:19,27.7,61.4
2026-07-18 15:21:39,27.7,61.4
2026-07-18 15:21:59,27.6,61.3
2026-07-18 15:22:19,27.6,61.3
2026-07-18 15:22:39,27.6,61.4
2026-07-18 15:22:59,27.6,61.5
2026-07-18 15:23:19,27.6,61.4
2026-07-18 15:23:39,27.6,61.4
2026-07-18 15:23:59,27.6,61.5
2026-07-18 15:24:19,27.6,61.5
2026-07-18 15:24:39,27.6,61.6
2026-07-18 15:24:59,27.6,61.6
2026-07-18 15:25:19,27.6,61.7
2026-07-18 15:25:39,27.6,61.8
2026-07-18 15:25:59,27.6,62.0
2026-07-18 15:26:19,27.5,62.2
2026-07-18 15:26:39,27.6,62.2
2026-07-18 15:26:59,27.6,62.3
2026-07-18 15:27:19,27.6,62.4
2026-07-18 15:27:39,27.6,62.4
2026-07-18 15:27:59,27.6,62.4
2026-07-18 15:28:19,27.6,62.4
2026-07-18 15:28:39,27.6,62.5
2026-07-18 15:28:59,27.6,62.5
2026-07-18 15:29:19,27.6,62.6
2026-07-18 15:29:39,27.6,62.5
2026-07-18 15:29:59,27.6,62.5
2026-07-18 15:30:19,27.6,62.4
2026-07-18 15:30:39,27.6,62.5
2026-07-18 15:30:59,27.6,62.5
2026-07-18 15:31:19,27.6,62.6
2026-07-18 15:31:39,27.6,62.5
2026-07-18 15:31:59,27.6,62.5
2026-07-18 15:32:19,27.6,62.6
2026-07-18 15:32:39,27.6,62.5
2026-07-18 15:32:59,27.6,62.6
2026-07-18 15:33:19,27.6,62.6
2026-07-18 15:33:39,27.6,62.9
2026-07-18 15:33:59,27.6,63.0
2026-07-18 15:34:19,27.6,63.0
2026-07-18 15:34:39,27.6,63.0
2026-07-18 15:35:00,27.6,63.0
2026-07-18 15:35:19,27.6,
2026-07-18 15:35:20,,63.0
2026-07-18 15:35:40,27.6,62.9
2026-07-18 15:36:00,27.6,63.0
2026-07-18 15:36:20,27.6,62.9
2026-07-18 15:36:40,27.6,63.0
2026-07-18 15:37:00,27.6,63.1
2026-07-18 15:37:20,27.6,63.1
2026-07-18 15:37:40,27.6,63.1
2026-07-18 15:38:00,27.6,63.2
2026-07-18 15:38:20,27.6,63.2
2026-07-18 15:38:40,27.6,63.1
2026-07-18 15:39:00,27.6,63.3
2026-07-18 15:39:20,27.6,63.2
2026-07-18 15:39:40,27.6,63.1
2026-07-18 15:40:00,27.6,63.2
2026-07-18 15:40:20,27.6,63.2
2026-07-18 15:40:40,27.6,63.2
2026-07-18 15:41:00,27.6,63.2
2026-07-18 15:41:20,27.6,63.2
2026-07-18 15:41:40,27.6,63.2
2026-07-18 15:42:00,27.5,63.3
2026-07-18 15:42:20,27.5,63.4
2026-07-18 15:42:40,27.5,63.4
2026-07-18 15:43:00,27.5,63.5
2026-07-18 15:43:20,27.5,63.5
2026-07-18 15:43:40,27.5,63.4
2026-07-18 15:44:00,27.5,63.4
2026-07-18 15:44:20,27.4,63.3
2026-07-18 15:44:40,27.4,63.3
2026-07-18 15:45:00,27.5,63.2
2026-07-18 15:45:20,27.5,63.1
2026-07-18 15:45:40,27.5,63.1
2026-07-18 15:46:00,27.5,62.9
2026-07-18 15:46:20,27.5,62.8
2026-07-18 15:46:40,27.5,62.7
2026-07-18 15:47:00,27.4,62.6
2026-07-18 15:47:20,27.4,62.7
2026-07-18 15:47:40,27.4,62.7
2026-07-18 15:48:00,27.4,62.6
2026-07-18 15:48:20,27.4,62.7
2026-07-18 15:48:40,27.4,62.6
2026-07-18 15:49:00,27.4,62.6
2026-07-18 15:49:20,27.4,62.7
2026-07-18 15:49:40,27.4,62.7
2026-07-18 15:50:00,27.4,62.6
2026-07-18 15:50:20,27.4,62.6
2026-07-18 15:50:40,27.4,62.6
2026-07-18 15:51:00,27.4,62.7
2026-07-18 15:51:20,27.3,62.6
2026-07-18 15:51:40,27.3,
2026-07-18 15:51:41,,62.6
2026-07-18 15:52:00,27.4,62.7
2026-07-18 15:52:20,27.3,62.8
2026-07-18 15:52:41,27.3,62.9
2026-07-18 15:53:00,27.3,63.0
2026-07-18 15:53:21,27.3,63.0
2026-07-18 15:53:41,27.3,63.0
2026-07-18 15:54:01,27.3,62.9
2026-07-18 15:54:21,27.3,62.9
2026-07-18 15:54:41,27.3,62.8
2026-07-18 15:55:01,27.4,63.0
2026-07-18 15:55:21,27.3,62.9
2026-07-18 15:55:41,27.3,63.0
2026-07-18 15:56:01,27.3,63.0
2026-07-18 15:56:21,27.3,62.9
2026-07-18 15:56:41,27.3,63.0
2026-07-18 15:57:01,27.3,63.0
2026-07-18 15:57:21,27.3,63.0
2026-07-18 15:57:41,27.3,63.1
2026-07-18 15:58:01,27.3,63.1
2026-07-18 15:58:21,27.3,63.2
2026-07-18 15:58:41,27.3,63.2
2026-07-18 15:59:01,27.3,63.3
2026-07-18 15:59:21,27.3,63.3
2026-07-18 15:59:41,27.3,63.3
2026-07-18 16:00:01,27.3,63.3
2026-07-18 16:00:21,27.3,63.3
2026-07-18 16:00:41,27.3,63.4
2026-07-18 16:01:01,27.3,63.3
2026-07-18 16:01:21,27.3,63.4
2026-07-18 16:01:41,27.3,63.4
2026-07-18 16:02:01,27.3,63.5
2026-07-18 16:02:21,27.3,63.6
2026-07-18 16:02:41,27.3,63.7
2026-07-18 16:03:01,27.3,63.8
2026-07-18 16:03:21,27.3,63.8
2026-07-18 16:03:41,27.3,64.0
2026-07-18 16:04:01,27.2,63.9
2026-07-18 16:04:21,27.3,63.9
2026-07-18 16:04:41,27.2,64.0
2026-07-18 16:05:01,27.2,63.9
2026-07-18 16:05:21,27.2,63.9
2026-07-18 16:05:41,27.2,63.9
2026-07-18 16:06:01,27.2,63.9
2026-07-18 16:06:21,27.2,63.8
2026-07-18 16:06:41,27.2,63.9
2026-07-18 16:07:01,27.2,63.8
2026-07-18 16:07:21,27.2,63.8
2026-07-18 16:07:41,27.2,63.9
2026-07-18 16:08:01,27.2,63.9
2026-07-18 16:08:21,27.2,64.0
2026-07-18 16:08:41,27.2,64.1
2026-07-18 16:09:01,27.2,64.3
2026-07-18 16:09:21,27.2,64.3
2026-07-18 16:09:41,27.2,64.3
2026-07-18 16:10:02,27.2,64.4
2026-07-18 16:10:21,27.2,64.4
2026-07-18 16:10:42,27.2,64.5
2026-07-18 16:11:02,27.2,64.4
2026-07-18 16:11:22,27.2,64.4
2026-07-18 16:11:42,27.2,64.4
2026-07-18 16:12:02,27.2,64.5
2026-07-18 16:12:22,27.2,64.6
2026-07-18 16:12:42,27.2,64.6
2026-07-18 16:13:02,27.2,64.6
2026-07-18 16:13:22,27.2,64.5
2026-07-18 16:13:42,27.2,64.4
2026-07-18 16:14:02,27.2,64.5
2026-07-18 16:14:22,27.2,64.5
2026-07-18 16:14:42,27.2,64.5
2026-07-18 16:15:02,27.2,64.7
2026-07-18 16:15:22,27.2,64.8
2026-07-18 16:15:42,27.2,64.8
2026-07-18 16:16:02,27.2,64.9
2026-07-18 16:16:22,27.2,65.0
2026-07-18 16:16:42,27.2,65.0
2026-07-18 16:17:02,27.2,65.0
2026-07-18 16:17:22,27.2,64.9
2026-07-18 16:17:42,27.2,64.8
2026-07-18 16:18:02,27.2,64.8
2026-07-18 16:18:22,27.2,64.8
2026-07-18 16:18:42,27.2,64.8
2026-07-18 16:19:02,27.2,64.9
2026-07-18 16:19:22,27.1,64.8
2026-07-18 16:19:42,27.2,64.8
2026-07-18 16:20:02,27.2,64.8
2026-07-18 16:20:22,27.1,64.8
2026-07-18 16:20:42,27.1,64.8
2026-07-18 16:21:02,27.1,64.9
2026-07-18 16:21:22,27.1,65.1
2026-07-18 16:21:42,27.1,65.1
2026-07-18 16:22:02,27.1,65.2
2026-07-18 16:22:22,27.1,65.2
2026-07-18 16:22:42,27.1,65.1
2026-07-18 16:23:02,27.1,65.2
2026-07-18 16:23:22,27.2,65.3
2026-07-18 16:23:42,27.1,65.4
2026-07-18 16:24:02,27.2,65.4
2026-07-18 16:24:22,27.2,65.4
2026-07-18 16:24:42,27.1,65.4
2026-07-18 16:25:02,27.1,65.4
2026-07-18 16:25:22,27.2,65.4
2026-07-18 16:25:42,27.1,65.3
2026-07-18 16:26:02,27.2,65.3
2026-07-18 16:26:22,27.2,65.3
2026-07-18 16:26:42,27.1,65.3
2026-07-18 16:27:03,27.1,65.4
2026-07-18 16:27:23,27.1,65.3
2026-07-18 16:27:42,27.1,65.3
2026-07-18 16:28:03,27.1,65.3
2026-07-18 16:28:23,27.1,65.3
2026-07-18 16:28:43,27.1,65.3
2026-07-18 16:29:03,27.1,65.3
2026-07-18 16:29:23,27.1,65.4
2026-07-18 16:29:43,27.1,65.5
2026-07-18 16:30:03,27.1,65.5
2026-07-18 16:30:23,27.1,65.4
2026-07-18 16:30:43,27.1,65.5
2026-07-18 16:31:03,27.1,65.5
2026-07-18 16:31:23,27.0,65.5
2026-07-18 16:31:43,27.1,65.5
2026-07-18 16:32:03,27.1,65.5
2026-07-18 16:32:23,27.0,65.6
2026-07-18 16:32:43,27.1,65.5
2026-07-18 16:33:03,27.0,65.5
2026-07-18 16:33:23,27.1,65.6
2026-07-18 16:33:43,27.1,65.6
2026-07-18 16:34:03,27.0,65.6
2026-07-18 16:34:23,27.0,65.6
2026-07-18 16:34:43,27.1,65.5
2026-07-18 16:35:03,27.1,65.4
2026-07-18 16:35:23,27.1,65.4
2026-07-18 16:35:43,27.1,65.5
2026-07-18 16:36:03,27.0,65.7
2026-07-18 16:36:23,27.0,65.7
2026-07-18 16:36:43,27.0,65.7
2026-07-18 16:37:03,27.0,65.6
2026-07-18 16:37:23,27.1,65.6
2026-07-18 16:37:43,27.0,65.6
2026-07-18 16:38:03,27.1,65.6
2026-07-18 16:38:23,27.0,65.6
2026-07-18 16:38:43,27.1,65.6
2026-07-18 16:39:03,27.0,65.5
2026-07-18 16:39:23,27.0,65.4
2026-07-18 16:39:43,27.1,65.4
2026-07-18 16:40:03,27.0,65.4
2026-07-18 16:40:23,27.0,65.4
2026-07-18 16:40:43,27.0,65.4
2026-07-18 16:41:03,27.0,65.4
2026-07-18 16:41:23,27.0,65.4
2026-07-18 16:41:43,27.0,65.3
2026-07-18 16:42:03,27.0,65.5
2026-07-18 16:42:23,27.0,65.5
2026-07-18 16:42:43,27.1,65.4
2026-07-18 16:43:03,27.0,65.4
2026-07-18 16:43:23,27.0,65.4
2026-07-18 16:43:44,27.0,65.7
2026-07-18 16:44:03,27.0,65.7
2026-07-18 16:44:23,27.0,65.6
2026-07-18 16:44:44,27.0,65.6
2026-07-18 16:45:03,27.0,65.5
2026-07-18 16:45:23,27.0,65.5
2026-07-18 16:45:44,27.0,65.4
2026-07-18 16:46:03,27.0,
2026-07-18 16:46:04,,65.5
2026-07-18 16:46:24,27.0,65.5
2026-07-18 16:46:44,27.0,65.4
2026-07-18 16:47:04,27.0,65.6
2026-07-18 16:47:24,27.0,65.6
2026-07-18 16:47:44,27.0,65.5
2026-07-18 16:48:04,27.0,65.4
2026-07-18 16:48:24,27.0,65.5
2026-07-18 16:48:44,27.0,65.5
2026-07-18 16:49:04,27.0,65.5
2026-07-18 16:49:24,27.0,65.5
2026-07-18 16:49:44,26.9,65.5
2026-07-18 16:50:04,26.9,65.5
2026-07-18 16:50:24,26.9,65.8
2026-07-18 16:50:44,26.9,66.1
2026-07-18 16:51:04,26.9,66.2
2026-07-18 16:51:24,27.0,65.9
2026-07-18 16:51:44,27.0,65.9
2026-07-18 16:52:04,26.9,65.9
2026-07-18 16:52:24,27.0,66.0
2026-07-18 16:52:44,27.0,66.1
2026-07-18 16:53:04,26.9,66.1
2026-07-18 16:53:24,26.9,66.2
2026-07-18 16:53:44,26.9,66.2
2026-07-18 16:54:04,26.9,66.0
2026-07-18 16:54:24,26.9,66.0
2026-07-18 16:54:44,26.9,66.1
2026-07-18 16:55:04,26.9,66.0
2026-07-18 16:55:24,26.9,66.0
2026-07-18 16:55:44,26.9,65.9
2026-07-18 16:56:04,26.9,66.0
2026-07-18 16:56:24,26.9,66.1
2026-07-18 16:56:44,26.9,66.2
2026-07-18 16:57:04,26.9,66.2
2026-07-18 16:57:24,26.9,66.2
2026-07-18 16:57:44,26.9,66.3
2026-07-18 16:58:04,26.9,66.4
2026-07-18 16:58:24,26.9,66.5
2026-07-18 16:58:44,26.9,66.7
2026-07-18 16:59:04,26.9,66.8
2026-07-18 16:59:24,26.9,66.7
2026-07-18 16:59:44,26.9,66.7
2026-07-18 17:00:04,26.9,66.8
2026-07-18 17:00:24,26.9,66.8
2026-07-18 17:00:44,26.9,66.9
2026-07-18 17:01:04,26.9,66.9
2026-07-18 17:01:24,26.9,66.9
2026-07-18 17:01:44,26.9,66.9
2026-07-18 17:02:05,26.9,66.9
2026-07-18 17:02:24,26.9,67.0
2026-07-18 17:02:45,26.9,66.9
2026-07-18 17:03:05,26.9,66.7
2026-07-18 17:03:25,26.9,66.8
2026-07-18 17:03:45,26.9,66.6
2026-07-18 17:04:05,26.9,66.6
2026-07-18 17:04:25,26.9,66.8
2026-07-18 17:04:45,26.9,66.8
2026-07-18 17:05:05,26.9,66.9
2026-07-18 17:05:25,26.9,67.0
2026-07-18 17:05:45,26.9,66.9
2026-07-18 17:06:05,26.9,67.0
2026-07-18 17:06:25,26.9,67.1
2026-07-18 17:06:45,26.9,67.0
2026-07-18 17:07:05,26.9,66.9
2026-07-18 17:07:25,26.9,66.9
2026-07-18 17:07:45,26.9,66.8
2026-07-18 17:08:05,26.9,66.9
2026-07-18 17:08:25,26.9,66.9
2026-07-18 17:08:45,26.9,66.9
2026-07-18 17:09:05,26.9,67.0
2026-07-18 17:09:25,26.9,67.0
2026-07-18 17:09:45,26.8,67.0
2026-07-18 17:10:05,26.8,67.0
2026-07-18 17:10:25,26.8,67.0
2026-07-18 17:10:45,26.8,67.0
2026-07-18 17:11:05,26.8,67.3
2026-07-18 17:11:25,26.8,67.4
2026-07-18 17:11:45,26.8,67.5
2026-07-18 17:12:05,26.8,67.5
2026-07-18 17:12:25,26.8,67.4
2026-07-18 17:12:45,26.8,67.4
2026-07-18 17:13:05,26.8,67.4
2026-07-18 17:13:25,26.8,67.4
2026-07-18 17:13:45,26.8,67.4
2026-07-18 17:14:05,26.8,67.4
2026-07-18 17:14:25,26.8,67.3
2026-07-18 17:14:45,26.8,67.4
2026-07-18 17:15:05,26.8,67.4
2026-07-18 17:15:25,26.8,67.4
2026-07-18 17:15:45,26.8,67.4
2026-07-18 17:16:05,26.8,67.4
2026-07-18 17:16:25,26.8,67.4
2026-07-18 17:16:45,26.8,67.4
2026-07-18 17:17:05,26.8,67.5
2026-07-18 17:17:25,26.8,67.4
2026-07-18 17:17:45,26.8,67.4
2026-07-18 17:18:05,26.8,67.5
2026-07-18 17:18:26,26.8,67.7
2026-07-18 17:18:45,26.8,67.7
2026-07-18 17:19:05,26.7,67.8
2026-07-18 17:19:26,26.7,67.8
2026-07-18 17:19:45,26.7,67.9
2026-07-18 17:20:06,26.8,67.9
2026-07-18 17:20:26,26.8,67.9
2026-07-18 17:20:46,26.8,68.0
2026-07-18 17:21:06,26.8,67.9
2026-07-18 17:21:26,26.7,67.9
2026-07-18 17:21:46,26.7,67.9
2026-07-18 17:22:06,26.7,67.9
2026-07-18 17:22:26,26.7,67.9
2026-07-18 17:22:46,26.7,67.9
2026-07-18 17:23:06,26.7,67.9
2026-07-18 17:23:26,26.7,67.9
2026-07-18 17:23:46,26.7,67.8
2026-07-18 17:24:06,26.7,67.8
2026-07-18 17:24:26,26.7,67.8
2026-07-18 17:24:46,26.7,67.8
2026-07-18 17:25:06,26.7,67.8
2026-07-18 17:25:26,26.7,68.2
2026-07-18 17:25:46,26.7,68.2
2026-07-18 17:26:06,26.7,68.3
2026-07-18 17:26:26,26.7,68.4
2026-07-18 17:26:46,26.7,68.5
2026-07-18 17:27:06,26.8,68.5
2026-07-18 17:27:26,26.7,68.6
2026-07-18 17:27:46,26.7,68.3
2026-07-18 17:28:06,26.7,68.1
2026-07-18 17:28:26,26.8,68.1
2026-07-18 17:28:46,26.7,68.0
2026-07-18 17:29:06,26.7,68.3
2026-07-18 17:29:26,26.7,68.5
2026-07-18 17:29:46,26.7,68.6
2026-07-18 17:30:06,26.7,68.4
2026-07-18 17:30:26,26.7,68.3
2026-07-18 17:30:46,26.7,68.3
2026-07-18 17:31:06,26.7,68.3
2026-07-18 17:31:26,26.7,68.4
2026-07-18 17:31:46,26.7,68.7
2026-07-18 17:32:06,26.7,68.8
2026-07-18 17:32:26,26.7,68.9
2026-07-18 17:32:46,26.7,69.0
2026-07-18 17:33:06,26.7,69.1
2026-07-18 17:33:26,26.7,69.1
2026-07-18 17:33:46,26.7,69.2
2026-07-18 17:34:06,26.7,69.2
2026-07-18 17:34:26,26.7,69.2
2026-07-18 17:34:46,26.7,69.5
2026-07-18 17:35:06,26.7,69.4
2026-07-18 17:35:26,26.7,69.4
2026-07-18 17:35:46,26.7,69.3
2026-07-18 17:36:06,26.7,69.3
2026-07-18 17:36:26,26.7,69.3
2026-07-18 17:36:46,26.7,69.3
2026-07-18 17:37:06,26.7,
2026-07-18 17:37:07,,69.4
2026-07-18 17:37:26,26.6,69.4
2026-07-18 17:37:47,26.7,69.5
2026-07-18 17:38:07,26.7,69.4
2026-07-18 17:38:27,26.7,69.4
2026-07-18 17:38:47,26.6,69.3
2026-07-18 17:39:07,26.6,69.4
2026-07-18 17:39:27,26.6,69.5
2026-07-18 17:39:47,26.6,69.5
2026-07-18 17:40:07,26.6,69.5
2026-07-18 17:40:27,26.6,69.5
2026-07-18 17:40:47,26.6,69.5
2026-07-18 17:41:07,26.6,69.6
2026-07-18 17:41:27,26.6,69.6
2026-07-18 17:41:47,26.6,69.6
2026-07-18 17:42:07,26.6,69.6
2026-07-18 17:42:27,26.6,69.5
2026-07-18 17:42:47,26.6,69.4
2026-07-18 17:43:07,26.6,69.5
2026-07-18 17:43:43,26.6,69.5
2026-07-18 17:43:47,26.6,69.6
2026-07-18 17:44:07,26.6,69.8
2026-07-18 17:44:27,26.6,69.8
2026-07-18 17:44:47,26.6,69.7
2026-07-18 17:45:07,26.6,69.8
2026-07-18 17:45:27,26.5,69.8
2026-07-18 17:45:47,26.6,69.8
2026-07-18 17:46:07,26.5,69.9
2026-07-18 17:46:27,26.5,70.0
2026-07-18 17:46:47,26.5,70.0
2026-07-18 17:47:07,26.5,70.1
2026-07-18 17:47:27,26.5,70.0
2026-07-18 17:47:47,26.5,70.0
2026-07-18 17:48:07,26.5,69.9
2026-07-18 17:48:27,26.5,69.8
2026-07-18 17:48:47,26.5,69.8
2026-07-18 17:49:07,26.5,69.9
2026-07-18 17:49:27,26.5,69.9
2026-07-18 17:49:47,26.5,69.9
2026-07-18 17:50:07,26.5,70.0
2026-07-18 17:50:27,26.5,70.0
2026-07-18 17:50:47,26.5,70.0
2026-07-18 17:51:07,26.5,70.0
2026-07-18 17:51:27,26.5,70.0
2026-07-18 17:51:47,26.5,70.1
2026-07-18 17:52:07,26.5,70.1
2026-07-18 17:52:27,26.5,70.0
2026-07-18 17:52:47,26.5,69.8
2026-07-18 17:53:07,26.5,69.7
2026-07-18 17:53:27,26.5,69.8
2026-07-18 17:53:47,26.5,69.9
2026-07-18 17:54:07,26.5,69.9
2026-07-18 17:54:28,26.5,70.0
2026-07-18 17:54:47,26.5,70.0
2026-07-18 17:55:08,26.5,70.0
2026-07-18 17:55:28,26.5,70.1
2026-07-18 17:55:48,26.5,70.2
2026-07-18 17:56:08,26.5,70.2
2026-07-18 17:56:28,26.5,70.3
2026-07-18 17:56:48,26.5,70.3
2026-07-18 17:57:08,26.5,70.3
2026-07-18 17:57:28,26.4,70.2
2026-07-18 17:57:48,26.4,70.1
2026-07-18 17:58:08,26.5,70.1
2026-07-18 17:58:28,26.5,70.1
2026-07-18 17:58:48,26.5,70.1
2026-07-18 17:59:08,26.5,70.1
2026-07-18 17:59:28,26.5,70.1
2026-07-18 17:59:48,26.4,70.1
2026-07-18 18:00:08,26.4,70.2
2026-07-18 18:00:28,26.4,70.2
2026-07-18 18:00:48,26.5,70.2
2026-07-18 18:01:08,26.4,70.1
2026-07-18 18:01:28,26.4,70.1
2026-07-18 18:01:48,26.4,70.2
2026-07-18 18:02:08,26.4,70.2
2026-07-18 18:02:28,26.4,70.2
2026-07-18 18:02:48,26.4,70.2
2026-07-18 18:03:08,26.4,70.2
2026-07-18 18:03:28,26.4,70.2
2026-07-18 18:03:48,26.4,70.2
2026-07-18 18:04:08,26.4,70.2
2026-07-18 18:04:28,26.4,70.3
2026-07-18 18:04:48,26.4,70.3
2026-07-18 18:05:08,26.4,70.2
2026-07-18 18:05:28,26.4,70.2
2026-07-18 18:05:48,26.4,70.3
2026-07-18 18:06:08,26.4,70.3
2026-07-18 18:06:28,26.4,70.4
2026-07-18 18:06:48,26.4,70.5
2026-07-18 18:07:08,26.4,70.5
2026-07-18 18:07:28,26.4,70.5
2026-07-18 18:07:48,26.4,70.4
2026-07-18 18:08:08,26.4,70.4
2026-07-18 18:08:28,26.4,70.5
2026-07-18 18:08:48,26.4,70.5
2026-07-18 18:09:08,26.4,70.6
2026-07-18 18:09:28,26.3,70.5
2026-07-18 18:09:48,26.3,70.5
2026-07-18 18:10:08,26.4,70.7
2026-07-18 18:10:28,26.4,70.7
2026-07-18 18:10:48,26.3,70.7
2026-07-18 18:11:09,26.3,70.7
2026-07-18 18:11:28,26.3,70.7
2026-07-18 18:11:49,26.3,70.7
2026-07-18 18:12:08,26.3,70.8
2026-07-18 18:12:29,26.3,70.7
2026-07-18 18:12:49,26.4,70.7
2026-07-18 18:13:09,26.3,70.7
2026-07-18 18:13:29,26.3,70.8
2026-07-18 18:13:49,26.3,70.7
2026-07-18 18:14:09,26.3,70.8
2026-07-18 18:14:29,26.3,70.8
2026-07-18 18:14:49,26.3,70.8
2026-07-18 18:15:09,26.3,70.8
2026-07-18 18:15:29,26.3,70.8
2026-07-18 18:15:49,26.3,70.8
2026-07-18 18:16:09,26.3,70.8
2026-07-18 18:16:29,26.3,70.8
2026-07-18 18:16:49,26.3,70.8
2026-07-18 18:17:09,26.3,70.9
2026-07-18 18:17:29,26.3,70.9
2026-07-18 18:17:49,26.3,70.9
2026-07-18 18:18:09,26.3,70.9
2026-07-18 18:18:29,26.3,70.8
2026-07-18 18:18:49,26.3,70.9
2026-07-18 18:19:09,26.3,70.9
2026-07-18 18:19:29,26.3,70.9
2026-07-18 18:19:49,26.3,70.9
2026-07-18 18:20:09,26.3,70.9
2026-07-18 18:20:29,26.3,70.9
2026-07-18 18:20:49,26.3,71.0
2026-07-18 18:21:09,26.3,71.1
2026-07-18 18:21:29,26.3,71.1
2026-07-18 18:21:49,26.3,71.0
2026-07-18 18:22:09,26.3,71.0
2026-07-18 18:22:29,26.3,71.0
2026-07-18 18:22:49,26.3,71.0
2026-07-18 18:23:09,26.3,71.0
2026-07-18 18:23:29,26.3,71.1
2026-07-18 18:23:49,26.3,71.1
2026-07-18 18:24:09,26.3,71.1
2026-07-18 18:24:29,26.3,71.1
2026-07-18 18:24:49,26.3,71.1
2026-07-18 18:25:09,26.2,71.1
2026-07-18 18:25:29,26.3,71.2
2026-07-18 18:25:49,26.3,71.2
2026-07-18 18:26:09,26.2,71.1
2026-07-18 18:26:29,26.3,71.2
2026-07-18 18:26:50,26.2,71.3
2026-07-18 18:27:09,26.2,71.3
2026-07-18 18:27:29,26.2,71.3
2026-07-18 18:27:49,26.2,71.4
2026-07-18 18:28:10,26.2,71.3
2026-07-18 18:28:29,26.2,71.2
2026-07-18 18:28:49,26.2,71.2
2026-07-18 18:29:09,26.2,71.2
2026-07-18 18:29:29,26.2,71.2
2026-07-18 18:29:50,26.2,71.2
2026-07-18 18:30:10,26.2,71.1
2026-07-18 18:30:30,26.2,71.1
2026-07-18 18:30:50,26.2,71.2
2026-07-18 18:31:10,26.2,71.2
2026-07-18 18:31:30,26.2,71.1
2026-07-18 18:31:50,26.2,71.1
2026-07-18 18:32:10,26.2,71.1
2026-07-18 18:32:30,26.3,71.2
2026-07-18 18:32:50,26.3,71.3
2026-07-18 18:33:10,26.2,71.3
2026-07-18 18:33:30,26.2,71.2
2026-07-18 18:33:50,26.2,71.3
2026-07-18 18:34:10,26.2,71.2
2026-07-18 18:34:30,26.2,71.2
2026-07-18 18:34:50,26.2,71.2
2026-07-18 18:35:10,26.2,71.3
2026-07-18 18:35:30,26.2,71.2
2026-07-18 18:35:50,26.2,71.3
2026-07-18 18:36:10,26.2,71.3
2026-07-18 18:36:30,26.2,71.4
2026-07-18 18:36:50,26.2,71.4
2026-07-18 18:37:10,26.2,71.4
2026-07-18 18:37:30,26.2,71.4
2026-07-18 18:37:50,26.2,71.5
2026-07-18 18:38:10,26.2,71.5
2026-07-18 18:38:30,26.2,71.6
2026-07-18 18:38:50,26.2,71.6
2026-07-18 18:39:10,26.1,71.6
2026-07-18 18:39:30,26.2,71.6
2026-07-18 18:39:50,26.1,71.6
2026-07-18 18:40:10,26.1,71.8
2026-07-18 18:40:30,26.1,71.7
2026-07-18 18:40:50,26.1,71.7
2026-07-18 18:41:10,26.1,71.7
2026-07-18 18:41:30,26.1,71.8
2026-07-18 18:41:50,26.1,71.8
2026-07-18 18:42:10,26.1,71.8
2026-07-18 18:42:30,26.1,71.7
2026-07-18 18:42:50,26.1,71.8
2026-07-18 18:43:10,26.1,71.8
2026-07-18 18:43:30,26.1,71.9
2026-07-18 18:43:50,26.1,71.8
2026-07-18 18:44:10,26.1,71.8
2026-07-18 18:44:30,26.1,71.9
2026-07-18 18:44:50,26.1,72.0
2026-07-18 18:45:10,26.1,72.2
2026-07-18 18:45:30,26.0,72.1
2026-07-18 18:45:50,26.0,
2026-07-18 18:45:51,,72.1
2026-07-18 18:46:11,26.0,72.2
2026-07-18 18:46:30,26.0,72.3
2026-07-18 18:46:51,26.0,72.2
2026-07-18 18:47:11,26.0,72.2
2026-07-18 18:47:31,26.0,72.2
2026-07-18 18:47:51,26.0,72.2
2026-07-18 18:48:11,26.0,72.1
2026-07-18 18:48:31,26.0,72.1
2026-07-18 18:48:51,26.0,72.2
2026-07-18 18:49:11,26.0,72.5
2026-07-18 18:49:31,26.1,72.5
2026-07-18 18:49:51,26.1,72.2
2026-07-18 18:50:11,26.1,72.1
2026-07-18 18:50:31,26.1,72.1
2026-07-18 18:50:51,26.1,72.1
2026-07-18 18:51:11,26.1,72.0
2026-07-18 18:51:31,26.2,71.9
2026-07-18 18:51:51,26.2,71.8
2026-07-18 18:52:11,26.2,71.9
2026-07-18 18:52:31,26.2,71.8
2026-07-18 18:52:51,26.2,71.8
2026-07-18 18:53:11,26.2,71.8
2026-07-18 18:53:31,26.1,71.8
2026-07-18 18:53:51,26.1,71.8
2026-07-18 18:54:11,26.1,71.8
2026-07-18 18:54:31,26.1,71.9
2026-07-18 18:54:51,26.1,72.1
2026-07-18 18:55:11,26.1,72.1
2026-07-18 18:55:31,26.2,72.1
2026-07-18 18:55:51,26.2,72.1
2026-07-18 18:56:11,26.1,72.2
2026-07-18 18:56:31,26.1,72.2
2026-07-18 18:56:51,26.1,72.3
2026-07-18 18:57:11,26.1,72.4
2026-07-18 18:57:31,26.1,72.4
2026-07-18 18:57:51,26.1,72.5
2026-07-18 18:58:11,26.2,72.4
2026-07-18 18:58:31,26.2,72.5
2026-07-18 18:58:51,26.2,72.4
2026-07-18 18:59:11,26.2,72.4
2026-07-18 18:59:31,26.2,72.5
2026-07-18 18:59:51,26.1,72.5
2026-07-18 19:00:11,26.2,72.5
2026-07-18 19:00:31,26.2,72.5
2026-07-18 19:00:51,26.2,72.4
2026-07-18 19:01:11,26.2,72.5
2026-07-18 19:01:31,26.2,72.5
2026-07-18 19:01:51,26.2,72.6
2026-07-18 19:02:11,26.2,72.6
2026-07-18 19:02:31,26.2,72.6
2026-07-18 19:02:51,26.2,72.7
2026-07-18 19:03:11,26.2,72.7
2026-07-18 19:03:32,26.2,72.7
2026-07-18 19:03:51,26.1,72.7
2026-07-18 19:04:11,26.2,72.8
2026-07-18 19:04:32,26.1,72.8
2026-07-18 19:04:52,26.2,72.8
2026-07-18 19:05:12,26.2,72.9
2026-07-18 19:05:32,26.2,72.8
2026-07-18 19:05:52,26.2,72.8
2026-07-18 19:06:12,26.2,72.9
2026-07-18 19:06:32,26.2,72.8
2026-07-18 19:06:52,26.2,72.9
2026-07-18 19:07:12,26.2,72.8
2026-07-18 19:07:32,26.2,72.9
2026-07-18 19:07:52,26.2,72.9
2026-07-18 19:08:12,26.1,72.9
2026-07-18 19:08:32,26.2,72.9
2026-07-18 19:08:52,26.2,73.0
2026-07-18 19:09:12,26.2,73.0
2026-07-18 19:09:32,26.2,73.2
2026-07-18 19:09:52,26.2,73.2
2026-07-18 19:10:12,26.1,73.2
2026-07-18 19:10:32,26.2,73.2
2026-07-18 19:10:52,26.2,73.3
2026-07-18 19:11:12,26.1,73.3
2026-07-18 19:11:32,26.2,73.3
2026-07-18 19:11:52,26.2,73.3
2026-07-18 19:12:12,26.2,73.4
2026-07-18 19:12:32,26.2,73.5
2026-07-18 19:12:52,26.2,73.6
2026-07-18 19:13:12,26.2,73.7
2026-07-18 19:13:32,26.2,73.5
2026-07-18 19:13:52,26.2,73.5
2026-07-18 19:14:12,26.2,73.6
2026-07-18 19:14:32,26.1,73.7
2026-07-18 19:14:52,26.2,73.6
2026-07-18 19:15:12,26.1,73.5
2026-07-18 19:15:32,26.1,73.6
2026-07-18 19:15:52,26.1,73.6
2026-07-18 19:16:12,26.2,73.6
2026-07-18 19:16:32,26.2,73.6
2026-07-18 19:16:52,26.2,73.7
2026-07-18 19:17:12,26.2,73.7
2026-07-18 19:17:32,26.2,73.7
2026-07-18 19:17:52,26.2,73.9
2026-07-18 19:18:12,26.2,74.0
2026-07-18 19:18:32,26.2,73.7
2026-07-18 19:18:52,26.2,73.6
2026-07-18 19:19:12,26.1,73.6
2026-07-18 19:19:32,26.2,73.7
2026-07-18 19:19:52,26.1,73.8
2026-07-18 19:20:12,26.2,74.1
2026-07-18 19:20:32,26.2,74.3
2026-07-18 19:20:52,26.2,74.3
2026-07-18 19:21:13,26.2,74.3
2026-07-18 19:21:32,26.2,74.4
2026-07-18 19:21:53,26.2,74.5
2026-07-18 19:22:13,26.1,74.5
2026-07-18 19:22:33,26.1,74.5
2026-07-18 19:22:53,26.1,74.6
2026-07-18 19:23:13,26.1,74.6
2026-07-18 19:23:33,26.1,74.5
2026-07-18 19:23:53,26.1,74.6
2026-07-18 19:24:14,26.1,
2026-07-18 19:24:15,,74.6
2026-07-18 19:24:33,26.1,74.7
2026-07-18 19:24:53,26.1,74.9
2026-07-18 19:25:13,26.1,74.9
2026-07-18 19:25:33,26.1,74.9
2026-07-18 19:25:53,26.1,74.7
2026-07-18 19:26:13,26.1,74.7
2026-07-18 19:26:33,26.1,74.7
2026-07-18 19:26:53,26.1,74.8
2026-07-18 19:27:13,26.1,
2026-07-18 19:27:15,,75.0
2026-07-18 19:27:33,26.1,75.1
2026-07-18 19:27:53,26.1,75.2
2026-07-18 19:28:13,26.1,75.1
2026-07-18 19:28:33,26.1,75.2
2026-07-18 19:28:53,26.1,75.2
2026-07-18 19:29:13,26.1,75.3
2026-07-18 19:29:33,26.1,75.3
2026-07-18 19:29:53,26.2,75.3
2026-07-18 19:30:13,26.2,75.2
2026-07-18 19:30:33,26.2,75.1
2026-07-18 19:30:53,26.2,75.2
2026-07-18 19:31:13,26.2,75.3
2026-07-18 19:31:33,26.1,75.3
2026-07-18 19:31:53,26.1,75.3
2026-07-18 19:32:13,26.1,75.4
2026-07-18 19:32:33,26.1,75.3
2026-07-18 19:32:53,26.1,75.3
2026-07-18 19:33:13,26.2,75.3
2026-07-18 19:33:33,26.1,75.4
2026-07-18 19:33:53,26.1,75.4
2026-07-18 19:34:13,26.1,75.5
2026-07-18 19:34:33,26.1,75.5
2026-07-18 19:34:53,26.1,75.4
2026-07-18 19:35:13,26.1,75.4
2026-07-18 19:35:33,26.1,75.4
2026-07-18 19:35:53,26.1,75.7
2026-07-18 19:36:13,26.1,76.0
2026-07-18 19:36:33,26.1,75.8
2026-07-18 19:36:53,26.1,75.8
2026-07-18 19:37:13,26.1,75.9
2026-07-18 19:37:33,26.1,75.9
2026-07-18 19:37:53,26.1,76.0
2026-07-18 19:38:14,26.1,76.1
2026-07-18 19:38:34,26.1,75.9
2026-07-18 19:38:53,26.1,
2026-07-18 19:38:54,,75.9
2026-07-18 19:39:14,26.1,76.0
2026-07-18 19:39:34,26.1,76.2
2026-07-18 19:39:54,26.1,76.3
2026-07-18 19:40:14,26.1,76.4
2026-07-18 19:40:34,26.1,76.6
2026-07-18 19:40:54,26.1,76.7
2026-07-18 19:41:14,26.1,77.0
2026-07-18 19:41:34,26.0,77.1
2026-07-18 19:41:54,26.1,76.9
2026-07-18 19:42:14,26.1,76.8
2026-07-18 19:42:34,26.1,76.7
2026-07-18 19:42:54,26.1,77.1
2026-07-18 19:43:14,26.1,77.3
2026-07-18 19:43:34,26.1,77.4
2026-07-18 19:43:54,26.1,77.3
2026-07-18 19:44:14,26.1,77.5
2026-07-18 19:44:34,26.1,77.6
2026-07-18 19:44:54,26.0,77.6
2026-07-18 19:45:14,26.0,77.5
2026-07-18 19:45:34,26.1,77.3
2026-07-18 19:45:54,26.1,77.6
2026-07-18 19:46:14,26.1,77.8
2026-07-18 19:46:34,26.1,77.6
2026-07-18 19:46:54,26.0,77.1
2026-07-18 21:29:36,26.0,78.9
2026-07-18 21:29:56,26.0,78.9
2026-07-18 21:30:16,26.1,79.0
2026-07-18 21:30:36,26.1,79.0
2026-07-18 21:30:56,26.1,78.9
2026-07-18 21:31:16,26.1,78.8
2026-07-18 21:31:36,26.1,78.8
2026-07-18 21:31:56,26.2,78.8
2026-07-18 21:32:16,26.2,78.7
2026-07-18 21:32:36,26.2,78.6
2026-07-18 21:32:56,26.2,78.6
2026-07-18 21:33:16,26.2,78.7
2026-07-18 21:33:36,26.2,78.6
2026-07-18 21:33:56,26.2,78.6
2026-07-18 21:34:16,26.2,78.7
2026-07-18 21:34:36,26.1,78.8
2026-07-18 21:34:56,26.1,78.9
2026-07-18 21:35:16,26.1,79.0
2026-07-18 21:35:36,26.1,79.0
2026-07-18 21:35:56,26.1,79.0
2026-07-18 21:36:16,26.1,79.0
2026-07-18 21:36:36,26.1,79.0
2026-07-18 21:36:56,26.0,79.1
2026-07-18 21:37:16,26.0,
2026-07-18 21:37:17,,79.1
2026-07-18 21:37:36,26.0,79.1
2026-07-18 21:37:57,26.0,79.1
2026-07-18 21:38:17,26.0,79.2
2026-07-18 21:38:37,25.9,79.2
2026-07-18 21:38:57,25.9,79.3
2026-07-18 21:39:17,25.9,79.4
2026-07-18 21:39:37,25.9,79.4
2026-07-18 21:39:57,25.9,79.5
2026-07-18 21:40:17,25.8,79.6
2026-07-18 21:40:37,25.8,79.8
2026-07-18 21:40:57,25.8,80.1
2026-07-18 21:41:17,25.7,80.2
2026-07-18 21:41:37,25.7,80.5
2026-07-18 21:41:57,25.7,80.6
2026-07-18 21:42:17,25.6,80.7
2026-07-18 21:42:37,25.5,80.9
2026-07-18 21:42:57,25.5,81.1
2026-07-18 21:43:17,25.5,81.5
2026-07-18 21:43:37,25.4,81.6
2026-07-18 21:43:57,25.4,81.6
2026-07-18 21:44:17,25.4,81.7
2026-07-18 21:44:37,25.4,81.7
2026-07-18 21:44:57,25.3,81.8
2026-07-18 21:45:17,25.3,82.0
2026-07-18 21:45:37,25.3,82.1
2026-07-18 21:45:57,25.3,82.1
2026-07-18 21:46:17,25.2,82.3
2026-07-18 21:46:37,25.2,82.4
2026-07-18 21:46:57,25.2,82.4
2026-07-18 21:47:17,25.2,82.5
2026-07-18 21:47:37,25.2,82.6
2026-07-18 21:47:57,25.1,82.6
2026-07-18 21:48:17,25.1,82.8
2026-07-18 21:48:37,25.1,82.9
2026-07-18 21:48:57,25.1,83.0
2026-07-18 21:49:17,25.1,83.1
2026-07-18 21:49:37,25.1,83.1
2026-07-18 21:49:58,25.1,83.1
2026-07-18 21:50:17,25.1,83.1
2026-07-18 21:50:38,25.1,83.0
2026-07-18 21:50:57,25.1,83.1
2026-07-18 21:51:17,25.1,83.1
2026-07-18 21:51:37,25.1,83.1
2026-07-18 21:51:57,25.1,83.1
2026-07-18 21:52:17,25.1,83.2
2026-07-18 21:52:37,25.0,83.2
2026-07-18 21:52:57,25.0,83.2
2026-07-18 21:53:17,25.1,83.2
2026-07-18 21:53:37,25.0,83.2
2026-07-18 21:53:57,25.1,83.3
2026-07-18 21:54:17,25.1,84.3
2026-07-18 21:54:37,25.2,85.6
2026-07-18 21:54:57,25.2,84.7
2026-07-18 21:55:17,25.2,84.1
2026-07-18 21:55:38,25.2,83.5
2026-07-18 21:55:58,25.3,83.3
2026-07-18 21:56:18,25.3,83.1
2026-07-18 21:56:38,25.3,83.0
2026-07-18 21:56:58,25.3,82.9
2026-07-18 21:57:18,25.3,82.8
2026-07-18 21:57:38,25.3,82.8
2026-07-18 21:57:58,25.3,82.8
2026-07-18 21:58:18,25.2,82.9
2026-07-18 21:58:38,25.2,82.8
2026-07-18 21:58:58,25.2,82.8
2026-07-18 21:59:18,25.3,82.7
2026-07-18 21:59:38,25.3,82.7
2026-07-18 21:59:58,25.3,82.6
2026-07-18 22:00:18,25.3,82.6
2026-07-18 22:00:38,25.3,82.6
2026-07-18 22:00:58,25.3,82.5
2026-07-18 22:01:18,25.3,82.5
2026-07-18 22:01:38,25.3,82.4
2026-07-18 22:01:58,25.3,82.4
2026-07-18 22:02:18,25.3,82.3
2026-07-18 22:02:38,25.3,82.5
2026-07-18 22:02:58,25.3,82.4
2026-07-18 22:03:18,25.3,82.3
2026-07-18 22:03:38,25.4,82.4
2026-07-18 22:03:58,25.4,82.4
2026-07-18 22:04:18,25.4,82.4
2026-07-18 22:04:38,25.4,82.5
2026-07-18 22:04:58,25.4,82.3
2026-07-18 22:05:18,25.4,82.3
2026-07-18 22:05:38,25.4,82.3
2026-07-18 22:05:58,25.4,82.3
2026-07-18 22:06:18,25.4,82.3
2026-07-18 22:06:38,25.4,82.2
2026-07-18 22:06:58,25.4,82.2
2026-07-18 22:07:18,25.4,82.3
2026-07-18 22:07:38,25.4,82.2
2026-07-18 22:07:58,25.4,82.2
2026-07-18 22:08:18,25.4,82.2
2026-07-18 22:08:38,25.5,82.1
2026-07-18 22:08:58,25.5,82.1
2026-07-18 22:09:18,25.5,82.0
2026-07-18 22:09:38,25.5,82.0
2026-07-18 22:09:58,25.5,82.0
2026-07-18 22:10:18,25.5,82.1
2026-07-18 22:10:38,25.5,82.1
2026-07-18 22:10:59,25.5,82.0
2026-07-18 22:11:18,25.5,82.0
2026-07-18 22:11:38,25.5,82.0
2026-07-18 22:11:58,25.5,82.0
2026-07-18 22:12:19,25.5,82.1
2026-07-18 22:12:38,25.5,82.1
2026-07-18 22:12:59,25.5,81.9
2026-07-18 22:13:19,25.5,82.0
2026-07-18 22:13:39,25.5,82.0
2026-07-18 22:13:59,25.5,81.9
2026-07-18 22:14:19,25.6,82.0
2026-07-18 22:14:39,25.6,82.0
2026-07-18 22:14:59,25.6,81.9
2026-07-18 22:15:19,25.5,81.9
2026-07-18 22:15:39,25.5,82.0
2026-07-18 22:15:59,25.5,81.9
2026-07-18 22:16:19,25.5,82.0
2026-07-18 22:16:39,25.5,81.9
2026-07-18 22:16:59,25.5,81.7
2026-07-18 22:17:19,25.5,81.7
2026-07-18 22:17:39,25.5,81.7
2026-07-18 22:17:59,25.6,81.8
2026-07-18 22:18:19,25.5,81.8
2026-07-18 22:18:39,25.5,81.8
2026-07-18 22:18:59,25.5,81.8
2026-07-18 22:19:19,25.5,81.7
2026-07-18 22:19:39,25.5,81.8
2026-07-18 22:19:59,25.5,81.9
2026-07-18 22:20:19,25.5,
2026-07-18 22:20:20,,81.9
2026-07-18 22:20:39,25.5,81.9
2026-07-18 22:20:59,25.5,81.9
2026-07-18 22:21:19,25.5,82.0
2026-07-18 22:21:39,25.5,81.9
2026-07-18 22:21:59,25.5,81.9
2026-07-18 22:22:19,25.5,81.9
2026-07-18 22:22:39,25.5,81.8
2026-07-18 22:22:59,25.5,81.8
2026-07-18 22:23:19,25.5,81.9
2026-07-18 22:23:39,25.5,82.0
2026-07-18 22:23:59,25.5,82.1
2026-07-18 22:24:19,25.5,82.2
2026-07-18 22:24:39,25.5,82.2
2026-07-18 22:24:59,25.5,82.2
2026-07-18 22:25:19,25.5,82.1
2026-07-18 22:25:39,25.5,82.1
2026-07-18 22:25:59,25.5,
2026-07-18 22:26:00,,82.1
2026-07-18 22:26:19,25.5,82.2
2026-07-18 22:26:39,25.5,82.2
2026-07-18 22:26:59,25.5,82.1
2026-07-18 22:27:19,25.5,82.1
2026-07-18 22:27:39,25.5,82.0
2026-07-18 22:27:59,25.5,82.0
2026-07-18 22:28:19,25.5,82.1
2026-07-18 22:28:40,25.5,81.9
2026-07-18 22:28:59,25.5,81.9
2026-07-18 22:29:20,25.5,81.8
2026-07-18 22:29:40,25.5,81.9
2026-07-18 22:30:00,25.5,81.8
2026-07-18 22:30:20,25.5,81.7
2026-07-18 22:30:40,25.5,81.8
2026-07-18 22:31:00,25.4,81.8
2026-07-18 22:31:20,25.4,81.8
2026-07-18 22:31:40,25.4,81.8
2026-07-18 22:32:00,25.5,81.9
2026-07-18 22:32:20,25.4,81.8
2026-07-18 22:32:40,25.4,81.9
2026-07-18 22:33:00,25.4,82.0
2026-07-18 22:33:20,25.4,81.9
2026-07-18 22:33:40,25.4,81.9
2026-07-18 22:34:00,25.4,82.0
2026-07-18 22:34:20,25.4,81.9
2026-07-18 22:34:40,25.4,82.0
2026-07-18 22:35:00,25.4,82.0
2026-07-18 22:35:20,25.4,
2026-07-18 22:35:21,,82.0
2026-07-18 22:35:40,25.4,81.9
2026-07-18 22:36:00,25.4,82.0
2026-07-18 22:36:20,25.3,82.0
2026-07-18 22:36:40,25.4,82.1
2026-07-18 22:37:00,25.4,82.0
2026-07-18 22:37:20,25.4,
2026-07-18 22:37:21,,82.0
2026-07-18 22:37:40,25.4,82.0
2026-07-18 22:38:00,25.4,82.0
2026-07-18 22:38:20,25.4,82.0
2026-07-18 22:38:40,25.4,82.0
2026-07-18 22:39:00,25.4,81.9
2026-07-18 22:39:20,25.4,82.0
2026-07-18 22:39:40,25.4,82.0
2026-07-18 22:40:00,25.4,81.9
2026-07-18 22:40:20,25.4,81.9
2026-07-18 22:40:40,25.4,81.8
2026-07-18 22:41:00,25.4,81.9
2026-07-18 22:41:20,25.4,81.9
2026-07-18 22:41:40,25.4,81.9
2026-07-18 22:42:00,25.4,81.9
2026-07-18 22:42:20,25.4,82.1
2026-07-18 22:42:40,25.5,82.3
2026-07-18 22:43:00,25.5,82.2
2026-07-18 22:43:20,25.5,82.1
2026-07-18 22:43:40,25.6,81.9
2026-07-18 22:44:00,25.6,81.8
2026-07-18 22:44:20,25.6,81.8
2026-07-18 22:44:40,25.6,81.6
2026-07-18 22:45:01,25.6,81.5
2026-07-18 22:45:20,25.6,81.5
2026-07-18 22:45:40,25.6,
2026-07-18 22:45:41,,81.4
2026-07-18 22:46:01,25.6,81.4
2026-07-18 22:46:20,25.6,81.5
2026-07-18 22:46:41,25.6,81.4
2026-07-18 22:47:01,25.6,81.4
2026-07-18 22:47:21,25.6,81.4
2026-07-18 22:47:41,25.6,81.4
2026-07-18 22:48:01,25.6,81.4
2026-07-18 22:48:21,25.6,81.4
2026-07-18 22:48:41,25.6,81.3
2026-07-18 22:49:01,25.6,81.4
2026-07-18 22:49:21,25.6,81.4
2026-07-18 22:49:41,25.6,81.4
2026-07-18 22:50:01,25.6,81.5
2026-07-18 22:50:21,25.6,81.4
2026-07-18 22:50:41,25.6,81.5
2026-07-18 22:51:01,25.5,81.4
2026-07-18 22:51:21,25.6,81.4
2026-07-18 22:51:41,25.6,81.4
2026-07-18 22:52:01,25.6,81.4
2026-07-18 22:52:21,25.5,81.5
2026-07-18 22:52:41,25.5,81.5
2026-07-18 22:53:01,25.4,81.6
2026-07-18 22:53:21,25.4,81.6
2026-07-18 22:53:41,25.4,81.7
2026-07-18 22:54:01,25.4,81.8
2026-07-18 22:54:21,25.3,81.9
2026-07-18 22:54:41,25.3,81.9
2026-07-18 22:55:01,25.3,82.0
2026-07-18 22:55:21,25.3,82.1
2026-07-18 22:55:41,25.3,82.1
2026-07-18 22:56:01,25.2,82.2
2026-07-18 22:56:21,25.2,82.2
2026-07-18 22:56:41,25.2,82.3
2026-07-18 22:57:01,25.2,82.4
2026-07-18 22:57:21,25.2,82.4
2026-07-18 22:57:41,25.2,82.4
2026-07-18 22:58:01,25.2,82.4
2026-07-18 22:58:21,25.2,82.5
2026-07-18 22:58:41,25.1,82.6
2026-07-18 22:59:01,25.1,82.6
2026-07-18 22:59:21,25.1,82.6
2026-07-18 22:59:41,25.1,82.7
2026-07-18 23:00:01,25.1,82.6
2026-07-18 23:00:21,25.2,82.6
2026-07-18 23:01:00,25.2,82.7
2026-07-18 23:01:20,25.2,82.7
2026-07-18 23:01:40,25.2,82.6
2026-07-18 23:02:00,25.3,82.5
2026-07-18 23:02:20,25.3,82.3
2026-07-18 23:02:40,25.3,82.2
2026-07-18 23:03:00,25.3,82.1
2026-07-18 23:03:20,25.3,82.1
2026-07-18 23:03:40,25.3,82.0
2026-07-18 23:04:00,25.4,82.1
2026-07-18 23:04:20,25.3,82.0
2026-07-18 23:04:40,25.3,82.1
2026-07-18 23:05:00,25.3,82.1
2026-07-18 23:05:20,25.3,82.2
2026-07-18 23:05:40,25.3,82.2
2026-07-18 23:06:00,25.3,82.2
2026-07-18 23:06:20,25.3,82.1
2026-07-18 23:06:40,25.3,82.2
2026-07-18 23:07:00,25.3,82.2
2026-07-18 23:07:20,25.3,82.3
2026-07-18 23:07:41,25.3,82.3
2026-07-18 23:08:00,25.3,82.2
2026-07-18 23:08:20,25.3,82.3
2026-07-18 23:08:41,25.3,82.2
2026-07-18 23:09:01,25.3,82.3
2026-07-18 23:09:21,25.3,82.3
2026-07-18 23:09:41,25.3,82.4
2026-07-18 23:10:01,25.3,82.4
2026-07-18 23:10:21,25.2,82.4
2026-07-18 23:10:41,25.2,82.4
2026-07-18 23:11:01,25.2,82.4
2026-07-18 23:11:21,25.3,82.5
2026-07-18 23:11:41,25.2,82.5
2026-07-18 23:12:01,25.3,82.6
2026-07-18 23:12:21,25.3,82.6
2026-07-18 23:12:41,25.2,82.5
2026-07-18 23:13:01,25.3,82.6
2026-07-18 23:13:21,25.3,82.5
2026-07-18 23:13:41,25.2,82.5
2026-07-18 23:14:01,25.2,82.5
2026-07-18 23:14:21,25.3,82.6
2026-07-18 23:14:41,25.2,82.5
2026-07-18 23:15:01,25.3,82.5
2026-07-18 23:15:21,25.3,82.4
2026-07-18 23:15:41,25.3,82.4
2026-07-18 23:16:01,25.3,82.3
2026-07-18 23:16:21,25.3,82.3
2026-07-18 23:16:41,25.3,82.3
2026-07-18 23:17:01,25.3,82.2
2026-07-18 23:17:21,25.3,82.2
2026-07-18 23:17:41,25.3,82.2
2026-07-18 23:18:01,25.3,82.3
2026-07-18 23:18:21,25.2,82.4
2026-07-18 23:18:41,25.3,82.4
2026-07-18 23:19:01,25.2,82.4
2026-07-18 23:19:21,25.2,82.5
2026-07-18 23:19:41,25.2,82.5
2026-07-18 23:20:01,25.2,82.5
2026-07-18 23:20:21,25.2,82.5
2026-07-18 23:20:41,25.2,82.5
2026-07-18 23:21:01,25.2,82.6
2026-07-18 23:21:21,25.2,82.6
2026-07-18 23:21:42,25.2,82.6
2026-07-18 23:22:01,25.2,82.6
2026-07-18 23:22:22,25.2,82.6
2026-07-18 23:22:42,25.2,82.7
2026-07-18 23:23:02,25.2,82.7
2026-07-18 23:23:22,25.2,82.6
2026-07-18 23:23:42,25.2,82.6
2026-07-18 23:24:02,25.2,82.6
2026-07-18 23:24:22,25.2,82.6
2026-07-18 23:24:42,25.2,82.5
2026-07-18 23:25:02,25.2,82.5
2026-07-18 23:25:22,25.2,82.6
2026-07-18 23:25:42,25.2,82.6
2026-07-18 23:26:02,25.1,82.7
2026-07-18 23:26:22,25.2,82.7
2026-07-18 23:26:42,25.1,82.8
2026-07-18 23:27:02,25.1,82.8
2026-07-18 23:27:22,25.1,82.9
2026-07-18 23:27:42,25.1,82.9
2026-07-18 23:28:02,25.1,82.8
2026-07-18 23:28:22,25.1,82.9
2026-07-18 23:28:42,25.1,82.8
2026-07-18 23:29:02,25.2,82.8
2026-07-18 23:29:22,25.2,82.8
2026-07-18 23:29:42,25.2,82.7
2026-07-18 23:30:02,25.2,82.7
2026-07-18 23:30:22,25.2,82.7
2026-07-18 23:30:42,25.2,82.7
2026-07-18 23:31:02,25.2,82.7
2026-07-18 23:31:22,25.2,82.7
2026-07-18 23:31:42,25.2,82.6
2026-07-18 23:32:02,25.2,82.5
2026-07-18 23:32:22,25.2,82.5
2026-07-18 23:32:42,25.2,82.5
2026-07-18 23:33:02,25.2,82.5
2026-07-18 23:33:22,25.3,82.4
2026-07-18 23:33:42,25.3,82.5
2026-07-18 23:34:02,25.2,82.5
2026-07-18 23:34:22,25.3,82.5
2026-07-18 23:34:42,25.3,82.5
2026-07-18 23:35:02,25.2,82.5
2026-07-18 23:35:22,25.3,82.5
2026-07-18 23:35:42,25.3,82.5
2026-07-18 23:36:03,25.3,82.4
2026-07-18 23:36:22,25.3,82.4
2026-07-18 23:36:43,25.3,82.3
2026-07-18 23:37:03,25.3,82.3
2026-07-18 23:37:22,25.3,82.2
2026-07-18 23:37:43,25.3,82.2
2026-07-18 23:38:03,25.3,82.2
2026-07-18 23:38:23,25.3,82.2
2026-07-18 23:38:51,25.3,82.2
2026-07-18 23:39:03,25.3,82.1
2026-07-18 23:39:23,25.3,82.2
2026-07-18 23:39:43,25.3,82.2
2026-07-18 23:40:03,25.3,82.1
2026-07-18 23:40:23,25.3,82.2
2026-07-18 23:40:43,25.3,82.2
2026-07-18 23:41:04,25.3,82.2
2026-07-18 23:41:23,25.3,82.1
2026-07-18 23:41:43,25.3,82.1
2026-07-18 23:42:03,25.3,82.2
2026-07-18 23:42:23,25.3,82.2
2026-07-18 23:42:43,25.3,82.1
2026-07-18 23:43:03,25.3,82.3
2026-07-18 23:43:23,25.3,82.2
2026-07-18 23:43:43,25.3,82.1
2026-07-18 23:44:03,25.3,82.2
2026-07-18 23:44:23,25.3,82.2
2026-07-18 23:44:43,25.3,82.2
2026-07-18 23:45:03,25.4,82.1
2026-07-18 23:45:23,25.4,82.0
2026-07-18 23:45:43,25.4,82.0
2026-07-18 23:46:03,25.4,82.0
2026-07-18 23:46:23,25.4,82.0
2026-07-18 23:46:43,25.4,82.0
2026-07-18 23:47:03,25.4,82.0
2026-07-18 23:47:23,25.4,82.0
2026-07-18 23:47:43,25.4,81.9
2026-07-18 23:48:03,25.4,82.0
2026-07-18 23:48:23,25.4,81.9
2026-07-18 23:48:43,25.4,82.0
2026-07-18 23:49:03,25.4,81.9
2026-07-18 23:49:23,25.4,81.9
2026-07-18 23:49:43,25.4,81.9
2026-07-18 23:50:03,25.4,81.9
2026-07-18 23:50:23,25.4,81.9
2026-07-18 23:50:43,25.3,82.0
2026-07-18 23:51:03,25.3,82.0
2026-07-18 23:51:23,25.3,82.1
2026-07-18 23:51:43,25.3,82.0
2026-07-18 23:52:03,25.3,82.2
2026-07-18 23:52:24,25.3,82.1
2026-07-18 23:52:43,25.3,82.1
2026-07-18 23:53:03,25.3,82.1
2026-07-18 23:53:24,25.3,82.0
2026-07-18 23:53:43,25.3,82.0
2026-07-18 23:54:03,25.3,82.0
2026-07-18 23:54:24,25.3,82.0
2026-07-18 23:54:44,25.3,81.9
2026-07-18 23:55:04,25.3,82.0
2026-07-18 23:55:24,25.3,82.0
2026-07-18 23:55:44,25.3,82.0
2026-07-18 23:56:04,25.3,82.0
2026-07-18 23:56:24,25.3,82.0
2026-07-18 23:56:44,25.2,82.0
2026-07-18 23:57:04,25.2,82.1
2026-07-18 23:57:24,25.2,82.1
2026-07-18 23:57:44,25.1,82.1
2026-07-18 23:58:04,25.1,82.2
2026-07-18 23:58:24,25.2,82.3
2026-07-18 23:58:44,25.2,82.2
2026-07-18 23:59:04,25.1,82.2
2026-07-18 23:59:24,25.1,82.2
2026-07-18 23:59:44,25.1,82.3
2026-07-19 00:00:04,25.1,82.4
2026-07-19 00:00:25,25.1,82.4
2026-07-19 00:00:44,25.1,82.5
2026-07-19 00:01:04,25.1,82.5
2026-07-19 00:01:24,25.1,82.5
2026-07-19 00:01:44,25.1,82.6
2026-07-19 00:02:04,25.0,82.5
2026-07-19 00:02:24,25.1,82.5
2026-07-19 00:02:44,25.1,82.5
2026-07-19 00:03:04,25.1,82.4
2026-07-19 00:03:24,25.1,82.4
2026-07-19 00:03:44,25.1,82.4
2026-07-19 00:04:04,25.1,82.4
2026-07-19 00:04:24,25.1,82.4
2026-07-19 00:04:44,25.1,82.4
2026-07-19 00:05:04,25.1,82.3
2026-07-19 00:05:24,25.1,82.3
2026-07-19 00:05:44,25.1,82.3
2026-07-19 00:06:04,25.1,82.3
2026-07-19 00:06:24,25.1,82.2
2026-07-19 00:06:44,25.1,82.2
2026-07-19 00:07:04,25.1,82.1
2026-07-19 00:07:24,25.1,82.1
2026-07-19 00:07:44,25.1,82.1
2026-07-19 00:08:04,25.1,82.0
2026-07-19 00:08:24,25.2,82.0
2026-07-19 00:08:44,25.2,82.0
2026-07-19 00:09:05,25.1,82.0
2026-07-19 00:09:25,25.1,82.0
2026-07-19 00:09:45,25.1,82.0
2026-07-19 00:10:05,25.1,82.1
2026-07-19 00:10:25,25.1,82.0
2026-07-19 00:10:45,25.1,82.1
2026-07-19 00:11:05,25.1,82.0
2026-07-19 00:11:25,25.1,82.1
2026-07-19 00:11:45,25.1,82.0
2026-07-19 00:12:05,25.1,82.0
2026-07-19 00:12:25,25.1,82.0
2026-07-19 00:12:45,25.1,82.0
2026-07-19 00:13:05,25.1,82.0
2026-07-19 00:13:25,25.1,82.1
2026-07-19 00:13:45,25.1,82.0
2026-07-19 00:14:05,25.0,82.1
2026-07-19 00:14:25,25.0,82.2
2026-07-19 00:14:45,25.0,82.2
2026-07-19 00:15:05,25.0,82.2
2026-07-19 00:15:25,25.0,82.3
2026-07-19 00:15:45,25.0,82.3
2026-07-19 00:16:05,24.9,82.4
2026-07-19 00:16:25,24.9,82.4
2026-07-19 00:16:45,25.0,82.4
2026-07-19 00:17:05,25.0,82.4
2026-07-19 00:17:25,25.0,82.4
2026-07-19 00:17:45,25.0,82.4
2026-07-19 00:18:05,24.9,82.5
2026-07-19 00:18:25,24.9,82.5
2026-07-19 00:18:45,24.9,82.4
2026-07-19 00:19:05,24.9,82.5
2026-07-19 00:19:25,24.9,82.4
2026-07-19 00:19:45,24.9,82.5
2026-07-19 00:20:05,24.9,82.5
2026-07-19 00:20:25,24.9,82.5
2026-07-19 00:20:45,24.9,82.5
2026-07-19 00:21:05,24.9,82.5
2026-07-19 00:21:25,24.9,82.5
2026-07-19 00:21:45,24.9,82.6
2026-07-19 00:22:05,24.9,82.6
2026-07-19 00:22:25,24.9,82.7
2026-07-19 00:22:45,24.9,82.7
2026-07-19 00:23:05,24.9,82.7
2026-07-19 00:23:25,24.9,82.7
2026-07-19 00:23:45,24.9,82.7
2026-07-19 00:24:06,24.9,82.6
2026-07-19 00:24:25,24.9,82.6
2026-07-19 00:24:46,24.9,82.6
2026-07-19 00:25:06,25.0,82.5
2026-07-19 00:25:26,24.9,82.5
2026-07-19 00:25:46,24.9,82.5
2026-07-19 00:26:06,25.0,82.5
2026-07-19 00:26:26,25.0,82.5
2026-07-19 00:26:46,25.0,82.5
2026-07-19 00:27:06,25.0,82.4
2026-07-19 00:27:26,25.0,82.4
2026-07-19 00:27:46,25.0,82.4
2026-07-19 00:28:06,25.0,82.4
2026-07-19 00:28:26,25.0,82.3
2026-07-19 00:28:46,25.0,82.4
2026-07-19 00:29:06,25.0,82.3
2026-07-19 00:29:26,25.0,82.4
2026-07-19 00:29:46,25.0,82.4
2026-07-19 00:30:06,25.0,82.4
2026-07-19 00:30:26,25.0,82.4
2026-07-19 00:30:46,25.0,82.4
2026-07-19 00:31:06,25.0,82.3
2026-07-19 00:31:26,25.0,82.4
2026-07-19 00:31:46,25.0,82.4
2026-07-19 00:32:06,25.0,82.3
2026-07-19 00:32:26,25.0,82.4
2026-07-19 00:32:46,25.0,82.3
2026-07-19 00:33:06,25.0,82.3
2026-07-19 00:33:26,25.0,82.3
2026-07-19 00:33:46,25.0,82.3
2026-07-19 00:34:06,25.1,82.3
2026-07-19 00:34:26,25.0,82.2
2026-07-19 00:34:46,25.1,82.2
2026-07-19 00:35:06,25.1,82.3
2026-07-19 00:35:26,25.1,82.3
2026-07-19 00:35:46,25.1,82.3
2026-07-19 00:36:06,25.1,82.2
2026-07-19 00:36:26,25.1,82.2
2026-07-19 00:36:46,25.1,82.3
2026-07-19 00:37:06,25.1,82.3
2026-07-19 00:37:26,25.1,82.3
2026-07-19 00:37:46,25.1,82.3
2026-07-19 00:38:06,25.1,82.3
2026-07-19 00:38:26,25.1,82.2
2026-07-19 00:38:46,25.1,82.2
2026-07-19 00:39:06,25.1,82.2
2026-07-19 00:39:26,25.1,82.2
2026-07-19 00:39:46,25.1,82.2
2026-07-19 00:40:06,25.1,82.2
2026-07-19 00:40:27,25.1,82.2
2026-07-19 00:40:47,25.1,82.1
2026-07-19 00:41:07,25.1,82.1
2026-07-19 00:41:27,25.1,82.1
2026-07-19 00:41:47,25.1,82.0
2026-07-19 00:42:07,25.1,82.0
2026-07-19 00:42:27,25.1,82.0
2026-07-19 00:42:47,25.1,82.0
2026-07-19 00:43:07,25.1,82.0
2026-07-19 00:43:27,25.1,81.9
2026-07-19 00:43:47,25.1,82.0
2026-07-19 00:44:07,25.1,82.0
2026-07-19 00:44:27,25.1,82.1
2026-07-19 00:44:47,25.1,82.1
2026-07-19 00:45:07,25.1,82.1
2026-07-19 00:45:27,25.1,82.1
2026-07-19 00:45:47,25.0,82.1
2026-07-19 00:46:07,25.0,82.1
2026-07-19 00:46:27,25.0,82.2
2026-07-19 00:46:47,25.0,82.2
2026-07-19 00:47:07,25.0,82.2
2026-07-19 00:47:27,25.0,82.2
2026-07-19 00:47:47,25.0,82.3
2026-07-19 00:48:07,25.0,82.3
2026-07-19 00:48:27,25.0,82.3
2026-07-19 00:48:47,25.0,82.4
2026-07-19 00:49:07,25.0,82.4
2026-07-19 00:49:27,25.0,82.4
2026-07-19 00:49:47,25.0,82.4
2026-07-19 00:50:07,25.0,82.4
2026-07-19 00:50:27,25.0,82.3
2026-07-19 00:50:47,25.0,82.3
2026-07-19 00:51:07,25.0,82.3
2026-07-19 00:51:27,25.0,82.3
2026-07-19 00:51:47,25.0,82.2
2026-07-19 00:52:07,25.0,82.3
2026-07-19 00:52:27,25.0,82.3
2026-07-19 00:52:47,25.0,82.2
2026-07-19 00:53:07,25.0,82.1
2026-07-19 00:53:27,25.0,82.1
2026-07-19 00:53:47,25.0,82.0
2026-07-19 00:54:08,25.1,82.0
2026-07-19 00:54:28,25.0,82.0
2026-07-19 00:54:48,25.0,81.9
2026-07-19 00:55:08,25.1,82.0
2026-07-19 00:55:28,25.0,81.9
2026-07-19 00:55:48,25.0,81.9
2026-07-19 00:56:08,25.0,82.0
2026-07-19 00:56:28,25.1,82.0
2026-07-19 00:56:48,25.0,81.8
2026-07-19 00:57:08,25.0,81.8
2026-07-19 00:57:28,25.0,81.8
2026-07-19 00:57:48,25.0,81.8
2026-07-19 00:58:08,25.0,81.8
2026-07-19 00:58:28,25.1,81.8
2026-07-19 00:58:48,25.0,81.8
2026-07-19 00:59:08,25.0,81.8
2026-07-19 00:59:28,25.0,81.8
2026-07-19 00:59:48,25.0,81.8
2026-07-19 01:00:08,25.0,81.8
2026-07-19 01:00:28,25.0,81.8
2026-07-19 01:00:48,25.0,81.8
2026-07-19 01:01:08,24.9,81.8
2026-07-19 01:01:28,24.9,81.9
2026-07-19 01:01:48,24.9,82.0
2026-07-19 01:02:08,24.9,81.9
2026-07-19 01:02:28,24.9,82.0
2026-07-19 01:02:48,24.9,82.0
2026-07-19 01:03:08,24.9,82.1
2026-07-19 01:03:28,24.9,82.1
2026-07-19 01:03:48,24.9,82.0
2026-07-19 01:04:08,24.9,82.0
2026-07-19 01:04:28,24.9,82.0
2026-07-19 01:04:48,24.8,82.0
2026-07-19 01:05:08,24.8,82.0
2026-07-19 01:05:28,24.8,82.1
2026-07-19 01:05:48,24.8,82.1
2026-07-19 01:06:08,24.8,82.1
2026-07-19 01:06:28,24.8,82.0
2026-07-19 01:06:48,24.8,82.1
2026-07-19 01:07:08,24.9,82.0
2026-07-19 01:07:28,24.8,82.0
2026-07-19 01:07:48,24.9,82.0
2026-07-19 01:08:09,24.9,82.0
2026-07-19 01:08:28,24.9,82.0
2026-07-19 01:08:49,24.9,82.0
2026-07-19 01:09:09,24.9,82.0
2026-07-19 01:09:29,24.9,81.9
2026-07-19 01:09:49,24.9,82.0
2026-07-19 01:10:09,24.9,82.0
2026-07-19 01:10:29,24.9,81.9
2026-07-19 01:10:49,24.8,81.9
2026-07-19 01:11:09,24.9,81.9
2026-07-19 01:11:29,24.9,81.9
2026-07-19 01:11:49,24.9,82.0
2026-07-19 01:12:09,24.9,81.9
2026-07-19 01:12:29,24.9,81.9
2026-07-19 01:12:49,24.9,81.9
2026-07-19 01:13:09,24.9,81.9
2026-07-19 01:13:29,24.9,81.8
2026-07-19 01:13:49,24.9,81.8
2026-07-19 01:14:09,24.9,81.8
2026-07-19 01:14:29,24.9,81.8
2026-07-19 01:14:49,24.9,81.8
2026-07-19 01:15:09,24.9,81.8
2026-07-19 01:15:29,24.9,81.8
2026-07-19 01:15:49,24.9,81.9
2026-07-19 01:16:09,24.9,81.8
2026-07-19 01:16:29,24.9,81.8
2026-07-19 01:16:49,24.9,81.8
2026-07-19 01:17:09,24.9,81.8
2026-07-19 01:17:29,24.9,81.8
2026-07-19 01:17:49,24.9,81.8
2026-07-19 01:18:09,24.9,81.8
2026-07-19 01:18:29,24.9,81.8
2026-07-19 01:18:49,24.9,81.8
2026-07-19 01:19:09,24.9,81.8
2026-07-19 01:19:29,24.9,81.8
2026-07-19 01:19:49,24.9,81.8
2026-07-19 01:20:09,24.9,81.9
2026-07-19 01:20:29,24.9,82.0
2026-07-19 01:20:49,24.9,81.9
2026-07-19 01:21:09,24.9,81.9
2026-07-19 01:21:29,24.9,82.0
2026-07-19 01:21:49,24.9,81.9
2026-07-19 01:22:09,24.9,81.9
2026-07-19 01:22:29,24.9,81.8
2026-07-19 01:22:49,24.9,81.8
2026-07-19 01:23:09,24.9,
2026-07-19 01:23:10,,81.9
2026-07-19 01:23:29,24.9,81.9
2026-07-19 01:23:49,24.9,81.9
2026-07-19 01:24:09,24.9,81.8
2026-07-19 01:24:30,24.9,81.8
2026-07-19 01:24:50,24.9,81.8
2026-07-19 01:25:10,24.9,81.7
2026-07-19 01:25:30,24.9,81.8
2026-07-19 01:25:50,24.9,81.8
2026-07-19 01:26:10,24.9,81.8
2026-07-19 01:26:30,24.9,81.7
2026-07-19 01:26:50,24.9,81.6
2026-07-19 01:27:10,24.9,81.7
2026-07-19 01:27:30,24.9,81.6
2026-07-19 01:27:50,24.9,81.7
2026-07-19 01:28:10,24.9,81.6
2026-07-19 01:28:30,24.9,81.6
2026-07-19 01:28:50,24.9,81.6
2026-07-19 01:29:10,24.9,81.6
2026-07-19 01:29:30,24.9,81.6
2026-07-19 01:29:50,24.9,81.6
2026-07-19 01:30:10,24.9,81.7
2026-07-19 01:30:30,24.9,81.7
2026-07-19 01:30:50,24.9,81.7
2026-07-19 01:31:10,24.9,81.6
2026-07-19 01:31:30,24.9,81.7
2026-07-19 01:31:50,24.9,81.7
2026-07-19 01:32:10,24.9,81.7
2026-07-19 01:32:30,24.9,81.7
2026-07-19 01:32:50,24.9,81.7
2026-07-19 01:33:10,24.9,81.7
2026-07-19 01:33:30,24.9,81.8
2026-07-19 01:33:50,24.8,81.8
2026-07-19 01:34:10,24.8,82.0
2026-07-19 01:34:30,24.8,82.0
2026-07-19 01:34:50,24.8,82.1
2026-07-19 01:35:10,24.7,82.2
2026-07-19 01:35:30,24.7,82.3
2026-07-19 01:35:50,24.7,82.3
2026-07-19 01:36:10,24.7,82.4
2026-07-19 01:36:30,24.6,82.5
2026-07-19 01:36:50,24.6,82.6
2026-07-19 01:37:10,24.6,82.7
2026-07-19 01:37:30,24.6,82.7
2026-07-19 01:37:50,24.6,82.7
2026-07-19 01:38:11,24.6,82.7
2026-07-19 01:38:30,24.7,82.6
2026-07-19 01:38:50,24.7,82.6
2026-07-19 01:39:10,24.7,82.5
2026-07-19 01:39:30,24.7,82.5
2026-07-19 01:39:50,24.7,82.4
2026-07-19 01:40:11,24.8,82.4
2026-07-19 01:40:31,24.8,82.4
2026-07-19 01:40:51,24.8,82.2
2026-07-19 01:41:11,24.8,82.3
2026-07-19 01:41:31,24.8,82.2
2026-07-19 01:41:51,24.8,82.2
2026-07-19 01:42:11,24.8,82.3
2026-07-19 01:42:31,24.8,82.3
2026-07-19 01:42:51,24.8,82.2
2026-07-19 01:43:11,24.8,82.3
2026-07-19 01:43:31,24.8,82.1
2026-07-19 01:43:51,24.8,82.2
2026-07-19 01:44:11,24.8,82.1
2026-07-19 01:44:31,24.9,82.1
2026-07-19 01:44:51,24.8,82.1
2026-07-19 01:45:11,24.9,82.1
2026-07-19 01:45:31,24.9,82.1
2026-07-19 01:45:51,24.8,82.2
2026-07-19 01:46:11,24.8,82.2
2026-07-19 01:46:31,24.9,82.2
2026-07-19 01:46:51,24.8,82.2
2026-07-19 01:47:11,24.8,82.3
2026-07-19 01:47:31,24.9,82.2
2026-07-19 01:47:51,24.8,82.2
2026-07-19 01:48:11,24.8,82.3
2026-07-19 01:48:31,24.8,82.3
2026-07-19 01:48:51,24.8,82.2
2026-07-19 01:49:11,24.8,82.3
2026-07-19 01:49:31,24.9,82.2
2026-07-19 01:49:51,24.9,82.2
2026-07-19 01:50:11,24.9,82.3
2026-07-19 01:50:31,24.9,82.2
2026-07-19 01:50:51,24.9,82.2
2026-07-19 01:51:11,24.9,82.3
2026-07-19 01:51:31,24.9,82.2
2026-07-19 01:51:51,24.9,82.3
2026-07-19 01:52:12,24.9,82.2
2026-07-19 01:52:31,24.9,82.2
2026-07-19 01:52:51,24.9,82.2
2026-07-19 01:53:11,24.9,82.2
2026-07-19 01:53:31,24.9,82.2
2026-07-19 01:53:51,24.9,82.2
2026-07-19 01:54:11,24.9,82.2
2026-07-19 01:54:31,24.9,82.3
2026-07-19 01:54:51,24.9,
2026-07-19 01:54:52,,82.2
2026-07-19 01:55:11,24.9,
2026-07-19 01:55:12,,82.2
2026-07-19 01:55:32,24.9,82.2
2026-07-19 01:55:52,24.9,82.3
2026-07-19 01:56:12,24.9,82.3
2026-07-19 01:56:32,24.8,82.3
2026-07-19 01:56:52,24.8,82.3
2026-07-19 01:57:12,24.9,82.4
2026-07-19 01:57:32,24.8,82.5
2026-07-19 01:57:52,24.9,82.6
2026-07-19 01:58:12,24.8,82.5
2026-07-19 01:58:32,24.8,82.6
2026-07-19 01:58:52,24.8,82.6
2026-07-19 01:59:12,24.8,82.6
2026-07-19 01:59:32,24.8,82.6
2026-07-19 01:59:52,24.8,82.6
2026-07-19 02:00:12,24.8,82.6
2026-07-19 02:00:32,24.8,82.6
2026-07-19 02:00:52,24.8,82.6
2026-07-19 02:01:12,24.8,82.5
2026-07-19 02:01:32,24.8,82.5
2026-07-19 02:01:52,24.8,82.5
2026-07-19 02:02:12,24.8,82.5
2026-07-19 02:02:32,24.8,82.5
2026-07-19 02:02:52,24.8,82.4
2026-07-19 02:03:12,24.8,82.5
2026-07-19 02:03:32,24.8,82.5
2026-07-19 02:03:52,24.8,82.6
2026-07-19 02:04:12,24.8,82.6
2026-07-19 02:04:32,24.8,82.6
2026-07-19 02:04:52,24.8,82.6
2026-07-19 02:05:12,24.8,82.6
2026-07-19 02:05:32,24.8,82.6
2026-07-19 02:05:52,24.8,82.7
2026-07-19 02:06:12,24.8,82.6
2026-07-19 02:06:32,24.8,82.6
2026-07-19 02:06:52,24.8,82.5
2026-07-19 02:07:12,24.8,82.5
2026-07-19 02:07:32,24.8,82.5
2026-07-19 02:07:52,24.8,82.4
2026-07-19 02:08:12,24.9,82.4
2026-07-19 02:08:32,24.9,82.4
2026-07-19 02:08:52,24.9,82.4
2026-07-19 02:09:12,24.9,82.3
2026-07-19 02:09:32,24.9,82.3
2026-07-19 02:09:52,24.8,82.3
2026-07-19 02:10:12,24.9,82.4
2026-07-19 02:10:32,24.8,82.4
2026-07-19 02:10:53,24.8,82.5
2026-07-19 02:11:13,24.8,82.5
2026-07-19 02:11:33,24.8,82.5
2026-07-19 02:11:53,24.8,82.5
2026-07-19 02:12:13,24.8,82.6
2026-07-19 02:12:33,24.8,82.6
2026-07-19 02:12:53,24.8,82.8
2026-07-19 02:13:13,24.8,82.8
2026-07-19 02:13:33,24.8,82.9
2026-07-19 02:13:53,24.8,82.9
2026-07-19 02:14:13,24.8,83.0
2026-07-19 02:14:33,24.7,83.0
2026-07-19 02:14:53,24.7,83.1
2026-07-19 02:15:13,24.7,83.1
2026-07-19 02:15:33,24.7,83.0
2026-07-19 02:15:53,24.7,82.9
2026-07-19 02:16:13,24.7,83.0
2026-07-19 02:16:33,24.7,82.9
2026-07-19 02:16:53,24.8,82.8
2026-07-19 02:17:13,24.8,82.8
2026-07-19 02:17:33,24.8,82.8
2026-07-19 02:17:53,24.8,82.7
2026-07-19 02:18:13,24.8,82.7
2026-07-19 02:18:33,24.8,82.7
2026-07-19 02:18:53,24.8,82.7
2026-07-19 02:19:13,24.8,82.7
2026-07-19 02:19:33,24.8,82.7
2026-07-19 02:19:53,24.8,82.7
2026-07-19 02:20:13,24.8,82.7
2026-07-19 02:20:33,24.8,82.7
2026-07-19 02:20:53,24.8,82.7
2026-07-19 02:21:13,24.8,82.7
2026-07-19 02:21:33,24.8,82.8
2026-07-19 02:21:53,24.8,82.8
2026-07-19 02:22:13,24.7,82.7
2026-07-19 02:22:33,24.7,82.8
2026-07-19 02:22:53,24.7,82.8
2026-07-19 02:23:13,24.7,82.8
2026-07-19 02:23:33,24.8,82.8
2026-07-19 02:23:53,24.7,82.7
2026-07-19 02:24:13,24.7,82.7
2026-07-19 02:24:34,24.7,82.7
2026-07-19 02:24:54,24.8,82.7
2026-07-19 02:25:14,24.7,82.7
2026-07-19 02:25:34,24.8,82.6
2026-07-19 02:25:54,24.8,82.6
2026-07-19 02:26:14,24.7,82.7
2026-07-19 02:26:34,24.8,82.7
2026-07-19 02:26:54,24.7,82.6
2026-07-19 02:27:14,24.7,82.7
2026-07-19 02:27:34,24.7,82.7
2026-07-19 02:27:54,24.7,82.7
2026-07-19 02:28:14,24.8,82.7
2026-07-19 02:28:34,24.7,82.8
2026-07-19 02:28:54,24.7,82.8
2026-07-19 02:29:14,24.7,82.8
2026-07-19 02:29:34,24.7,82.8
2026-07-19 02:29:54,24.7,82.8
2026-07-19 02:30:14,24.7,82.9
2026-07-19 02:30:34,24.7,82.8
2026-07-19 02:30:54,24.7,82.7
2026-07-19 02:31:14,24.7,82.8
2026-07-19 02:31:34,24.7,82.9
2026-07-19 02:31:54,24.7,82.8
2026-07-19 02:32:14,24.7,82.8
2026-07-19 02:32:34,24.7,82.8
2026-07-19 02:32:54,24.7,82.8
2026-07-19 02:33:14,24.7,82.8
2026-07-19 02:33:34,24.7,82.8
2026-07-19 02:33:54,24.7,82.8
2026-07-19 02:34:14,24.7,82.8
2026-07-19 02:34:34,24.7,82.8
2026-07-19 02:34:54,24.7,82.8
2026-07-19 02:35:14,24.7,82.8
2026-07-19 02:35:34,24.7,82.8
2026-07-19 02:35:54,24.7,82.9
2026-07-19 02:36:14,24.7,82.7
2026-07-19 02:36:34,24.7,82.7
2026-07-19 02:36:54,24.7,82.7
2026-07-19 02:37:14,24.7,82.6
2026-07-19 02:37:34,24.7,82.8
2026-07-19 02:37:54,24.7,82.8
2026-07-19 02:38:14,24.7,82.8
2026-07-19 02:38:34,24.7,82.8
2026-07-19 02:38:54,24.7,82.8
2026-07-19 02:39:15,24.7,82.8
2026-07-19 02:39:35,24.7,82.7
2026-07-19 02:39:55,24.7,82.8
2026-07-19 02:40:15,24.7,82.7
2026-07-19 02:40:35,24.7,82.7
2026-07-19 02:40:55,24.7,82.6
2026-07-19 02:41:15,24.7,82.6
2026-07-19 02:41:35,24.7,82.5
2026-07-19 02:41:55,24.7,82.5
2026-07-19 02:42:15,24.7,82.5
2026-07-19 02:42:35,24.7,82.4
2026-07-19 02:42:55,24.7,82.5
2026-07-19 02:43:15,24.7,82.4
2026-07-19 02:43:35,24.6,82.4
2026-07-19 02:43:55,24.7,82.4
2026-07-19 02:44:15,24.6,82.4
2026-07-19 02:44:35,24.6,82.4
2026-07-19 02:44:55,24.6,82.4
2026-07-19 02:45:15,24.6,82.4
2026-07-19 02:45:35,24.6,82.3
2026-07-19 02:45:55,24.6,82.4
2026-07-19 02:46:15,24.6,82.3
2026-07-19 02:46:35,24.6,82.3
2026-07-19 02:46:55,24.6,82.3
2026-07-19 02:47:15,24.6,82.3
2026-07-19 02:47:35,24.6,82.3
2026-07-19 02:47:55,24.6,82.4
2026-07-19 02:48:15,24.6,82.4
2026-07-19 02:48:35,24.6,82.4
2026-07-19 02:48:55,24.6,82.3
2026-07-19 02:49:15,24.6,82.4
2026-07-19 02:49:35,24.6,82.2
2026-07-19 02:49:55,24.6,82.2
2026-07-19 02:50:15,24.6,82.2
2026-07-19 02:50:35,24.6,82.1
2026-07-19 02:50:55,24.6,82.2
2026-07-19 02:51:15,24.6,82.1
2026-07-19 02:51:35,24.6,82.2
2026-07-19 02:51:55,24.6,82.2
2026-07-19 02:52:15,24.6,82.2
2026-07-19 02:52:35,24.6,82.2
2026-07-19 02:52:55,24.6,82.2
2026-07-19 02:53:15,24.6,82.1
2026-07-19 02:53:35,24.6,82.1
2026-07-19 02:53:56,24.6,82.2
2026-07-19 02:54:16,24.6,82.1
2026-07-19 02:54:36,24.6,82.1
2026-07-19 02:54:56,24.6,82.2
2026-07-19 02:55:16,24.6,82.2
2026-07-19 02:55:36,24.6,82.2
2026-07-19 02:55:56,24.6,82.1
2026-07-19 02:56:16,24.6,82.0
2026-07-19 02:56:36,24.6,82.0
2026-07-19 02:56:56,24.6,81.9
2026-07-19 02:57:16,24.6,81.8
2026-07-19 02:57:36,24.6,81.9
2026-07-19 02:57:56,24.6,81.8
2026-07-19 02:58:16,24.6,81.8
2026-07-19 02:58:36,24.6,81.9
2026-07-19 02:58:56,24.6,81.8
2026-07-19 02:59:16,24.6,81.8
2026-07-19 02:59:36,24.6,81.8
2026-07-19 02:59:56,24.6,81.9
2026-07-19 03:00:16,24.6,81.9
2026-07-19 03:00:36,24.5,81.8
2026-07-19 03:00:56,24.5,81.9
2026-07-19 03:01:16,24.5,81.9
2026-07-19 03:01:36,24.5,82.0
2026-07-19 03:01:56,24.5,82.1
2026-07-19 03:02:16,24.5,82.2
2026-07-19 03:02:36,24.5,82.1
2026-07-19 03:02:56,24.5,82.1
2026-07-19 03:03:16,24.5,82.1
2026-07-19 03:03:36,24.5,82.1
2026-07-19 03:03:56,24.5,82.0
2026-07-19 03:04:16,24.5,81.9
2026-07-19 03:04:36,24.5,81.9
2026-07-19 03:04:56,24.5,81.9
2026-07-19 03:05:16,24.6,81.9
2026-07-19 03:05:37,24.6,81.8
2026-07-19 03:05:56,24.6,81.8
2026-07-19 03:06:16,24.6,81.8
2026-07-19 03:06:36,24.6,81.8
2026-07-19 03:06:56,24.6,81.9
2026-07-19 03:07:16,24.6,81.9
2026-07-19 03:07:36,24.5,81.9
2026-07-19 03:07:56,24.6,81.9
2026-07-19 03:08:16,24.5,82.0
2026-07-19 03:08:36,24.5,82.0
2026-07-19 03:08:56,24.5,82.0
2026-07-19 03:09:16,24.5,81.9
2026-07-19 03:09:36,24.5,81.8
2026-07-19 03:09:56,24.5,81.9
2026-07-19 03:10:16,24.5,81.9
2026-07-19 03:10:36,24.5,81.9
2026-07-19 03:10:56,24.5,81.9
2026-07-19 03:11:16,24.5,81.8
2026-07-19 03:11:36,24.5,81.8
2026-07-19 03:11:56,24.5,81.8
2026-07-19 03:12:17,24.5,81.7
2026-07-19 03:12:37,24.5,81.7
2026-07-19 03:12:57,24.5,81.7
2026-07-19 03:13:17,24.5,81.7
2026-07-19 03:13:37,24.5,81.6
2026-07-19 03:13:57,24.5,81.6
2026-07-19 03:14:17,24.5,81.6
2026-07-19 03:14:37,24.5,81.6
2026-07-19 03:14:57,24.5,81.6
2026-07-19 03:15:17,24.5,81.6
2026-07-19 03:15:37,24.5,81.6
2026-07-19 03:15:57,24.5,81.5
2026-07-19 03:16:17,24.5,81.5
2026-07-19 03:16:37,24.5,81.5
2026-07-19 03:16:57,24.5,81.6
2026-07-19 03:17:17,24.5,81.7
2026-07-19 03:17:37,24.5,81.8
2026-07-19 03:17:57,24.5,81.8
2026-07-19 03:18:17,24.5,81.8
2026-07-19 03:18:37,24.5,81.9
2026-07-19 03:18:57,24.5,81.9
2026-07-19 03:19:17,24.4,81.8
2026-07-19 03:19:37,24.5,81.8
2026-07-19 03:19:57,24.4,81.7
2026-07-19 03:20:17,24.5,81.7
2026-07-19 03:20:37,24.4,81.8
2026-07-19 03:20:57,24.4,81.8
2026-07-19 03:21:17,24.5,81.7
2026-07-19 03:21:37,24.5,81.6
2026-07-19 03:21:57,24.5,81.6
2026-07-19 03:22:17,24.5,81.6
2026-07-19 03:22:37,24.5,81.5
2026-07-19 03:22:57,24.5,81.6
2026-07-19 03:23:17,24.5,81.5
2026-07-19 03:23:37,24.5,81.6
2026-07-19 03:23:57,24.5,81.7
2026-07-19 03:24:17,24.5,81.7
2026-07-19 03:24:37,24.5,81.8
2026-07-19 03:24:57,24.4,81.8
2026-07-19 03:25:17,24.4,81.8
2026-07-19 03:25:37,24.5,81.9
2026-07-19 03:25:57,24.4,81.8
2026-07-19 03:26:17,24.4,81.8
2026-07-19 03:26:37,24.4,81.7
2026-07-19 03:26:57,24.4,81.7
2026-07-19 03:27:18,24.4,81.7
2026-07-19 03:27:38,24.4,81.5
2026-07-19 03:27:58,24.4,81.5
2026-07-19 03:28:18,24.5,81.4
2026-07-19 03:28:38,24.4,81.4
2026-07-19 03:28:58,24.5,81.4
2026-07-19 03:29:18,24.4,81.4
2026-07-19 03:29:38,24.4,81.4
2026-07-19 03:29:58,24.5,81.5
2026-07-19 03:30:18,24.4,81.4
2026-07-19 03:30:38,24.4,81.3
2026-07-19 03:30:58,24.4,81.3
2026-07-19 03:31:18,24.4,81.3
2026-07-19 03:31:38,24.4,81.4
2026-07-19 03:31:58,24.4,81.4
2026-07-19 03:32:18,24.4,81.4
2026-07-19 03:32:38,24.4,81.4
2026-07-19 03:32:58,24.4,81.4
2026-07-19 03:33:18,24.4,81.4
2026-07-19 03:33:38,24.4,81.4
2026-07-19 03:33:58,24.4,81.4
2026-07-19 03:34:18,24.4,81.3
2026-07-19 03:34:38,24.3,81.4
2026-07-19 03:34:58,24.3,81.3
2026-07-19 03:35:18,24.4,81.3
2026-07-19 03:35:38,24.4,81.2
2026-07-19 03:35:58,24.4,81.3
2026-07-19 03:36:18,24.4,81.3
2026-07-19 03:36:38,24.4,81.2
2026-07-19 03:36:58,24.4,81.2
2026-07-19 03:37:18,24.4,81.2
2026-07-19 03:37:38,24.3,81.2
2026-07-19 03:37:58,24.3,81.2
2026-07-19 03:38:18,24.4,81.2
2026-07-19 03:38:38,24.4,81.2
2026-07-19 03:38:58,24.4,81.2
2026-07-19 03:39:18,24.4,81.1
2026-07-19 03:39:38,24.4,81.1
2026-07-19 03:39:58,24.4,81.1
2026-07-19 03:40:18,24.4,81.1
2026-07-19 03:40:38,24.4,81.1
2026-07-19 03:40:58,24.4,81.0
2026-07-19 03:41:19,24.4,81.1
2026-07-19 03:41:39,24.4,81.1
2026-07-19 03:41:59,24.4,81.1
2026-07-19 03:42:19,24.4,81.1
2026-07-19 03:42:39,24.4,81.1
2026-07-19 03:42:59,24.4,81.1
2026-07-19 03:43:19,24.3,81.2
2026-07-19 03:43:39,24.3,81.3
2026-07-19 03:43:59,24.3,81.3
2026-07-19 03:44:19,24.3,81.3
2026-07-19 03:44:39,24.3,81.4
2026-07-19 03:44:59,24.3,81.4
2026-07-19 03:45:19,24.3,81.4
2026-07-19 03:45:39,24.2,81.4
2026-07-19 03:45:59,24.3,81.4
2026-07-19 03:46:19,24.3,81.4
2026-07-19 03:46:39,24.3,81.3
2026-07-19 03:46:59,24.3,81.3
2026-07-19 03:47:19,24.2,81.2
2026-07-19 03:47:39,24.3,81.2
2026-07-19 03:47:59,24.3,81.2
2026-07-19 03:48:19,24.3,81.2
2026-07-19 03:48:39,24.3,81.1
2026-07-19 03:48:59,24.3,81.1
2026-07-19 03:49:19,24.3,81.1
2026-07-19 03:49:39,24.3,81.1
2026-07-19 03:49:59,24.3,81.1
2026-07-19 03:50:19,24.2,81.1
2026-07-19 03:50:39,24.2,81.1
2026-07-19 03:50:59,24.2,81.2
2026-07-19 03:51:19,24.2,81.2
2026-07-19 03:51:39,24.2,81.2
2026-07-19 03:51:59,24.2,81.2
2026-07-19 03:52:19,24.2,81.2
2026-07-19 03:52:39,24.2,81.1
2026-07-19 03:52:59,24.2,81.1
2026-07-19 03:53:19,24.2,81.2
2026-07-19 03:53:39,24.2,81.1
2026-07-19 03:53:59,24.2,81.1
2026-07-19 03:54:19,24.2,81.2
2026-07-19 03:54:40,24.2,81.2
2026-07-19 03:55:00,24.2,81.2
2026-07-19 03:55:20,24.3,81.3
2026-07-19 03:55:40,24.2,81.4
2026-07-19 03:56:00,24.2,81.5
2026-07-19 03:56:20,24.2,81.3
2026-07-19 03:56:40,24.2,81.4
2026-07-19 03:57:00,24.2,81.4
2026-07-19 03:57:20,24.2,81.4
2026-07-19 03:57:40,24.2,81.3
2026-07-19 03:58:00,24.2,81.3
2026-07-19 03:58:20,24.2,81.2
2026-07-19 03:58:40,24.3,81.2
2026-07-19 03:59:00,24.3,81.1
2026-07-19 03:59:20,24.3,81.0
2026-07-19 03:59:40,24.3,81.1
2026-07-19 04:00:00,24.3,81.1
2026-07-19 04:00:20,24.3,81.2
2026-07-19 04:00:40,24.3,81.1
2026-07-19 04:01:00,24.3,81.2
2026-07-19 04:01:20,24.3,81.1
2026-07-19 04:01:40,24.3,81.1
2026-07-19 04:02:00,24.3,81.1
2026-07-19 04:02:20,24.3,81.0
2026-07-19 04:02:40,24.3,81.0
2026-07-19 04:03:00,24.3,80.9
2026-07-19 04:03:20,24.3,80.9
2026-07-19 04:03:40,24.3,80.9
2026-07-19 04:04:00,24.3,81.0
2026-07-19 04:04:20,24.2,80.9
2026-07-19 04:04:40,24.3,80.9
2026-07-19 04:05:00,24.2,80.8
2026-07-19 04:05:20,24.2,80.9
2026-07-19 04:05:40,24.2,80.9
2026-07-19 04:06:00,24.2,81.0
2026-07-19 04:06:20,24.2,81.0
2026-07-19 04:06:40,24.2,81.0
2026-07-19 04:07:00,24.2,81.0
2026-07-19 04:07:20,24.2,81.0
2026-07-19 04:07:40,24.2,81.0
2026-07-19 04:08:00,24.2,81.0
2026-07-19 04:08:20,24.2,80.9
2026-07-19 04:08:40,24.2,81.0
2026-07-19 04:09:00,24.2,81.0
2026-07-19 04:09:20,24.2,81.0
2026-07-19 04:09:41,24.2,81.1
2026-07-19 04:10:00,24.2,81.0
2026-07-19 04:10:20,24.2,81.0
2026-07-19 04:10:40,24.1,81.0
2026-07-19 04:11:01,24.2,80.9
2026-07-19 04:11:21,24.1,80.9
2026-07-19 04:11:41,24.1,80.9
2026-07-19 04:12:01,24.1,80.8
2026-07-19 04:12:21,24.1,80.8
2026-07-19 04:12:41,24.1,80.8
2026-07-19 04:13:01,24.1,80.8
2026-07-19 04:13:21,24.1,80.7
2026-07-19 04:13:41,24.1,80.8
2026-07-19 04:14:01,24.1,80.7
2026-07-19 04:14:21,24.1,80.7
2026-07-19 04:14:41,24.1,80.8
2026-07-19 04:15:01,24.1,80.9
2026-07-19 04:15:21,24.1,81.0
2026-07-19 04:15:41,24.1,81.0
2026-07-19 04:16:01,24.1,80.9
2026-07-19 04:16:21,24.1,80.9
2026-07-19 04:16:41,24.1,80.8
2026-07-19 04:17:01,24.1,80.8
2026-07-19 04:17:21,24.1,80.7
2026-07-19 04:17:41,24.1,80.8
2026-07-19 04:18:01,24.1,80.7
2026-07-19 04:18:21,24.1,80.7
2026-07-19 04:18:41,24.1,80.7
2026-07-19 04:19:01,24.1,80.7
2026-07-19 04:19:21,24.1,80.7
2026-07-19 04:19:41,24.1,80.8
2026-07-19 04:20:01,24.1,80.7
2026-07-19 04:20:21,24.1,80.7
2026-07-19 04:20:41,24.1,80.7
2026-07-19 04:21:01,24.1,80.6
2026-07-19 04:21:21,24.1,80.7
2026-07-19 04:21:41,24.1,80.7
2026-07-19 04:22:01,24.1,80.7
2026-07-19 04:22:21,24.1,80.5
2026-07-19 04:22:41,24.1,80.6
2026-07-19 04:23:01,24.1,80.6
2026-07-19 04:23:21,24.1,80.6
2026-07-19 04:23:42,24.1,80.6
2026-07-19 04:24:01,24.1,80.6
2026-07-19 04:24:22,24.1,80.5
2026-07-19 04:24:42,24.1,80.5
2026-07-19 04:25:02,24.1,80.6
2026-07-19 04:25:22,24.0,80.5
2026-07-19 04:25:42,24.0,80.4
2026-07-19 04:26:02,24.0,80.5
2026-07-19 04:26:22,24.0,80.6
2026-07-19 04:26:42,24.0,80.6
2026-07-19 04:27:02,24.0,80.6
2026-07-19 04:27:22,24.0,80.6
2026-07-19 04:27:42,24.0,80.6
2026-07-19 04:28:02,24.0,80.6
2026-07-19 04:28:22,24.0,80.6
2026-07-19 04:28:42,24.0,80.7
2026-07-19 04:29:02,24.0,80.6
2026-07-19 04:29:22,24.0,80.5
2026-07-19 04:29:42,24.0,80.5
2026-07-19 04:30:02,24.0,80.5
2026-07-19 04:30:22,24.0,80.5
2026-07-19 04:30:42,24.0,80.4
2026-07-19 04:31:02,24.0,80.5
2026-07-19 04:31:22,24.0,80.6
2026-07-19 04:31:42,24.0,80.5
2026-07-19 04:32:02,24.0,80.6
2026-07-19 04:32:22,24.0,80.5
2026-07-19 04:32:42,24.0,80.5
2026-07-19 04:33:02,24.0,80.5
2026-07-19 04:33:22,24.0,80.5
2026-07-19 04:33:42,24.0,80.5
2026-07-19 04:34:02,24.0,80.5
2026-07-19 04:34:22,24.0,80.5
2026-07-19 04:34:42,24.0,80.5
2026-07-19 04:35:02,24.0,80.5
2026-07-19 04:35:22,24.0,80.6
2026-07-19 04:35:42,24.0,80.6
2026-07-19 04:36:02,24.0,80.6
2026-07-19 04:36:22,24.0,80.7
2026-07-19 04:36:42,24.0,80.7
2026-07-19 04:37:02,24.0,80.7
2026-07-19 04:37:22,24.0,80.6
2026-07-19 04:37:43,24.0,80.6
2026-07-19 04:38:03,24.0,80.6
2026-07-19 04:38:23,24.0,80.7
2026-07-19 04:38:43,24.0,80.6
2026-07-19 04:39:03,24.0,80.7
2026-07-19 04:39:23,24.0,80.7
2026-07-19 04:39:43,24.0,80.6
2026-07-19 04:40:03,24.0,80.6
2026-07-19 04:40:23,24.0,80.6
2026-07-19 04:40:43,24.0,80.6
2026-07-19 04:41:03,24.0,80.6
2026-07-19 04:41:23,24.0,80.6
2026-07-19 04:41:43,24.0,80.6
2026-07-19 04:42:03,24.0,80.6
2026-07-19 04:42:23,24.0,80.5
2026-07-19 04:42:43,24.0,80.5
2026-07-19 04:43:03,24.0,80.6
2026-07-19 04:43:23,24.0,80.6
2026-07-19 04:43:43,24.0,80.6
2026-07-19 04:44:03,24.0,80.5
2026-07-19 04:44:23,24.0,80.5
2026-07-19 04:44:43,24.0,80.4
2026-07-19 04:45:03,24.0,80.4
2026-07-19 04:45:23,24.0,80.4
2026-07-19 04:45:43,24.0,80.4
2026-07-19 04:46:03,24.0,80.5
2026-07-19 04:46:23,24.0,80.4
2026-07-19 04:46:43,24.0,80.5
2026-07-19 04:47:03,24.0,80.4
2026-07-19 04:47:23,24.0,80.4
2026-07-19 04:47:43,24.0,80.4
2026-07-19 04:48:03,24.0,80.4
2026-07-19 04:48:23,24.0,80.3
2026-07-19 04:48:43,24.0,80.3
2026-07-19 04:49:03,24.0,80.2
2026-07-19 04:49:23,24.0,80.2
2026-07-19 04:49:43,24.0,80.2
2026-07-19 04:50:03,24.0,80.2
2026-07-19 04:50:23,24.0,80.2
2026-07-19 04:50:43,24.0,80.2
2026-07-19 04:51:03,24.0,80.2
2026-07-19 04:51:23,24.0,80.2
2026-07-19 04:51:43,24.0,
2026-07-19 04:51:44,,80.2
2026-07-19 04:52:04,24.0,80.2
2026-07-19 04:52:24,24.0,80.2
2026-07-19 04:52:44,24.0,80.3
2026-07-19 04:53:04,24.0,80.3
2026-07-19 04:53:24,24.0,80.2
2026-07-19 04:53:44,24.0,80.3
2026-07-19 04:54:04,24.0,80.3
2026-07-19 04:54:24,24.0,80.3
2026-07-19 04:54:44,24.0,80.3
2026-07-19 04:55:04,23.9,80.3
2026-07-19 04:55:24,23.9,80.3
2026-07-19 04:55:44,23.9,80.1
2026-07-19 04:56:04,23.9,80.3
2026-07-19 04:56:24,23.9,80.2
2026-07-19 04:56:44,23.9,80.2
2026-07-19 04:57:04,23.9,80.2
2026-07-19 04:57:24,23.9,80.1
2026-07-19 04:57:44,23.9,80.2
2026-07-19 04:58:04,23.9,80.2
2026-07-19 04:58:24,23.9,80.2
2026-07-19 04:58:44,23.9,80.2
2026-07-19 04:59:04,23.9,80.2
2026-07-19 04:59:24,23.9,80.1
2026-07-19 04:59:44,23.9,80.1
2026-07-19 05:00:04,23.9,80.1
2026-07-19 05:00:24,23.9,80.1
2026-07-19 05:00:44,23.9,80.1
2026-07-19 05:01:04,23.9,80.2
2026-07-19 05:01:24,23.9,80.1
2026-07-19 05:01:44,23.9,80.1
2026-07-19 05:02:04,23.9,80.0
2026-07-19 05:02:24,23.9,79.9
2026-07-19 05:02:44,23.9,79.9
2026-07-19 05:03:04,23.9,80.0
2026-07-19 05:03:24,23.9,80.0
2026-07-19 05:03:44,23.9,80.0
2026-07-19 05:04:04,23.9,80.0
2026-07-19 05:04:24,23.9,80.0
2026-07-19 05:04:44,23.9,79.9
2026-07-19 05:05:04,23.9,79.8
2026-07-19 05:05:24,23.9,79.9
2026-07-19 05:05:44,23.8,80.0
2026-07-19 05:06:04,23.9,80.1
2026-07-19 05:06:24,23.8,80.1
2026-07-19 05:06:44,23.8,80.1
2026-07-19 05:07:04,23.8,80.1
2026-07-19 05:07:24,23.9,80.1
2026-07-19 05:07:44,23.9,80.0
2026-07-19 05:08:04,23.9,80.1
2026-07-19 05:08:25,23.8,80.2
2026-07-19 05:08:45,23.8,80.2
2026-07-19 05:09:05,23.8,80.2
2026-07-19 05:09:25,23.8,80.2
2026-07-19 05:09:45,23.8,80.2
2026-07-19 05:10:05,23.8,80.2
2026-07-19 05:10:25,23.8,80.2
2026-07-19 05:10:45,23.8,80.2
2026-07-19 05:11:05,23.8,80.3
2026-07-19 05:11:25,23.8,80.2
2026-07-19 05:11:45,23.9,80.2
2026-07-19 05:12:05,23.9,80.1
2026-07-19 05:12:25,23.9,80.0
2026-07-19 05:12:45,23.9,80.0
2026-07-19 05:13:05,23.9,80.0
2026-07-19 05:13:25,23.9,79.9
2026-07-19 05:13:45,23.9,80.0
2026-07-19 05:14:05,23.9,80.0
2026-07-19 05:14:25,23.9,79.9
2026-07-19 05:14:45,23.9,79.9
2026-07-19 05:15:05,23.9,80.0
2026-07-19 05:15:25,23.9,80.0
2026-07-19 05:15:45,23.9,80.0
2026-07-19 05:16:05,23.9,80.0
2026-07-19 05:16:25,23.9,80.0
2026-07-19 05:16:45,23.9,80.0
2026-07-19 05:17:05,23.9,79.9
2026-07-19 05:17:25,23.9,80.0
2026-07-19 05:17:45,23.9,80.0
2026-07-19 05:18:05,23.9,79.9
2026-07-19 05:18:25,23.9,80.0
2026-07-19 05:18:45,23.9,80.0
2026-07-19 05:19:05,23.9,80.0
2026-07-19 05:19:25,23.9,79.9
2026-07-19 05:19:45,23.9,79.9
2026-07-19 05:20:05,23.9,80.0
2026-07-19 05:20:25,23.8,79.9
2026-07-19 05:20:45,23.8,79.8
2026-07-19 05:21:05,23.9,79.8
2026-07-19 05:21:25,23.8,79.9
2026-07-19 05:21:45,23.8,80.0
2026-07-19 05:22:05,23.8,79.8
2026-07-19 05:22:25,23.8,79.7
2026-07-19 05:22:45,23.8,79.8
2026-07-19 05:23:05,23.8,79.9
2026-07-19 05:23:25,23.7,80.0
2026-07-19 05:23:46,23.8,80.0
2026-07-19 05:24:06,23.8,80.1
2026-07-19 05:24:26,23.8,80.0
2026-07-19 05:24:46,23.8,80.0
2026-07-19 05:25:06,23.7,79.9
2026-07-19 05:25:26,23.7,80.0
2026-07-19 05:25:46,23.7,79.8
2026-07-19 05:26:06,23.7,79.9
2026-07-19 05:26:26,23.7,80.0
2026-07-19 05:26:46,23.7,80.0
2026-07-19 05:27:06,23.7,80.0
2026-07-19 05:27:26,23.7,80.0
2026-07-19 05:27:46,23.7,79.9
2026-07-19 05:28:06,23.7,79.8
2026-07-19 05:28:26,23.7,79.8
2026-07-19 05:28:46,23.7,80.0
2026-07-19 05:29:06,23.7,80.0
2026-07-19 05:29:26,23.6,80.1
2026-07-19 05:29:46,23.6,80.2
2026-07-19 05:30:06,23.6,80.2
2026-07-19 05:30:26,23.6,80.1
2026-07-19 05:30:46,23.6,80.0
2026-07-19 05:31:06,23.7,80.0
2026-07-19 05:31:26,23.6,80.0
2026-07-19 05:31:46,23.6,80.1
2026-07-19 05:32:06,23.6,80.2
2026-07-19 05:32:26,23.6,80.3
2026-07-19 05:32:46,23.6,80.3
2026-07-19 05:33:06,23.6,80.3
2026-07-19 05:33:26,23.6,80.2
2026-07-19 05:33:46,23.6,80.2
2026-07-19 05:34:06,23.6,80.3
2026-07-19 05:34:26,23.6,80.3
2026-07-19 05:34:46,23.6,80.3
2026-07-19 05:35:06,23.6,80.4
2026-07-19 05:35:26,23.6,80.4
2026-07-19 05:35:46,23.7,80.4
2026-07-19 05:36:06,23.7,80.3
2026-07-19 05:36:26,23.7,80.3
2026-07-19 05:36:46,23.7,80.2
2026-07-19 05:37:06,23.8,80.2
2026-07-19 05:37:26,23.8,80.2
2026-07-19 05:37:47,23.8,80.2
2026-07-19 05:38:07,23.8,80.1
2026-07-19 05:38:27,23.8,79.9
2026-07-19 05:38:47,23.8,79.8
2026-07-19 05:39:07,23.8,79.8
2026-07-19 05:39:27,23.8,79.9
2026-07-19 05:39:47,23.9,79.9
2026-07-19 05:40:07,23.9,79.8
2026-07-19 05:40:27,23.8,79.7
2026-07-19 05:40:47,23.8,79.7
2026-07-19 05:41:07,23.8,79.7
2026-07-19 05:41:27,23.9,79.8
2026-07-19 05:41:47,23.9,79.8
2026-07-19 05:42:07,23.8,79.7
2026-07-19 05:42:27,23.9,79.7
2026-07-19 05:42:47,23.9,79.6
2026-07-19 05:43:07,23.9,79.6
2026-07-19 05:43:27,23.9,79.6
2026-07-19 05:43:47,23.9,79.6
2026-07-19 05:44:07,23.9,79.5
2026-07-19 05:44:27,23.9,79.5
2026-07-19 05:44:47,23.9,79.4
2026-07-19 05:45:07,23.9,79.4
2026-07-19 05:45:27,23.9,79.5
2026-07-19 05:45:47,23.9,79.5
2026-07-19 05:46:07,23.9,79.4
2026-07-19 05:46:27,23.9,79.4
2026-07-19 05:46:47,23.9,79.4
2026-07-19 05:47:07,23.9,79.6
2026-07-19 05:47:27,23.8,79.5
2026-07-19 05:47:47,23.8,79.6
2026-07-19 05:48:07,23.8,79.7
2026-07-19 05:48:27,23.8,79.6
2026-07-19 05:48:47,23.8,79.7
2026-07-19 05:49:07,23.8,79.7
2026-07-19 05:49:27,23.8,79.6
2026-07-19 05:49:47,23.8,79.7
2026-07-19 05:50:07,23.7,79.7
2026-07-19 05:50:27,23.7,79.8
2026-07-19 05:50:49,23.7,79.8
2026-07-19 05:51:07,23.7,
2026-07-19 05:51:08,,79.8
2026-07-19 05:51:27,23.7,79.9
2026-07-19 05:51:48,23.7,80.0
2026-07-19 05:52:08,23.7,80.0
2026-07-19 05:52:28,23.7,79.9
2026-07-19 05:52:48,23.7,80.0
2026-07-19 05:53:08,23.7,80.0
2026-07-19 05:53:28,23.7,80.0
2026-07-19 05:53:48,23.7,79.9
2026-07-19 05:54:08,23.7,80.0
2026-07-19 05:54:28,23.7,79.9
2026-07-19 05:54:48,23.7,79.9
2026-07-19 05:55:08,23.7,79.9
2026-07-19 05:55:28,23.7,79.9
2026-07-19 05:55:48,23.7,79.8
2026-07-19 05:56:08,23.7,79.8
2026-07-19 05:56:28,23.7,79.8
2026-07-19 05:56:48,23.7,79.8
2026-07-19 05:57:08,23.7,79.8
2026-07-19 05:57:28,23.8,79.7
2026-07-19 05:57:48,23.8,79.7
2026-07-19 05:58:08,23.8,79.7
2026-07-19 05:58:28,23.7,79.6
2026-07-19 05:58:48,23.8,79.6
2026-07-19 05:59:08,23.8,79.6
2026-07-19 05:59:28,23.8,79.6
2026-07-19 05:59:48,23.8,79.5
2026-07-19 06:00:08,23.8,79.5
2026-07-19 06:00:28,23.8,79.4
2026-07-19 06:00:48,23.7,79.4
2026-07-19 06:01:08,23.7,79.5
2026-07-19 06:01:28,23.7,79.5
2026-07-19 06:01:48,23.7,79.5
2026-07-19 06:02:08,23.7,79.5
2026-07-19 06:02:28,23.7,79.6
2026-07-19 06:02:48,23.7,79.7
2026-07-19 06:03:08,23.6,79.8
2026-07-19 06:03:28,23.6,79.8
2026-07-19 06:03:48,23.6,79.7
2026-07-19 06:04:08,23.6,79.7
2026-07-19 06:04:28,23.6,79.8
2026-07-19 06:04:48,23.6,79.8
2026-07-19 06:05:08,23.6,80.0
2026-07-19 06:05:28,23.6,80.0
2026-07-19 06:05:48,23.6,80.0
2026-07-19 06:06:08,23.6,79.9
2026-07-19 06:06:28,23.7,79.8
2026-07-19 06:06:48,23.6,
2026-07-19 06:06:49,,79.8
2026-07-19 06:07:09,23.7,79.8
2026-07-19 06:07:29,23.6,79.7
2026-07-19 06:07:49,23.6,79.7
2026-07-19 06:08:09,23.7,79.7
2026-07-19 06:08:29,23.6,79.7
2026-07-19 06:08:49,23.6,79.7
2026-07-19 06:09:09,23.6,79.8
2026-07-19 06:09:29,23.6,79.8
2026-07-19 06:09:49,23.6,79.8
2026-07-19 06:10:09,23.6,79.9
2026-07-19 06:10:29,23.6,79.8
2026-07-19 06:10:49,23.6,79.8
2026-07-19 06:11:09,23.6,79.8
2026-07-19 06:11:29,23.6,79.8
2026-07-19 06:11:49,23.6,79.7
2026-07-19 06:12:09,23.6,79.8
2026-07-19 06:12:29,23.6,79.8
2026-07-19 06:12:49,23.6,79.9
2026-07-19 06:13:09,23.6,79.9
2026-07-19 06:13:29,23.6,79.9
2026-07-19 06:13:49,23.5,79.9
2026-07-19 06:14:09,23.6,80.0
2026-07-19 06:14:29,23.6,80.1
2026-07-19 06:14:49,23.6,80.0
2026-07-19 06:15:09,23.5,80.1
2026-07-19 06:15:29,23.5,80.2
2026-07-19 06:15:49,23.5,80.3
2026-07-19 06:16:09,23.4,80.4
2026-07-19 06:16:29,23.4,80.6
2026-07-19 06:16:49,23.3,80.8
2026-07-19 06:17:09,23.3,81.0
2026-07-19 06:17:29,23.3,81.1
2026-07-19 06:17:49,23.2,81.3
2026-07-19 06:18:09,23.2,81.5
2026-07-19 06:18:29,23.2,81.6
2026-07-19 06:18:49,23.1,81.7
2026-07-19 06:19:09,23.1,81.9
2026-07-19 06:19:29,23.1,81.9
2026-07-19 06:19:49,23.1,82.0
2026-07-19 06:20:09,23.1,81.9
2026-07-19 06:20:30,23.1,81.9
2026-07-19 06:20:50,23.1,82.0
2026-07-19 06:21:10,23.1,82.2
2026-07-19 06:21:30,23.0,82.1
2026-07-19 06:21:50,23.0,82.2
2026-07-19 06:22:10,23.0,82.2
2026-07-19 06:22:30,23.0,82.3
2026-07-19 06:22:50,23.0,82.4
2026-07-19 06:23:10,23.0,82.4
2026-07-19 06:23:30,22.9,82.5
2026-07-19 06:23:50,22.9,82.6
2026-07-19 06:24:10,22.9,82.7
2026-07-19 06:24:30,22.9,82.8
2026-07-19 06:24:50,22.9,83.0
2026-07-19 06:25:10,22.9,83.1
2026-07-19 06:25:30,22.9,83.3
2026-07-19 06:25:50,22.8,83.4
2026-07-19 06:26:10,22.8,83.5
2026-07-19 06:26:30,22.7,83.6
2026-07-19 06:26:50,22.7,83.7
2026-07-19 06:27:10,22.7,83.7
2026-07-19 06:27:30,22.7,83.8
2026-07-19 06:27:50,22.7,83.6
2026-07-19 06:28:10,22.7,83.6
2026-07-19 06:28:30,22.7,83.5
2026-07-19 06:28:50,22.7,83.5
2026-07-19 06:29:10,22.7,83.5
2026-07-19 06:29:30,22.7,83.4
2026-07-19 06:29:50,22.7,83.4
2026-07-19 06:30:10,22.7,83.4
2026-07-19 06:30:30,22.8,83.4
2026-07-19 06:30:50,22.8,83.3
2026-07-19 06:31:10,22.8,83.2
2026-07-19 06:31:31,22.8,83.1
2026-07-19 06:31:50,22.8,83.1
2026-07-19 06:32:10,22.8,83.0
2026-07-19 06:32:30,22.8,82.9
2026-07-19 06:32:50,22.9,82.8
2026-07-19 06:33:11,22.9,82.8
2026-07-19 06:33:31,22.9,82.7
2026-07-19 06:33:51,22.9,82.7
2026-07-19 06:34:11,22.9,82.7
2026-07-19 06:34:31,22.9,82.5
2026-07-19 06:34:51,22.9,82.5
2026-07-19 06:35:11,22.9,82.5
2026-07-19 06:35:31,22.9,82.4
2026-07-19 06:35:51,22.9,82.4
2026-07-19 06:36:11,23.0,82.3
2026-07-19 06:36:31,23.0,82.4
2026-07-19 06:36:51,23.0,82.3
2026-07-19 06:37:11,23.0,82.3
2026-07-19 06:37:31,23.0,82.3
2026-07-19 06:37:51,23.0,82.3
2026-07-19 06:38:11,23.0,82.3
2026-07-19 06:38:31,23.0,82.3
2026-07-19 06:38:51,23.0,82.2
2026-07-19 06:39:11,23.0,82.3
2026-07-19 06:39:31,23.0,82.3
2026-07-19 06:39:51,23.0,82.3
2026-07-19 06:40:11,23.0,82.3
2026-07-19 06:40:31,23.0,82.3
2026-07-19 06:40:51,23.0,82.3
2026-07-19 06:41:11,23.0,82.2
2026-07-19 06:41:31,23.0,82.3
2026-07-19 06:41:51,23.0,82.4
2026-07-19 06:42:11,23.0,82.4
2026-07-19 06:42:31,23.0,82.6
2026-07-19 06:42:51,23.0,82.5
2026-07-19 06:43:11,22.9,82.6
2026-07-19 06:43:31,22.9,82.5
2026-07-19 06:43:51,22.9,82.5
2026-07-19 06:44:11,22.9,82.5
2026-07-19 06:44:31,22.9,82.5
2026-07-19 06:44:51,22.9,82.6
2026-07-19 06:45:11,22.9,82.5
2026-07-19 06:45:31,22.9,82.6
2026-07-19 06:45:51,22.9,82.5
2026-07-19 06:46:11,22.9,82.6
2026-07-19 06:46:31,22.9,82.7
2026-07-19 06:46:51,22.9,82.8
2026-07-19 06:47:11,22.9,82.8
2026-07-19 06:47:31,22.9,82.8
2026-07-19 06:47:51,22.9,82.8
2026-07-19 06:48:11,22.9,82.9
2026-07-19 06:48:31,22.9,82.9
2026-07-19 06:48:52,22.9,82.9
2026-07-19 06:49:12,22.9,83.0
2026-07-19 06:49:32,22.9,82.9
2026-07-19 06:49:52,22.9,82.9
2026-07-19 06:50:12,22.9,82.9
2026-07-19 06:50:32,22.9,82.8
2026-07-19 06:50:52,22.9,82.8
2026-07-19 06:51:12,22.9,82.9
2026-07-19 06:51:32,22.9,82.9
2026-07-19 06:51:52,22.9,82.9
2026-07-19 06:52:12,23.0,82.9
2026-07-19 06:52:32,23.0,82.9
2026-07-19 06:52:52,23.0,82.8
2026-07-19 06:53:12,23.0,82.9
2026-07-19 06:53:32,23.0,83.0
2026-07-19 06:53:52,23.0,83.0
2026-07-19 06:54:12,23.0,83.0
2026-07-19 06:54:32,23.0,83.0
2026-07-19 06:54:52,23.0,83.1
2026-07-19 06:55:12,23.0,83.1
2026-07-19 06:55:32,23.0,83.1
2026-07-19 06:55:52,23.0,83.1
2026-07-19 06:56:12,23.0,83.1
2026-07-19 06:56:32,23.0,83.1
2026-07-19 06:56:52,23.0,83.0
2026-07-19 06:57:12,23.0,83.0
2026-07-19 06:57:32,23.1,82.9
2026-07-19 06:57:52,23.1,82.8
2026-07-19 06:58:12,23.1,82.8
2026-07-19 06:58:32,23.1,82.8
2026-07-19 06:58:52,23.1,82.8
2026-07-19 06:59:12,23.1,82.8
2026-07-19 06:59:32,23.1,82.8
2026-07-19 06:59:52,23.1,82.8
2026-07-19 07:00:12,23.2,82.8
2026-07-19 07:00:32,23.1,82.8
2026-07-19 07:00:52,23.2,82.9
2026-07-19 07:01:12,23.1,82.9
2026-07-19 07:01:33,23.1,83.0
2026-07-19 07:01:52,23.1,83.0
2026-07-19 07:02:12,23.1,82.9
2026-07-19 07:02:32,23.2,82.9
2026-07-19 07:02:52,23.2,83.0
2026-07-19 07:03:12,23.2,83.0
2026-07-19 07:03:32,23.2,82.9
2026-07-19 07:03:52,23.2,
2026-07-19 07:03:53,,83.0
2026-07-19 07:04:13,23.2,83.0
2026-07-19 07:04:33,23.2,82.9
2026-07-19 07:04:53,23.2,82.8
2026-07-19 07:05:13,23.2,82.9
2026-07-19 07:05:33,23.2,82.8
2026-07-19 07:05:53,23.2,83.2
2026-07-19 07:06:13,23.3,83.1
2026-07-19 07:06:33,23.3,82.9
2026-07-19 07:06:53,23.4,82.7
2026-07-19 07:07:13,23.4,82.7
2026-07-19 07:07:33,23.5,82.6
2026-07-19 07:07:53,23.5,82.6
2026-07-19 07:08:13,23.6,82.4
2026-07-19 07:08:33,23.6,82.3
2026-07-19 07:08:53,23.6,82.4
2026-07-19 07:09:13,23.7,82.3
2026-07-19 07:09:33,23.7,82.1
2026-07-19 07:09:53,23.7,81.9
2026-07-19 07:10:13,23.8,81.7
2026-07-19 07:10:33,23.8,81.4
2026-07-19 07:10:53,23.8,81.1
2026-07-19 07:11:13,23.9,80.8
2026-07-19 07:11:33,23.9,80.6
2026-07-19 07:11:53,23.9,80.7
2026-07-19 07:12:13,23.9,82.8
2026-07-19 07:12:33,23.8,83.9
2026-07-19 07:12:53,23.8,84.5
2026-07-19 07:13:13,23.7,84.6
2026-07-19 07:13:33,23.6,84.8
2026-07-19 07:13:53,23.6,84.9
2026-07-19 07:14:13,23.5,84.9
2026-07-19 07:14:33,23.5,85.5
2026-07-19 07:14:53,23.5,85.5
2026-07-19 07:15:13,23.4,85.2
2026-07-19 07:15:33,23.4,85.3
2026-07-19 07:15:53,23.4,85.8
2026-07-19 07:16:13,23.3,85.8
2026-07-19 07:16:33,23.4,86.1
2026-07-19 07:16:53,23.3,86.2
2026-07-19 07:17:13,23.3,86.1
2026-07-19 07:17:33,23.3,86.1
2026-07-19 07:17:53,23.3,
2026-07-19 07:17:54,,85.9
2026-07-19 07:18:14,23.3,85.7
2026-07-19 07:18:34,23.3,85.8
2026-07-19 07:18:54,23.3,85.6
2026-07-19 07:19:14,23.3,85.6
2026-07-19 07:19:34,23.3,85.4
2026-07-19 07:19:54,23.3,85.3
2026-07-19 07:20:14,23.3,85.2
2026-07-19 07:20:34,23.3,85.1
2026-07-19 07:20:54,23.4,85.0
2026-07-19 07:21:14,23.3,85.0
2026-07-19 07:21:34,23.4,84.9
2026-07-19 07:21:54,23.4,84.8
2026-07-19 07:22:14,23.4,84.9
2026-07-19 07:22:34,23.4,84.8
2026-07-19 07:22:54,23.4,84.8
2026-07-19 07:23:14,23.4,84.5
2026-07-19 07:23:34,23.5,84.3
2026-07-19 07:23:54,23.5,84.4
2026-07-19 07:24:14,23.5,84.4
2026-07-19 07:24:34,23.5,84.3
2026-07-19 07:24:54,23.5,84.1
2026-07-19 07:25:14,23.5,84.0
2026-07-19 07:25:34,23.5,83.8
2026-07-19 07:25:54,23.5,83.7
2026-07-19 07:26:14,23.5,83.6
2026-07-19 07:26:34,23.5,83.6
2026-07-19 07:26:54,23.5,83.5
2026-07-19 07:27:14,23.5,83.5
2026-07-19 07:27:34,23.6,83.5
2026-07-19 07:27:54,23.6,83.5
2026-07-19 07:28:14,23.6,83.2
2026-07-19 07:28:34,23.7,83.2
2026-07-19 07:28:54,23.7,82.7
2026-07-19 07:29:14,23.7,82.4
2026-07-19 07:29:34,23.7,82.6
2026-07-19 07:29:54,23.7,83.0
2026-07-19 07:30:14,23.7,83.0
2026-07-19 07:30:34,23.6,83.0
2026-07-19 07:30:54,23.6,82.9
2026-07-19 07:31:14,23.6,
2026-07-19 07:31:15,,82.9
2026-07-19 07:31:35,23.6,82.9
2026-07-19 07:31:55,23.6,82.9
2026-07-19 07:32:15,23.6,82.9
2026-07-19 07:32:35,23.6,82.9
2026-07-19 07:32:55,23.6,82.9
2026-07-19 07:33:15,23.6,82.9
2026-07-19 07:33:35,23.6,82.9
2026-07-19 07:33:55,23.6,82.8
2026-07-19 07:34:15,23.7,82.8
2026-07-19 07:34:35,23.7,82.7
2026-07-19 07:34:55,23.7,82.6
2026-07-19 07:35:15,23.7,82.5
2026-07-19 07:35:35,23.7,82.4
2026-07-19 07:35:55,23.8,82.5
2026-07-19 07:36:15,23.7,82.5
2026-07-19 07:36:35,23.7,82.6
2026-07-19 07:36:55,23.7,82.6
2026-07-19 07:37:15,23.7,82.7
2026-07-19 07:37:35,23.7,82.7
2026-07-19 07:37:55,23.7,82.7
2026-07-19 07:38:15,23.7,82.8
2026-07-19 07:38:35,23.7,83.0
2026-07-19 07:38:55,23.8,83.0
2026-07-19 07:39:15,23.8,82.9
2026-07-19 07:39:35,23.8,82.9
2026-07-19 07:39:55,23.8,82.9
2026-07-19 07:40:15,23.8,82.9
2026-07-19 07:40:35,23.8,83.0
2026-07-19 07:40:55,23.8,83.0
2026-07-19 07:41:15,23.8,83.0
2026-07-19 07:41:35,23.8,83.0
2026-07-19 07:41:55,23.8,83.2
2026-07-19 07:42:15,23.8,83.3
2026-07-19 07:42:35,23.8,83.4
2026-07-19 07:42:55,23.8,83.4
2026-07-19 07:43:15,23.8,83.2
2026-07-19 07:43:35,23.8,83.1
2026-07-19 07:43:55,23.8,83.2
2026-07-19 07:44:15,23.8,83.2
2026-07-19 07:44:35,23.8,83.2
2026-07-19 07:44:55,23.8,83.0
2026-07-19 07:45:15,23.8,82.9
2026-07-19 07:45:36,23.8,82.9
2026-07-19 07:45:55,23.8,82.8
2026-07-19 07:46:16,23.9,82.6
2026-07-19 07:46:36,23.9,82.6
2026-07-19 07:46:56,23.9,82.5
2026-07-19 07:47:16,23.9,82.4
2026-07-19 07:47:36,23.9,82.3
2026-07-19 07:47:56,23.9,82.4
2026-07-19 07:48:16,23.9,82.4
2026-07-19 07:48:36,23.9,82.5
2026-07-19 07:48:56,23.9,82.5
2026-07-19 07:49:16,23.8,82.7
2026-07-19 07:49:36,23.8,82.7
2026-07-19 07:49:56,23.8,82.7
2026-07-19 07:50:16,23.8,82.7
2026-07-19 07:50:36,23.8,82.8
2026-07-19 07:50:56,23.8,82.3
2026-07-19 07:51:16,23.8,82.2
2026-07-19 07:51:36,23.8,82.1
2026-07-19 07:51:56,23.9,82.0
2026-07-19 07:52:16,23.9,81.7
2026-07-19 07:52:36,24.0,81.6
2026-07-19 07:52:56,24.0,81.5
2026-07-19 07:53:16,24.1,81.4
2026-07-19 07:53:36,24.1,81.3
2026-07-19 07:53:56,24.1,81.4
2026-07-19 07:54:16,24.1,81.2
2026-07-19 07:54:36,24.1,81.1
2026-07-19 07:54:56,24.1,81.1
2026-07-19 07:55:16,24.2,81.1
2026-07-19 07:55:36,24.2,81.0
2026-07-19 07:55:56,24.2,81.0
2026-07-19 07:56:16,24.2,80.9
2026-07-19 07:56:36,24.2,80.8
2026-07-19 07:56:56,24.2,80.9
2026-07-19 07:57:17,24.2,80.8
2026-07-19 07:57:37,24.2,80.8
2026-07-19 07:57:57,24.3,80.6
2026-07-19 07:58:17,24.3,80.7
2026-07-19 07:58:37,24.3,80.9
2026-07-19 07:58:57,24.3,81.0
2026-07-19 07:59:17,24.3,81.0
2026-07-19 07:59:37,24.3,81.0
2026-07-19 07:59:57,24.3,80.9
2026-07-19 08:00:17,24.4,80.9
2026-07-19 08:00:37,24.4,80.7
2026-07-19 08:00:57,24.4,80.7
2026-07-19 08:01:17,24.4,80.6
2026-07-19 08:01:37,24.4,80.4
2026-07-19 08:01:57,24.4,80.3
2026-07-19 08:02:17,24.4,80.3
2026-07-19 08:02:37,24.4,80.3
2026-07-19 08:02:57,24.5,80.2
2026-07-19 08:03:17,24.5,80.4
2026-07-19 08:03:37,24.5,80.4
2026-07-19 08:03:57,24.6,80.3
2026-07-19 08:04:17,24.6,80.1
2026-07-19 08:04:37,24.7,79.8
2026-07-19 08:04:57,24.7,79.7
2026-07-19 08:05:17,24.7,79.6
2026-07-19 08:05:37,24.8,79.4
2026-07-19 08:05:57,24.7,79.3
2026-07-19 08:06:17,24.7,79.3
2026-07-19 08:06:37,24.7,79.3
2026-07-19 08:06:57,24.6,79.3
2026-07-19 08:07:17,24.6,79.4
2026-07-19 08:07:37,24.6,79.4
2026-07-19 08:07:57,24.6,79.4
2026-07-19 08:08:17,24.6,79.3
2026-07-19 08:08:37,24.5,79.3
2026-07-19 08:08:57,24.5,79.3
2026-07-19 08:09:17,24.5,79.5
2026-07-19 08:09:37,24.5,79.5
2026-07-19 08:09:57,24.5,79.6
2026-07-19 08:10:17,24.5,79.6
2026-07-19 08:10:37,24.5,79.3
2026-07-19 08:10:57,24.5,79.1
2026-07-19 08:11:17,24.5,79.2
2026-07-19 08:11:37,24.5,79.2
2026-07-19 08:11:57,24.4,79.4
2026-07-19 08:12:17,24.4,79.4
2026-07-19 08:12:38,24.5,79.5
2026-07-19 08:12:58,24.5,79.5
2026-07-19 08:13:18,24.5,79.3
2026-07-19 08:13:38,24.5,79.1
2026-07-19 08:13:58,24.4,79.2
2026-07-19 08:14:18,24.4,79.3
2026-07-19 08:14:38,24.4,79.5
2026-07-19 08:14:58,24.4,79.6
2026-07-19 08:15:18,24.4,79.7
2026-07-19 08:15:38,24.4,79.7
2026-07-19 08:15:58,24.4,79.7
2026-07-19 08:16:18,24.4,79.6
2026-07-19 08:16:38,24.4,79.5
2026-07-19 08:16:58,24.4,79.4
2026-07-19 08:17:18,24.4,79.4
2026-07-19 08:17:38,24.4,79.4
2026-07-19 08:17:58,24.4,79.4
2026-07-19 08:18:18,24.5,79.4
2026-07-19 08:18:38,24.5,79.3
2026-07-19 08:18:58,24.5,79.4
2026-07-19 08:19:18,24.4,79.5
2026-07-19 08:19:38,24.4,79.5
2026-07-19 08:19:58,24.4,79.4
2026-07-19 08:20:18,24.4,79.4
2026-07-19 08:20:38,24.5,79.4
2026-07-19 08:20:58,24.5,79.4
2026-07-19 08:21:18,24.5,79.4
2026-07-19 08:21:38,24.5,79.4
2026-07-19 08:21:58,24.5,79.4
2026-07-19 08:22:18,24.5,79.3
2026-07-19 08:22:38,24.5,79.0
2026-07-19 08:22:58,24.5,79.2
2026-07-19 08:23:18,24.6,79.2
2026-07-19 08:23:38,24.6,79.2
2026-07-19 08:23:58,24.5,79.0
2026-07-19 08:24:18,24.5,79.1
2026-07-19 08:24:38,24.5,79.3
2026-07-19 08:24:58,24.5,79.4
2026-07-19 08:25:18,24.4,79.5
2026-07-19 08:25:38,24.5,79.5
2026-07-19 08:25:58,24.4,79.5
2026-07-19 08:26:18,24.5,79.5
2026-07-19 08:26:38,24.5,79.5
2026-07-19 08:26:58,24.4,
2026-07-19 08:26:59,,79.4
2026-07-19 08:27:19,24.4,79.3
2026-07-19 08:27:39,24.5,79.4
2026-07-19 08:27:59,24.5,79.5
2026-07-19 08:28:19,24.5,79.4
2026-07-19 08:28:39,24.5,79.1
2026-07-19 08:28:59,24.5,79.0
2026-07-19 08:29:19,24.5,79.1
2026-07-19 08:29:39,24.5,79.1
2026-07-19 08:29:59,24.5,78.9
2026-07-19 08:30:19,24.5,78.9
2026-07-19 08:30:39,24.5,78.9
2026-07-19 08:30:59,24.5,78.9
2026-07-19 08:31:19,24.5,78.9
2026-07-19 08:31:39,24.5,79.0
2026-07-19 08:31:59,24.6,78.9
2026-07-19 08:32:19,24.6,78.8
2026-07-19 08:32:39,24.5,78.7
2026-07-19 08:32:59,24.5,78.8
2026-07-19 08:33:19,24.5,78.8
2026-07-19 08:33:39,24.5,78.8
2026-07-19 08:33:59,24.5,78.9
2026-07-19 08:34:19,24.5,79.0
2026-07-19 08:34:39,24.5,79.0
2026-07-19 08:34:59,24.5,79.1
2026-07-19 08:35:19,24.6,79.1
2026-07-19 08:35:39,24.6,79.0
2026-07-19 08:35:59,24.7,78.8
2026-07-19 08:36:19,24.7,78.6
2026-07-19 08:36:39,24.7,78.4
2026-07-19 08:36:59,24.7,78.1
2026-07-19 08:37:19,24.7,78.1
2026-07-19 08:37:39,24.7,78.1
2026-07-19 08:37:59,24.7,78.0
2026-07-19 08:38:19,24.7,77.8
2026-07-19 08:38:39,24.7,77.8
2026-07-19 08:38:59,24.7,77.8
2026-07-19 08:39:19,24.7,77.8
2026-07-19 08:39:39,24.7,77.7
2026-07-19 08:39:59,24.7,77.7
2026-07-19 08:40:19,24.7,77.6
2026-07-19 08:40:39,24.7,77.7
2026-07-19 08:40:59,24.7,77.7
2026-07-19 08:41:20,24.7,77.7
2026-07-19 08:41:40,24.7,78.0
2026-07-19 08:42:00,24.7,78.1
2026-07-19 08:42:20,24.8,78.0
2026-07-19 08:42:40,24.7,77.8
2026-07-19 08:43:00,24.8,77.7
2026-07-19 08:43:20,24.8,77.6
2026-07-19 08:43:40,24.8,77.6
2026-07-19 08:44:00,24.8,77.6
2026-07-19 08:44:20,24.8,77.6
2026-07-19 08:44:40,24.8,77.6
2026-07-19 08:45:00,24.8,77.6
2026-07-19 08:45:20,24.8,77.6
2026-07-19 08:45:40,24.8,77.5
2026-07-19 08:46:00,24.8,77.6
2026-07-19 08:46:20,24.8,77.4
2026-07-19 08:46:40,24.8,77.5
2026-07-19 08:47:00,24.8,77.5
2026-07-19 08:47:20,24.8,77.4
2026-07-19 08:47:40,24.8,77.4
2026-07-19 08:48:00,24.8,77.5
2026-07-19 08:48:20,24.8,77.5
2026-07-19 08:48:40,24.8,77.5
2026-07-19 08:49:00,24.8,77.6
2026-07-19 08:49:20,24.8,77.7
2026-07-19 08:49:40,24.8,77.6
2026-07-19 08:50:00,24.8,77.5
2026-07-19 08:50:20,24.8,77.6
2026-07-19 08:50:40,24.8,77.6
2026-07-19 08:51:00,24.8,77.4
2026-07-19 08:51:20,24.8,77.4
2026-07-19 08:51:40,24.8,77.3
2026-07-19 08:52:00,24.8,77.3
2026-07-19 08:52:20,24.8,77.4
2026-07-19 08:52:40,24.8,77.4
2026-07-19 08:53:00,24.8,77.3
2026-07-19 08:53:20,24.8,77.3
2026-07-19 08:53:40,24.8,77.3
2026-07-19 08:54:00,24.8,77.2
2026-07-19 08:54:20,24.8,77.3
2026-07-19 08:54:40,24.8,
2026-07-19 08:54:41,,77.3
2026-07-19 08:55:01,24.8,77.4
2026-07-19 08:55:21,24.8,77.5
2026-07-19 08:55:41,24.9,77.5
2026-07-19 08:56:01,24.9,77.6
2026-07-19 08:56:21,24.9,77.6
2026-07-19 08:56:41,24.9,77.6
2026-07-19 08:57:01,24.9,77.7
2026-07-19 08:57:21,25.0,77.8
2026-07-19 08:57:41,25.0,77.6
2026-07-19 08:58:01,25.0,77.4
2026-07-19 08:58:21,25.1,77.3
2026-07-19 08:58:41,25.1,77.1
2026-07-19 08:59:01,25.1,77.1
2026-07-19 08:59:21,25.1,77.1
2026-07-19 08:59:41,25.1,77.1
2026-07-19 09:00:01,25.1,77.1
2026-07-19 09:00:21,25.1,77.0
2026-07-19 09:00:41,25.1,76.9
2026-07-19 09:01:01,25.1,77.0
2026-07-19 09:01:21,25.1,77.0
2026-07-19 09:01:41,25.1,77.0
2026-07-19 09:02:01,25.1,76.9
2026-07-19 09:02:21,25.1,77.0
2026-07-19 09:02:41,25.1,76.9
2026-07-19 09:03:01,25.2,76.9
2026-07-19 09:03:21,25.2,76.9
2026-07-19 09:03:41,25.2,76.9
2026-07-19 09:04:01,25.2,76.9
2026-07-19 09:04:21,25.2,76.9
2026-07-19 09:04:41,25.2,76.9
2026-07-19 09:05:01,25.2,76.9
2026-07-19 09:05:21,25.2,76.8
2026-07-19 09:05:41,25.2,76.8
2026-07-19 09:06:01,25.2,76.8
2026-07-19 09:06:21,25.2,76.8
2026-07-19 09:06:41,25.2,76.8
2026-07-19 09:07:01,25.2,76.8
2026-07-19 09:07:22,25.2,76.9
2026-07-19 09:07:41,25.2,76.9
2026-07-19 09:08:01,25.2,76.9
2026-07-19 09:08:21,25.2,76.9
2026-07-19 09:08:41,25.2,77.0
2026-07-19 09:09:01,25.2,76.9
2026-07-19 09:09:21,25.1,77.0
2026-07-19 09:09:41,25.1,77.0
2026-07-19 09:10:01,25.1,77.1
2026-07-19 09:10:22,25.1,77.2
2026-07-19 09:10:42,25.1,77.2
2026-07-19 09:11:02,25.1,77.2
2026-07-19 09:11:22,25.1,77.3
2026-07-19 09:11:42,25.1,77.2
2026-07-19 09:12:02,25.1,77.2
2026-07-19 09:12:22,25.0,77.2
2026-07-19 09:12:42,25.1,77.1
2026-07-19 09:13:02,25.1,77.2
2026-07-19 09:13:22,25.1,77.2
2026-07-19 09:13:42,25.1,77.2
2026-07-19 09:14:02,25.0,77.2
2026-07-19 09:14:22,25.1,77.2
2026-07-19 09:14:42,25.1,77.2
2026-07-19 09:15:02,25.1,77.2
2026-07-19 09:15:22,25.1,77.4
2026-07-19 09:15:42,25.1,77.5
2026-07-19 09:16:02,25.2,77.6
2026-07-19 09:16:22,25.2,77.6
2026-07-19 09:16:42,25.2,77.4
2026-07-19 09:17:02,25.3,77.3
2026-07-19 09:17:22,25.3,77.2
2026-07-19 09:17:42,25.3,77.2
2026-07-19 09:18:02,25.4,77.2
2026-07-19 09:18:22,25.4,77.1
2026-07-19 09:18:42,25.4,77.0
2026-07-19 09:19:02,25.4,76.9
2026-07-19 09:19:22,25.4,76.8
2026-07-19 09:19:42,25.4,76.8
2026-07-19 09:20:02,25.4,76.7
2026-07-19 09:20:22,25.4,76.6
2026-07-19 09:20:42,25.4,76.6
2026-07-19 09:21:02,25.4,76.5
2026-07-19 09:21:22,25.5,76.4
2026-07-19 09:21:42,25.5,76.4
2026-07-19 09:22:02,25.5,76.3
2026-07-19 09:22:22,25.5,76.3
2026-07-19 09:22:42,25.5,76.3
2026-07-19 09:23:02,25.6,76.3
2026-07-19 09:23:22,25.7,76.1
2026-07-19 09:23:42,25.7,75.8
2026-07-19 09:24:02,25.8,75.6
2026-07-19 09:24:22,25.8,75.3
2026-07-19 09:24:42,25.9,75.2
2026-07-19 09:25:02,25.9,75.1
2026-07-19 09:25:22,25.9,75.1
2026-07-19 09:25:43,25.9,75.2
2026-07-19 09:26:03,25.9,75.1
2026-07-19 09:26:23,25.9,75.1
2026-07-19 09:26:43,25.9,75.1
2026-07-19 09:27:03,25.9,75.2
2026-07-19 09:27:23,25.9,75.2
2026-07-19 09:27:43,25.9,75.2
2026-07-19 09:28:03,25.9,75.2
2026-07-19 09:28:23,25.9,75.2
2026-07-19 09:28:43,25.9,75.3
2026-07-19 09:29:03,25.9,75.4
2026-07-19 09:29:23,25.9,75.4
2026-07-19 09:29:43,25.9,75.5
2026-07-19 09:30:03,26.0,75.3
2026-07-19 09:30:23,26.0,75.1
2026-07-19 09:30:43,26.0,75.0
2026-07-19 09:31:03,26.1,74.7
2026-07-19 09:31:23,26.1,74.5
2026-07-19 09:31:43,26.1,74.4
2026-07-19 09:32:03,26.1,74.2
2026-07-19 09:32:23,26.1,74.1
2026-07-19 09:32:43,26.1,74.1
2026-07-19 09:33:03,26.0,74.1
2026-07-19 09:33:23,26.0,74.2
2026-07-19 09:33:43,26.0,74.2
2026-07-19 09:34:03,26.0,74.1
2026-07-19 09:34:23,25.9,74.1
2026-07-19 09:34:43,25.9,74.1
2026-07-19 09:35:03,25.9,74.2
2026-07-19 09:35:23,25.9,74.2
2026-07-19 09:35:43,25.8,74.2
2026-07-19 09:36:03,25.8,74.1
2026-07-19 09:36:23,25.8,74.4
2026-07-19 09:36:43,25.8,74.5
2026-07-19 09:37:03,25.8,74.5
2026-07-19 09:37:23,25.7,74.4
2026-07-19 09:37:43,25.7,74.5
2026-07-19 09:38:03,25.7,74.4
2026-07-19 09:38:23,25.7,74.5
2026-07-19 09:38:43,25.7,74.5
2026-07-19 09:39:03,25.7,74.6
2026-07-19 09:39:23,25.8,74.6
2026-07-19 09:39:43,25.8,74.5
2026-07-19 09:40:04,25.8,74.3
2026-07-19 09:40:24,25.9,74.1
2026-07-19 09:40:44,25.9,73.9
2026-07-19 09:41:04,25.9,73.7
2026-07-19 09:41:24,25.9,73.5
2026-07-19 09:41:44,26.0,73.3
2026-07-19 09:42:04,26.0,73.3
2026-07-19 09:42:24,26.0,73.2
2026-07-19 09:42:44,26.0,73.4
2026-07-19 09:43:04,25.9,73.4
2026-07-19 09:43:24,25.9,73.5
2026-07-19 09:43:44,25.9,73.4
2026-07-19 09:44:04,25.9,73.4
2026-07-19 09:44:24,25.9,73.5
2026-07-19 09:44:44,25.9,73.4
2026-07-19 09:45:04,25.9,73.2
2026-07-19 09:45:24,25.9,73.1
2026-07-19 09:45:44,26.0,72.9
2026-07-19 09:46:04,26.1,72.8
2026-07-19 09:46:24,26.1,72.4
2026-07-19 09:46:44,26.1,72.0
2026-07-19 09:47:04,26.1,71.9
2026-07-19 09:47:24,26.1,71.8
2026-07-19 09:47:44,26.1,71.7
2026-07-19 09:48:04,26.2,71.5
2026-07-19 09:48:24,26.2,71.4
2026-07-19 09:48:44,26.2,71.2
2026-07-19 09:49:04,26.3,71.0
2026-07-19 09:49:24,26.3,70.6
2026-07-19 09:49:44,26.3,70.5
2026-07-19 09:50:04,26.3,70.2
2026-07-19 09:50:24,26.4,70.0
2026-07-19 09:50:44,26.4,69.8
2026-07-19 09:51:04,26.4,69.8
2026-07-19 09:51:24,26.4,69.6
2026-07-19 09:51:44,26.5,69.5
2026-07-19 09:52:04,26.5,69.4
2026-07-19 09:52:24,26.4,69.4
2026-07-19 09:52:44,26.4,69.4
2026-07-19 09:53:04,26.4,69.4
2026-07-19 09:53:24,26.5,69.4
2026-07-19 09:53:44,26.5,69.3
2026-07-19 09:54:04,26.4,69.4
2026-07-19 09:54:24,26.5,69.4
2026-07-19 09:54:44,26.5,69.4
2026-07-19 09:55:04,26.5,69.2
2026-07-19 09:55:24,26.5,69.1
2026-07-19 09:55:45,26.6,68.7
2026-07-19 09:56:05,26.7,68.4
2026-07-19 09:56:25,26.7,68.2
2026-07-19 09:56:45,26.8,68.1
2026-07-19 09:57:05,26.8,67.9
2026-07-19 09:57:25,26.8,68.0
2026-07-19 09:57:45,26.8,68.1
2026-07-19 09:58:05,26.8,68.1
2026-07-19 09:58:25,26.7,68.1
2026-07-19 09:58:45,26.7,68.0
2026-07-19 09:59:05,26.7,68.2
2026-07-19 09:59:25,26.7,68.2
2026-07-19 09:59:45,26.7,68.3
2026-07-19 10:00:05,26.7,68.2
2026-07-19 10:00:25,26.7,68.3
2026-07-19 10:00:45,26.7,68.4
2026-07-19 10:01:05,26.6,68.3
2026-07-19 10:01:25,26.6,68.5
2026-07-19 10:01:45,26.7,68.6
2026-07-19 10:02:05,26.6,68.5
2026-07-19 10:02:25,26.6,68.6
2026-07-19 10:02:45,26.6,68.6
2026-07-19 10:03:05,26.6,68.7
2026-07-19 10:03:25,26.6,68.7
2026-07-19 10:03:45,26.6,68.7
2026-07-19 10:04:05,26.6,68.6
2026-07-19 10:04:25,26.6,68.5
2026-07-19 10:04:45,26.6,68.4
2026-07-19 10:05:05,26.6,68.3
2026-07-19 10:05:25,26.6,68.2
2026-07-19 10:05:45,26.6,68.1
2026-07-19 10:06:05,26.6,68.1
2026-07-19 10:06:25,26.5,67.9
2026-07-19 10:06:45,26.5,67.9
2026-07-19 10:07:05,26.5,67.9
2026-07-19 10:07:25,26.5,67.8
2026-07-19 10:07:45,26.5,67.8
2026-07-19 10:08:05,26.5,67.9
2026-07-19 10:08:25,26.5,67.9
2026-07-19 10:08:45,26.5,67.8
2026-07-19 10:09:05,26.4,67.9
2026-07-19 10:09:25,26.4,67.9
2026-07-19 10:09:45,26.4,68.1
2026-07-19 10:10:05,26.4,68.2
2026-07-19 10:10:25,26.4,68.2
2026-07-19 10:10:45,26.4,68.3
2026-07-19 10:11:05,26.4,68.2
2026-07-19 10:11:26,26.4,68.2
2026-07-19 10:11:46,26.4,68.4
2026-07-19 10:12:06,26.4,68.4
2026-07-19 10:12:26,26.3,68.4
2026-07-19 10:12:46,26.3,68.6
2026-07-19 10:13:06,26.3,68.6
2026-07-19 10:13:26,26.3,68.5
2026-07-19 10:13:46,26.3,68.5
2026-07-19 10:14:06,26.3,68.4
2026-07-19 10:14:26,26.3,68.4
2026-07-19 10:14:46,26.4,68.5
2026-07-19 10:15:06,26.3,68.6
2026-07-19 10:15:26,26.3,68.8
2026-07-19 10:15:46,26.3,68.9
2026-07-19 10:16:06,26.4,68.8
2026-07-19 10:16:26,26.4,68.7
2026-07-19 10:16:46,26.4,68.6
2026-07-19 10:17:06,26.5,68.4
2026-07-19 10:17:26,26.5,68.2
2026-07-19 10:17:46,26.5,68.1
2026-07-19 10:18:06,26.5,68.1
2026-07-19 10:18:26,26.5,68.1
2026-07-19 10:18:46,26.5,68.0
2026-07-19 10:19:06,26.6,67.8
2026-07-19 10:19:26,26.5,67.8
2026-07-19 10:19:46,26.6,67.6
2026-07-19 10:20:06,26.6,67.5
2026-07-19 10:20:26,26.6,67.4
2026-07-19 10:20:46,26.6,67.4
2026-07-19 10:21:06,26.6,67.4
2026-07-19 10:21:26,26.6,67.5
2026-07-19 10:21:46,26.7,67.5
2026-07-19 10:22:06,26.7,67.3
2026-07-19 10:22:26,26.8,67.2
2026-07-19 10:22:46,26.8,67.1
2026-07-19 10:23:06,26.8,67.0
2026-07-19 10:23:26,26.9,66.9
2026-07-19 10:23:46,26.9,66.7
2026-07-19 10:24:06,26.9,66.6
2026-07-19 10:24:26,27.0,66.6
2026-07-19 10:24:46,27.0,66.4
2026-07-19 10:25:06,27.0,66.4
2026-07-19 10:25:26,26.9,66.3
2026-07-19 10:25:46,26.9,
2026-07-19 10:25:47,,66.4
2026-07-19 10:26:07,26.9,66.5
2026-07-19 10:26:27,26.8,66.7
2026-07-19 10:26:47,26.8,66.9
2026-07-19 10:27:07,26.7,67.0
2026-07-19 10:27:27,26.7,67.2
2026-07-19 10:27:47,26.6,67.1
2026-07-19 10:28:07,26.6,67.0
2026-07-19 10:28:27,26.6,67.2
2026-07-19 10:28:47,26.6,67.3
2026-07-19 10:29:07,26.7,67.1
2026-07-19 10:29:27,26.7,66.9
2026-07-19 10:29:47,26.7,66.8
2026-07-19 10:30:07,26.7,66.7
2026-07-19 10:30:27,26.8,66.4
2026-07-19 10:30:47,26.8,66.4
2026-07-19 10:31:07,26.8,66.3
2026-07-19 10:31:27,26.8,66.0
2026-07-19 10:31:47,26.8,65.9
2026-07-19 10:32:07,26.8,65.7
2026-07-19 10:32:27,26.8,65.6
2026-07-19 10:32:47,26.8,65.4
2026-07-19 10:33:07,26.8,65.4
2026-07-19 10:33:27,26.8,65.4
2026-07-19 10:33:47,26.7,65.3
2026-07-19 10:34:07,26.7,65.4
2026-07-19 10:34:27,26.7,65.4
2026-07-19 10:34:47,26.7,65.4
2026-07-19 10:35:07,26.7,65.4
2026-07-19 10:35:27,26.7,65.4
2026-07-19 10:35:47,26.7,65.5
2026-07-19 10:36:07,26.7,65.6
2026-07-19 10:36:27,26.7,65.7
2026-07-19 10:36:47,26.7,65.7
2026-07-19 10:37:07,26.7,65.7
2026-07-19 10:37:27,26.6,65.8
2026-07-19 10:37:47,26.6,65.6
2026-07-19 10:38:07,26.6,65.6
2026-07-19 10:38:27,26.6,65.5
2026-07-19 10:38:47,26.6,65.7
2026-07-19 10:39:07,26.6,65.9
2026-07-19 10:39:28,26.6,66.0
2026-07-19 10:39:47,26.6,66.0
2026-07-19 10:40:07,26.6,
2026-07-19 10:40:08,,66.0
2026-07-19 10:40:28,26.6,65.9
2026-07-19 10:40:48,26.7,65.8
2026-07-19 10:41:08,26.7,65.7
2026-07-19 10:41:28,26.7,65.6
2026-07-19 10:41:48,26.7,65.6
2026-07-19 10:42:08,26.8,65.4
2026-07-19 10:42:28,26.8,65.4
2026-07-19 10:42:48,26.8,65.4
2026-07-19 10:43:08,26.8,65.3
2026-07-19 10:43:28,26.8,65.3
2026-07-19 10:43:48,26.8,65.4
2026-07-19 10:44:08,26.8,65.4
2026-07-19 10:44:28,26.8,65.3
2026-07-19 10:44:48,26.8,65.3
2026-07-19 10:45:08,26.8,65.3
2026-07-19 10:45:28,26.8,65.4
2026-07-19 10:45:48,26.8,65.5
2026-07-19 10:46:08,26.8,65.5
2026-07-19 10:46:28,26.8,65.6
2026-07-19 10:46:48,26.8,65.7
2026-07-19 10:47:08,26.9,65.7
2026-07-19 10:47:28,26.9,65.4
2026-07-19 10:47:48,27.0,65.2
2026-07-19 10:48:08,27.0,65.1
2026-07-19 10:48:28,27.0,64.9
2026-07-19 10:48:48,27.1,64.7
2026-07-19 10:49:08,27.1,64.7
2026-07-19 10:49:28,27.1,64.6
2026-07-19 10:49:48,27.1,64.5
2026-07-19 10:50:08,27.1,64.5
2026-07-19 10:50:28,27.2,64.3
2026-07-19 10:50:48,27.2,64.3
2026-07-19 10:51:08,27.2,64.2
2026-07-19 10:51:28,27.2,64.0
2026-07-19 10:51:48,27.3,64.1
2026-07-19 10:52:08,27.3,64.0
2026-07-19 10:52:28,27.3,63.9
2026-07-19 10:52:48,27.3,63.9
2026-07-19 10:53:08,27.3,64.0
2026-07-19 10:53:28,27.3,64.0
2026-07-19 10:53:48,27.2,64.0
2026-07-19 10:54:08,27.2,64.2
2026-07-19 10:54:28,27.2,64.2
2026-07-19 10:54:49,27.2,64.3
2026-07-19 10:55:09,27.2,64.5
2026-07-19 10:55:29,27.1,64.7
2026-07-19 10:55:49,27.1,64.8
2026-07-19 10:56:09,27.1,64.9
2026-07-19 10:56:29,27.0,65.0
2026-07-19 10:56:49,27.0,65.2
2026-07-19 10:57:09,27.0,65.4
2026-07-19 10:57:29,27.0,65.5
2026-07-19 10:57:49,26.9,65.5
2026-07-19 10:58:09,26.9,65.6
2026-07-19 10:58:29,26.9,65.6
2026-07-19 10:58:49,26.9,65.6
2026-07-19 10:59:09,26.9,65.6
2026-07-19 10:59:29,26.9,65.4
2026-07-19 10:59:49,27.0,65.5
2026-07-19 11:00:09,26.9,65.4
2026-07-19 11:00:29,27.0,65.5
2026-07-19 11:00:49,27.0,65.3
2026-07-19 11:01:09,27.0,65.3
2026-07-19 11:01:29,27.0,65.3
2026-07-19 11:01:49,27.0,65.1
2026-07-19 11:02:09,27.0,65.1
2026-07-19 11:02:29,27.0,65.1
2026-07-19 11:02:49,27.0,65.2
2026-07-19 11:03:09,27.0,65.2
2026-07-19 11:03:29,27.0,65.3
2026-07-19 11:03:49,27.1,65.3
2026-07-19 11:04:09,27.1,65.2
2026-07-19 11:04:29,27.1,65.0
2026-07-19 11:04:49,27.1,64.8
2026-07-19 11:05:09,27.2,64.7
2026-07-19 11:05:29,27.2,64.5
2026-07-19 11:05:49,27.2,64.5
2026-07-19 11:06:09,27.2,64.4
2026-07-19 11:06:29,27.2,64.4
2026-07-19 11:06:49,27.2,64.4
2026-07-19 11:07:09,27.2,64.3
2026-07-19 11:07:29,27.2,64.3
2026-07-19 11:07:49,27.3,64.1
2026-07-19 11:08:09,27.3,64.0
2026-07-19 11:08:30,27.3,63.9
2026-07-19 11:08:50,27.3,63.8
2026-07-19 11:09:10,27.3,63.8
2026-07-19 11:09:30,27.3,63.7
2026-07-19 11:09:50,27.3,63.7
2026-07-19 11:10:10,27.3,63.7
2026-07-19 11:10:30,27.2,63.7
2026-07-19 11:10:50,27.2,63.7
2026-07-19 11:11:10,27.2,63.8
2026-07-19 11:11:30,27.2,63.8
2026-07-19 11:11:50,27.2,63.8
2026-07-19 11:12:10,27.1,63.6
2026-07-19 11:12:30,27.1,63.6
2026-07-19 11:12:50,27.1,63.6
2026-07-19 11:13:10,27.1,63.6
2026-07-19 11:13:30,27.2,63.6
2026-07-19 11:13:50,27.2,63.5
2026-07-19 11:14:10,27.2,63.6
2026-07-19 11:14:30,27.1,63.6
2026-07-19 11:14:50,27.2,63.6
2026-07-19 11:15:10,27.2,63.6
2026-07-19 11:15:30,27.2,63.7
2026-07-19 11:15:50,27.2,63.7
2026-07-19 11:16:10,27.2,63.7
2026-07-19 11:16:30,27.2,63.8
2026-07-19 11:16:50,27.2,63.7
2026-07-19 11:17:10,27.2,63.8
2026-07-19 11:17:30,27.2,63.8
2026-07-19 11:17:50,27.1,63.8
2026-07-19 11:18:10,27.1,63.9
2026-07-19 11:18:30,27.1,63.9
2026-07-19 11:18:50,27.1,63.9
2026-07-19 11:19:10,27.1,64.0
2026-07-19 11:19:30,27.1,63.9
2026-07-19 11:19:50,27.1,63.8
2026-07-19 11:20:10,27.1,63.5
2026-07-19 11:20:30,27.1,63.4
2026-07-19 11:20:50,27.0,63.3
2026-07-19 11:21:10,27.0,63.4
2026-07-19 11:21:30,27.0,63.5
2026-07-19 11:21:50,27.0,63.5
2026-07-19 11:22:10,27.0,63.5
2026-07-19 11:22:30,27.0,63.6
2026-07-19 11:22:51,27.0,63.8
2026-07-19 11:23:10,27.0,63.8
2026-07-19 11:23:30,27.0,
2026-07-19 11:23:31,,63.9
2026-07-19 11:23:51,27.0,64.0
2026-07-19 11:24:11,27.1,63.8
2026-07-19 11:24:31,27.1,63.6
2026-07-19 11:24:51,27.0,63.5
2026-07-19 11:25:11,27.0,63.6
2026-07-19 11:25:31,27.1,63.6
2026-07-19 11:25:51,27.1,63.6
2026-07-19 11:26:11,27.0,63.6
2026-07-19 11:26:31,27.0,63.6
2026-07-19 11:26:51,27.0,63.6
2026-07-19 11:27:11,27.0,63.5
2026-07-19 11:27:31,27.0,63.7
2026-07-19 11:27:51,27.0,63.9
2026-07-19 11:28:11,27.0,64.1
2026-07-19 11:28:31,27.0,64.2
2026-07-19 11:28:51,27.0,64.0
2026-07-19 11:29:11,27.0,64.2
2026-07-19 11:29:31,27.0,64.4
2026-07-19 11:29:51,26.9,64.3
2026-07-19 11:30:11,27.0,64.0
2026-07-19 11:30:31,27.0,63.7
2026-07-19 11:30:51,27.0,63.5
2026-07-19 11:31:11,27.0,63.4
2026-07-19 11:31:31,27.0,63.3
2026-07-19 11:31:51,27.0,63.3
2026-07-19 11:32:11,27.1,63.3
2026-07-19 11:32:31,27.1,63.4
2026-07-19 11:32:51,27.2,63.3
2026-07-19 11:33:11,27.2,63.2
2026-07-19 11:33:31,27.3,63.1
2026-07-19 11:33:51,27.3,62.8
2026-07-19 11:34:11,27.3,62.6
2026-07-19 11:34:31,27.4,62.5
2026-07-19 11:34:51,27.4,62.5
2026-07-19 11:35:11,27.4,62.5
2026-07-19 11:35:31,27.5,62.5
2026-07-19 11:35:51,27.5,62.4
2026-07-19 11:36:11,27.5,62.5
2026-07-19 11:36:31,27.5,62.5
2026-07-19 11:36:51,27.4,62.5
2026-07-19 11:37:11,27.4,62.5
2026-07-19 11:37:31,27.4,62.6
2026-07-19 11:37:51,27.4,62.5
2026-07-19 11:38:11,27.4,62.7
2026-07-19 11:38:31,27.3,62.8
2026-07-19 11:38:51,27.3,62.8
2026-07-19 11:39:11,27.3,62.7
2026-07-19 11:39:32,27.3,62.6
2026-07-19 11:39:52,27.3,62.6
2026-07-19 11:40:11,27.2,62.6
2026-07-19 11:40:32,27.2,62.5
2026-07-19 11:40:52,27.2,62.4
2026-07-19 11:41:12,27.2,62.4
2026-07-19 11:41:32,27.3,62.4
2026-07-19 11:41:52,27.3,62.3
2026-07-19 11:42:12,27.3,62.0
2026-07-19 11:42:32,27.2,61.8
2026-07-19 11:42:52,27.2,61.7
2026-07-19 11:43:12,27.2,61.6
2026-07-19 11:43:32,27.2,61.5
2026-07-19 11:43:52,27.2,61.5
2026-07-19 11:44:12,27.2,61.4
2026-07-19 11:44:32,27.2,61.4
2026-07-19 11:44:52,27.2,61.2
2026-07-19 11:52:32,27.6,59.2
2026-07-19 11:52:52,27.6,59.4
2026-07-19 11:53:12,27.6,59.3
2026-07-19 11:53:32,27.6,59.3
2026-07-19 11:53:53,27.6,59.3
2026-07-19 11:54:13,27.7,59.3
2026-07-19 11:54:33,27.7,59.4
2026-07-19 11:54:53,27.6,59.5
2026-07-19 11:55:13,27.6,59.4
2026-07-19 11:55:33,27.6,59.7
2026-07-19 11:55:53,27.6,60.0
2026-07-19 11:56:13,27.6,60.0
2026-07-19 11:56:33,27.6,60.1
2026-07-19 11:56:53,27.6,60.1
2026-07-19 11:57:13,27.6,60.2
2026-07-19 11:57:33,27.7,60.2
2026-07-19 11:57:53,27.6,60.3
2026-07-19 11:58:13,27.6,60.3
2026-07-19 11:58:33,27.6,59.9
2026-07-19 11:58:53,27.7,59.9
2026-07-19 11:59:13,27.7,59.7
2026-07-19 11:59:33,27.6,59.7
2026-07-19 11:59:53,27.6,59.8
2026-07-19 12:00:13,27.6,59.6
2026-07-19 12:00:33,27.6,59.4
2026-07-19 12:00:53,27.6,59.5
2026-07-19 12:01:13,27.6,59.6
2026-07-19 12:01:33,27.6,59.5
2026-07-19 12:01:53,27.6,59.6
2026-07-19 12:03:13,27.9,59.2
2026-07-19 12:03:33,28.0,59.1
2026-07-19 12:03:53,28.0,58.9
2026-07-19 12:04:13,28.0,58.8
2026-07-19 12:04:33,28.0,58.7
2026-07-19 12:04:53,28.0,59.0
2026-07-19 12:05:13,27.9,59.1
2026-07-19 12:05:33,27.9,59.2
2026-07-19 12:05:53,27.9,59.1
2026-07-19 12:06:13,27.8,58.7
2026-07-19 12:06:33,27.8,58.9
2026-07-19 12:06:53,27.7,58.9
2026-07-19 12:07:13,27.6,58.8
2026-07-19 12:07:33,27.6,58.8
2026-07-19 12:07:54,27.6,59.0
2026-07-19 12:08:14,27.6,58.9
2026-07-19 12:08:33,27.6,58.7
2026-07-19 12:08:53,27.6,
2026-07-19 12:08:54,,58.7
2026-07-19 12:09:13,27.6,59.1
2026-07-19 12:09:34,27.6,59.0
2026-07-19 12:09:53,27.6,
2026-07-19 12:09:54,,59.0
2026-07-19 12:10:14,27.5,59.0
2026-07-19 12:10:34,27.5,59.0
2026-07-19 12:10:54,27.5,59.1
2026-07-19 12:11:14,27.5,59.1
2026-07-19 12:11:34,27.5,59.4
2026-07-19 12:11:54,27.5,59.4
2026-07-19 12:12:14,27.5,59.4
2026-07-19 12:12:34,27.5,59.4
2026-07-19 12:12:54,27.6,59.5
2026-07-19 12:13:14,27.6,59.5
2026-07-19 12:13:34,27.6,59.7
2026-07-19 12:13:54,27.6,59.7
2026-07-19 12:14:14,27.6,59.8
2026-07-19 12:14:34,27.6,59.7
2026-07-19 12:14:54,27.7,59.8
2026-07-19 12:15:14,27.7,59.8
2026-07-19 12:15:34,27.7,59.8
2026-07-19 12:15:54,27.7,59.8
2026-07-19 12:16:14,27.7,59.8
2026-07-19 12:16:34,27.7,59.6
2026-07-19 12:16:54,27.7,59.7
2026-07-19 12:17:14,27.7,59.9
2026-07-19 12:17:34,27.7,59.9
2026-07-19 12:17:54,27.7,60.1
2026-07-19 12:18:14,27.7,60.1
2026-07-19 12:18:34,27.7,60.1
2026-07-19 12:18:54,27.7,60.2
2026-07-19 12:19:14,27.7,60.2
2026-07-19 12:19:34,27.7,60.5
2026-07-19 12:19:54,27.8,60.4
2026-07-19 12:20:14,27.8,60.4
2026-07-19 12:20:34,27.8,60.4
2026-07-19 12:20:54,27.8,60.4
2026-07-19 12:21:14,27.8,60.4
2026-07-19 12:21:34,27.8,60.4
2026-07-19 12:21:54,27.8,60.4
2026-07-19 12:22:14,27.8,60.7
2026-07-19 12:22:34,27.8,60.6
2026-07-19 12:22:55,27.8,60.4
2026-07-19 12:23:14,27.8,60.2
2026-07-19 12:23:35,27.8,60.2
2026-07-19 12:23:55,27.8,60.0
2026-07-19 12:24:14,27.8,59.6
2026-07-19 12:24:35,27.8,58.9
2026-07-19 12:24:55,27.8,58.7
2026-07-19 12:25:15,27.9,58.5
2026-07-19 12:25:35,27.8,58.4
2026-07-19 12:25:55,27.8,58.3
2026-07-19 12:26:15,27.9,58.2
2026-07-19 12:26:35,27.9,58.3
2026-07-19 12:26:55,27.9,58.4
2026-07-19 12:27:15,28.0,58.5
2026-07-19 12:27:35,27.9,58.3
2026-07-19 12:27:55,28.0,57.8
2026-07-19 12:28:15,27.9,57.5
2026-07-19 12:28:35,28.0,57.2
2026-07-19 12:28:55,28.0,57.2
2026-07-19 12:29:15,27.9,57.4
2026-07-19 12:29:35,27.9,57.3
2026-07-19 12:29:55,27.9,57.3
2026-07-19 12:30:15,28.0,57.2
2026-07-19 12:30:35,27.9,57.2
2026-07-19 12:30:55,27.9,57.2
2026-07-19 12:31:15,27.9,57.4
2026-07-19 12:31:35,27.9,57.6
2026-07-19 12:31:55,27.8,57.9
2026-07-19 12:32:15,27.8,58.2
2026-07-19 12:32:35,27.7,58.4
2026-07-19 12:32:55,27.7,58.5
2026-07-19 12:33:15,27.6,58.5
2026-07-19 12:33:35,27.6,58.7
2026-07-19 12:33:55,27.5,58.8
2026-07-19 12:34:15,27.5,59.3
2026-07-19 12:34:35,27.5,59.6
2026-07-19 12:34:55,27.5,59.7
2026-07-19 12:35:15,27.5,59.8
2026-07-19 12:35:35,27.5,59.9
2026-07-19 12:35:55,27.6,59.8
2026-07-19 12:36:15,27.7,59.8
2026-07-19 12:36:35,27.8,59.8
2026-07-19 12:36:55,27.8,59.6
2026-07-19 12:37:15,27.9,59.4
2026-07-19 12:37:35,27.9,59.2
2026-07-19 12:37:55,28.0,59.2
2026-07-19 12:38:15,28.0,59.0
2026-07-19 12:38:36,28.0,59.0
2026-07-19 12:38:55,28.0,58.9
2026-07-19 12:39:15,28.0,
2026-07-19 12:39:16,,59.0
2026-07-19 12:39:35,28.0,59.0
2026-07-19 12:39:56,28.1,59.0
2026-07-19 12:40:16,28.1,58.9
2026-07-19 12:40:35,28.1,
2026-07-19 12:40:36,,59.0
2026-07-19 12:40:56,28.1,59.3
2026-07-19 12:41:16,28.2,59.6
2026-07-19 12:41:36,28.2,59.2
2026-07-19 12:41:56,28.3,58.9
2026-07-19 12:42:16,28.2,58.9
2026-07-19 12:42:36,28.3,58.9
2026-07-19 12:42:56,28.3,58.9
2026-07-19 12:43:16,28.2,58.8
2026-07-19 12:43:36,28.2,59.0
2026-07-19 12:43:56,28.2,59.1
2026-07-19 12:44:16,28.2,59.2
2026-07-19 12:44:36,28.2,59.4
2026-07-19 12:44:56,28.2,59.4
2026-07-19 12:45:16,28.2,59.4
2026-07-19 12:45:36,28.2,
2026-07-19 12:45:37,,59.4
2026-07-19 12:45:56,28.2,59.4
2026-07-19 12:46:16,28.2,59.4
2026-07-19 12:46:36,28.2,59.4
2026-07-19 12:46:56,28.2,
2026-07-19 12:46:57,,59.5
2026-07-19 12:47:16,28.1,59.7
2026-07-19 12:47:36,28.1,59.8
2026-07-19 12:47:56,28.1,59.7
2026-07-19 12:48:16,28.1,59.9
2026-07-19 12:48:36,28.1,60.0
2026-07-19 12:48:56,28.1,60.5
2026-07-19 12:49:16,28.2,60.5
2026-07-19 12:49:36,28.2,60.3
2026-07-19 12:49:56,28.2,60.2
2026-07-19 12:50:16,28.2,60.3
2026-07-19 12:50:36,28.2,60.5
2026-07-19 12:50:56,28.3,60.4
2026-07-19 12:51:16,28.3,60.4
2026-07-19 12:51:36,28.4,60.2
2026-07-19 12:51:56,28.4,60.2
2026-07-19 12:52:16,28.4,60.2
2026-07-19 12:52:36,28.4,60.0
2026-07-19 12:52:56,28.4,59.7
2026-07-19 12:53:16,28.4,59.6
2026-07-19 12:53:36,28.4,59.6
2026-07-19 12:53:56,28.5,59.3
2026-07-19 12:54:16,28.5,59.0
2026-07-19 12:54:37,28.4,58.8
2026-07-19 12:54:56,28.4,58.7
2026-07-19 12:55:16,28.3,
2026-07-19 12:55:17,,58.5
2026-07-19 12:55:37,28.3,58.5
2026-07-19 12:55:57,28.3,58.5
2026-07-19 12:56:17,28.2,58.6
2026-07-19 12:56:37,28.2,58.6
2026-07-19 12:56:57,28.2,58.7
2026-07-19 12:57:17,28.2,58.7
2026-07-19 12:57:37,28.2,59.3
2026-07-19 12:57:57,28.1,59.3
2026-07-19 12:58:17,28.1,59.4
2026-07-19 12:58:37,28.1,59.3
2026-07-19 12:58:57,28.1,59.4
2026-07-19 12:59:17,28.0,59.4
2026-07-19 12:59:37,28.0,59.4
2026-07-19 12:59:57,28.0,59.3
2026-07-19 13:00:17,28.0,59.6
2026-07-19 13:00:37,28.0,59.3
2026-07-19 13:00:57,28.0,59.3
2026-07-19 13:01:17,28.0,59.1
2026-07-19 13:01:37,28.0,59.0
2026-07-19 13:01:57,28.0,58.9
2026-07-19 13:02:17,28.0,58.9
2026-07-19 13:02:37,28.0,58.8
2026-07-19 13:02:57,28.0,58.8
2026-07-19 13:03:17,28.0,58.8
2026-07-19 13:03:37,28.0,58.8
2026-07-19 13:03:57,28.0,58.6
2026-07-19 13:04:17,28.0,58.6
2026-07-19 13:04:37,28.1,58.6
2026-07-19 13:04:57,28.1,58.4
2026-07-19 13:05:17,28.1,58.4
2026-07-19 13:05:37,28.1,58.4
2026-07-19 13:05:57,28.1,58.5
2026-07-19 13:06:17,28.1,58.5
2026-07-19 13:06:37,28.1,58.6
2026-07-19 13:06:57,28.0,58.5
2026-07-19 13:07:17,28.0,58.8
2026-07-19 13:07:37,28.0,58.9
2026-07-19 13:07:57,27.9,58.8
2026-07-19 13:08:17,27.9,58.7
2026-07-19 13:08:37,27.9,58.9
2026-07-19 13:08:57,27.9,59.0
2026-07-19 13:09:17,27.9,59.0
2026-07-19 13:09:37,27.9,59.1
2026-07-19 13:09:57,27.9,59.2
2026-07-19 13:10:17,27.9,59.1
2026-07-19 13:10:37,27.9,59.1
2026-07-19 13:10:58,27.9,59.1
2026-07-19 13:11:17,27.9,59.2
2026-07-19 13:11:37,27.8,59.3
2026-07-19 13:11:58,27.9,59.3
2026-07-19 13:12:18,27.9,59.4
2026-07-19 13:12:38,27.9,59.5
2026-07-19 13:12:58,28.0,59.6
2026-07-19 13:13:18,28.0,59.6
2026-07-19 13:13:38,28.0,59.7
2026-07-19 13:13:58,28.0,59.7
2026-07-19 13:14:18,28.0,59.6
2026-07-19 13:14:38,28.0,59.6
2026-07-19 13:14:58,28.0,59.6
2026-07-19 13:15:18,28.1,59.6
2026-07-19 13:15:38,28.1,59.6
2026-07-19 13:15:58,28.2,59.6
2026-07-19 13:16:18,28.2,59.5
2026-07-19 13:16:38,28.2,59.4
2026-07-19 13:16:58,28.2,59.5
2026-07-19 13:17:18,28.3,59.5
2026-07-19 13:17:38,28.3,59.6
2026-07-19 13:17:58,28.3,59.6
2026-07-19 13:18:18,28.3,59.8
2026-07-19 13:18:38,28.3,59.7
2026-07-19 13:18:58,28.3,59.7
2026-07-19 13:19:18,28.3,59.5
2026-07-19 13:19:38,28.3,59.4
2026-07-19 13:19:58,28.3,59.4
2026-07-19 13:20:18,28.3,59.4
2026-07-19 13:20:38,28.3,59.4
2026-07-19 13:20:58,28.3,59.5
2026-07-19 13:21:18,28.2,59.5
2026-07-19 13:21:38,28.3,59.6
2026-07-19 13:21:58,28.3,59.7
2026-07-19 13:22:18,28.3,59.7
2026-07-19 13:22:38,28.3,59.9
2026-07-19 13:22:58,28.3,60.0
2026-07-19 13:23:18,28.3,60.2
2026-07-19 13:23:38,28.3,60.4
2026-07-19 13:23:58,28.4,60.5
2026-07-19 13:24:18,28.5,60.5
2026-07-19 13:24:38,28.5,60.3
2026-07-19 13:24:58,28.5,60.1
2026-07-19 13:25:18,28.5,60.1
2026-07-19 13:25:38,28.5,60.0
2026-07-19 13:25:58,28.4,59.7
2026-07-19 13:26:19,28.4,59.4
2026-07-19 13:26:39,28.4,59.1
2026-07-19 13:26:59,28.3,59.1
2026-07-19 13:27:19,28.3,59.1
2026-07-19 13:27:39,28.3,59.0
2026-07-19 13:27:59,28.2,59.1
2026-07-19 13:28:19,28.2,59.0
2026-07-19 13:28:39,28.2,58.9
2026-07-19 13:28:59,28.2,58.9
2026-07-19 13:29:19,28.2,58.8
2026-07-19 13:29:39,28.1,58.8
2026-07-19 13:29:59,28.1,58.9
2026-07-19 13:30:19,28.1,59.0
2026-07-19 13:30:39,28.1,58.9
2026-07-19 13:30:59,28.1,58.9
2026-07-19 13:31:19,28.1,58.8
2026-07-19 13:31:39,28.1,58.7
2026-07-19 13:31:59,28.1,58.6
2026-07-19 13:32:19,28.0,58.5
2026-07-19 13:32:39,28.0,58.4
2026-07-19 13:32:59,28.0,58.4
2026-07-19 13:33:19,28.0,58.3
2026-07-19 13:33:39,28.0,58.3
2026-07-19 13:33:59,28.0,58.4
2026-07-19 13:34:19,28.0,58.6
2026-07-19 13:34:39,28.1,58.7
2026-07-19 13:34:59,28.1,58.7
2026-07-19 13:35:19,28.1,58.9
2026-07-19 13:35:39,28.1,58.9
2026-07-19 13:35:59,28.2,59.0
2026-07-19 13:36:19,28.2,58.9
2026-07-19 13:36:39,28.2,58.8
2026-07-19 13:36:59,28.2,58.9
2026-07-19 13:37:19,28.2,58.8
2026-07-19 13:37:39,28.2,58.7
2026-07-19 13:37:59,28.2,58.8
2026-07-19 13:38:19,28.1,58.9
2026-07-19 13:38:39,28.1,59.1
2026-07-19 13:38:59,28.1,59.1
2026-07-19 13:39:19,28.0,59.1
2026-07-19 13:39:39,28.0,59.1
2026-07-19 13:39:59,28.0,59.2
2026-07-19 13:40:20,28.0,59.2
2026-07-19 13:40:39,28.0,59.1
2026-07-19 13:40:59,28.0,59.1
2026-07-19 13:41:20,27.9,59.0
2026-07-19 13:41:40,27.9,58.9
2026-07-19 13:42:00,27.9,58.8
2026-07-19 13:42:20,28.0,58.8
2026-07-19 13:42:40,28.0,58.7
2026-07-19 13:43:00,28.0,58.6
2026-07-19 13:43:20,28.0,58.5
2026-07-19 13:43:40,28.0,58.5
2026-07-19 13:44:00,28.1,58.4
2026-07-19 13:44:20,28.1,58.2
2026-07-19 13:44:40,28.2,58.0
2026-07-19 13:45:00,28.2,57.9
2026-07-19 13:45:20,28.2,57.8
2026-07-19 13:45:40,28.2,57.8
2026-07-19 13:46:00,28.2,57.7
2026-07-19 13:46:20,28.2,57.7
2026-07-19 13:46:40,28.2,57.7
2026-07-19 13:47:00,28.2,57.7
2026-07-19 13:47:20,28.1,57.7
2026-07-19 13:47:40,28.1,57.6
2026-07-19 13:48:00,28.1,57.6
2026-07-19 13:48:20,28.1,57.7
2026-07-19 13:48:40,28.1,57.7
2026-07-19 13:49:00,28.1,57.7
2026-07-19 13:49:20,28.1,57.7
2026-07-19 13:49:40,28.0,57.6
2026-07-19 13:50:00,28.0,57.5
2026-07-19 13:50:20,28.0,57.6
2026-07-19 13:50:40,28.0,57.6
2026-07-19 13:51:00,27.9,57.6
2026-07-19 13:51:20,27.9,57.7
2026-07-19 13:51:40,27.9,57.8
2026-07-19 13:52:00,27.9,58.0
2026-07-19 13:52:20,27.9,58.0
2026-07-19 13:52:40,27.9,58.0
2026-07-19 13:53:00,27.9,58.0
2026-07-19 13:53:20,27.9,57.9
2026-07-19 13:53:40,27.9,57.8
2026-07-19 13:54:00,27.9,57.7
2026-07-19 13:54:21,27.9,57.7
2026-07-19 13:54:41,27.9,57.6
2026-07-19 13:55:01,27.9,57.7
2026-07-19 13:55:21,27.9,57.7
2026-07-19 13:55:41,27.9,57.7
2026-07-19 13:56:01,27.9,57.7
2026-07-19 13:56:21,27.9,57.8
2026-07-19 13:56:41,27.8,57.8
2026-07-19 13:57:01,27.8,57.6
2026-07-19 13:57:21,27.8,57.6
2026-07-19 13:57:41,27.8,57.7
2026-07-19 13:58:01,27.7,57.7
2026-07-19 13:58:22,27.7,57.8
2026-07-19 13:58:41,27.7,58.0
2026-07-19 13:59:01,27.7,58.1
2026-07-19 13:59:21,27.6,58.2
2026-07-19 13:59:41,27.6,58.3
2026-07-19 14:00:01,27.6,58.2
2026-07-19 14:00:21,27.6,58.0
2026-07-19 14:00:41,27.6,57.9
2026-07-19 14:01:01,27.6,58.0
2026-07-19 14:01:21,27.6,57.9
2026-07-19 14:01:41,27.6,57.9
2026-07-19 14:02:01,27.6,57.9
2026-07-19 14:02:21,27.6,57.9
2026-07-19 14:02:41,27.6,57.9
2026-07-19 14:03:01,27.6,57.9
2026-07-19 14:03:21,27.6,57.9
2026-07-19 14:03:41,27.6,57.9
2026-07-19 14:04:01,27.5,58.0
2026-07-19 14:04:21,27.6,58.0
2026-07-19 14:04:41,27.5,58.2
2026-07-19 14:05:01,27.5,58.4
2026-07-19 14:05:21,27.5,58.3
2026-07-19 14:05:41,27.5,58.5
2026-07-19 14:06:01,27.5,58.5
2026-07-19 14:06:21,27.5,58.5
2026-07-19 14:06:41,27.6,58.6
2026-07-19 14:07:01,27.5,58.6
2026-07-19 14:07:21,27.6,58.7
2026-07-19 14:07:41,27.6,58.8
2026-07-19 14:08:01,27.6,58.9
2026-07-19 14:08:21,27.6,58.9
2026-07-19 14:08:41,27.6,58.9
2026-07-19 14:09:01,27.6,58.9
2026-07-19 14:09:21,27.6,58.9
2026-07-19 14:09:42,27.6,59.0
2026-07-19 14:10:01,27.6,59.2
2026-07-19 14:10:22,27.6,59.2
2026-07-19 14:10:42,27.6,59.2
2026-07-19 14:11:02,27.6,59.4
2026-07-19 14:11:22,27.7,59.4
2026-07-19 14:11:42,27.6,59.3
2026-07-19 14:12:02,27.7,59.3
2026-07-19 14:12:22,27.6,59.3
2026-07-19 14:12:42,27.6,59.3
2026-07-19 14:13:02,27.6,59.4
2026-07-19 14:13:22,27.6,59.4
2026-07-19 14:13:42,27.6,59.4
2026-07-19 14:14:02,27.6,59.3
2026-07-19 14:14:22,27.6,59.3
2026-07-19 14:14:42,27.6,59.2
2026-07-19 14:15:02,27.6,59.2
2026-07-19 14:15:22,27.6,59.3
2026-07-19 14:15:42,27.7,59.3
2026-07-19 14:16:02,27.7,59.5
2026-07-19 14:16:22,27.7,59.4
2026-07-19 14:16:42,27.7,59.4
2026-07-19 14:17:02,27.7,59.5
2026-07-19 14:17:22,27.7,59.6
2026-07-19 14:17:42,27.7,59.4
2026-07-19 14:18:02,27.7,59.5
2026-07-19 14:18:22,27.7,59.3
2026-07-19 14:18:42,27.7,59.3
2026-07-19 14:19:02,27.7,59.3
2026-07-19 14:19:22,27.7,59.3
2026-07-19 14:19:42,27.7,59.3
2026-07-19 14:20:02,27.7,59.3
2026-07-19 14:20:22,27.7,59.3
2026-07-19 14:20:42,27.7,59.3
2026-07-19 14:21:02,27.7,59.3
2026-07-19 14:21:22,27.7,59.3
2026-07-19 14:21:42,27.7,59.3
2026-07-19 14:22:02,27.7,59.4
2026-07-19 14:22:23,27.7,59.4
2026-07-19 14:22:43,27.6,59.5
2026-07-19 14:23:03,27.6,59.5
2026-07-19 14:23:22,27.6,59.4
2026-07-19 14:23:43,27.6,59.4
2026-07-19 14:24:03,27.6,59.5
2026-07-19 14:24:23,27.6,59.5
2026-07-19 14:24:43,27.6,59.7
2026-07-19 14:25:03,27.6,59.6
2026-07-19 14:25:23,27.6,59.6
2026-07-19 14:25:43,27.6,59.6
2026-07-19 14:26:03,27.6,59.7
2026-07-19 14:26:23,27.6,59.7
2026-07-19 14:26:43,27.6,59.6
2026-07-19 14:27:03,27.6,59.5
2026-07-19 14:27:23,27.6,59.5
2026-07-19 14:27:43,27.6,59.4
2026-07-19 14:28:03,27.6,59.5
2026-07-19 14:28:23,27.6,59.5
2026-07-19 14:28:43,27.7,59.6
2026-07-19 14:29:03,27.7,59.4
2026-07-19 14:29:23,27.7,59.4
2026-07-19 14:29:43,27.7,59.4
2026-07-19 14:30:03,27.7,59.3
2026-07-19 14:30:23,27.7,59.2
2026-07-19 14:30:43,27.7,59.3
2026-07-19 14:31:03,27.7,59.3
2026-07-19 14:31:23,27.8,59.3
2026-07-19 14:31:43,27.8,59.3
2026-07-19 14:32:03,27.8,59.5
2026-07-19 14:32:23,27.8,59.7
2026-07-19 14:32:43,27.8,59.9
2026-07-19 14:33:03,27.8,60.0
2026-07-19 14:33:23,27.8,60.2
2026-07-19 14:33:43,27.8,60.4
2026-07-19 14:34:03,27.8,60.4
2026-07-19 14:34:23,27.8,60.4
2026-07-19 14:34:43,27.8,60.4
2026-07-19 14:35:03,27.8,60.5
2026-07-19 14:35:23,27.8,60.5
2026-07-19 14:35:43,27.8,60.6
2026-07-19 14:36:04,27.8,60.8
2026-07-19 14:36:23,27.8,60.8
2026-07-19 14:36:43,27.7,60.8
2026-07-19 14:37:03,27.8,60.9
2026-07-19 14:37:23,27.8,61.0
2026-07-19 14:37:43,27.8,61.1
2026-07-19 14:38:03,27.8,61.2
2026-07-19 14:38:23,27.8,61.3
2026-07-19 14:38:43,27.8,
2026-07-19 14:38:44,,61.4
2026-07-19 14:39:03,27.8,61.5
2026-07-19 14:39:24,27.8,61.4
2026-07-19 14:39:43,27.8,61.4
2026-07-19 14:40:04,27.9,61.3
2026-07-19 14:40:24,27.9,61.1
2026-07-19 14:40:43,27.9,
2026-07-19 14:40:44,,61.0
2026-07-19 14:41:03,27.9,60.8
2026-07-19 14:41:24,27.9,60.8
2026-07-19 14:41:44,27.9,60.8
2026-07-19 14:42:04,27.9,60.7
2026-07-19 14:42:24,27.9,60.6
2026-07-19 14:42:44,27.9,60.6
2026-07-19 14:43:04,27.9,60.6
2026-07-19 14:43:24,27.9,60.6
2026-07-19 14:43:44,27.8,60.7
2026-07-19 14:44:04,27.8,60.6
2026-07-19 14:44:24,27.8,60.6
2026-07-19 14:44:44,27.8,60.7
2026-07-19 14:45:04,27.8,60.8
2026-07-19 14:45:24,27.7,60.8
2026-07-19 14:45:44,27.7,60.6
2026-07-19 14:46:04,27.7,60.6
2026-07-19 14:46:24,27.7,60.8
2026-07-19 14:46:44,27.7,61.0
2026-07-19 14:47:04,27.7,61.0
2026-07-19 14:47:24,27.7,61.0
2026-07-19 14:47:44,27.7,61.0
2026-07-19 14:48:04,27.7,61.0
2026-07-19 14:48:24,27.7,61.1
2026-07-19 14:48:44,27.7,61.0
2026-07-19 14:49:04,27.7,61.0
2026-07-19 14:49:24,27.7,61.0
2026-07-19 14:49:44,27.7,61.0
2026-07-19 14:50:04,27.7,61.0
2026-07-19 14:50:24,27.8,61.0
2026-07-19 14:50:44,27.8,61.0
2026-07-19 14:51:04,27.8,60.9
2026-07-19 14:51:24,27.8,60.8
2026-07-19 14:51:44,27.8,60.7
2026-07-19 14:52:04,27.8,60.7
2026-07-19 14:52:24,27.8,60.8
2026-07-19 14:52:44,27.8,60.8
2026-07-19 14:53:04,27.8,60.9
2026-07-19 14:53:24,27.8,60.9
2026-07-19 14:53:44,27.8,60.8
2026-07-19 14:54:04,27.9,60.9
2026-07-19 14:54:24,27.9,60.9
2026-07-19 14:54:44,27.9,60.8
2026-07-19 14:55:04,27.9,60.9
2026-07-19 14:55:24,28.0,61.0
2026-07-19 14:55:44,28.0,60.9
2026-07-19 14:56:04,28.0,60.9
2026-07-19 14:56:24,28.0,61.0
2026-07-19 14:56:45,28.0,61.0
2026-07-19 14:57:05,28.0,61.1
2026-07-19 14:57:25,28.0,61.2
2026-07-19 14:57:45,28.0,61.2
2026-07-19 14:58:05,28.0,61.2
2026-07-19 14:58:25,28.0,61.2
2026-07-19 14:58:45,28.0,61.3
2026-07-19 14:59:05,28.0,61.3
2026-07-19 14:59:25,28.0,61.3
2026-07-19 14:59:45,27.9,61.2
2026-07-19 15:00:05,27.9,61.2
2026-07-19 15:00:25,27.9,61.1
2026-07-19 15:00:45,27.9,61.3
2026-07-19 15:01:05,27.9,61.3
2026-07-19 15:01:25,27.9,61.4
2026-07-19 15:01:45,27.9,61.5
2026-07-19 15:02:05,27.9,61.7
2026-07-19 15:02:25,27.8,61.8
2026-07-19 15:02:45,27.8,61.9
2026-07-19 15:03:05,27.8,61.9
2026-07-19 15:03:25,27.8,61.9
2026-07-19 15:03:45,27.8,61.9
2026-07-19 15:04:05,27.8,61.8
2026-07-19 15:04:25,27.8,61.9
2026-07-19 15:04:45,27.8,61.9
2026-07-19 15:05:05,27.8,61.9
2026-07-19 15:05:25,27.8,61.9
2026-07-19 15:05:45,27.7,62.0
2026-07-19 15:06:05,27.7,62.0
2026-07-19 15:06:25,27.7,62.1
2026-07-19 15:06:45,27.7,62.2
2026-07-19 15:07:05,27.7,62.3
2026-07-19 15:07:25,27.7,62.3
2026-07-19 15:07:45,27.7,62.4
2026-07-19 15:08:05,27.7,62.3
2026-07-19 15:08:25,27.7,62.5
2026-07-19 15:08:45,27.8,62.5
2026-07-19 15:09:05,27.7,62.5
2026-07-19 15:09:25,27.8,62.6
2026-07-19 15:09:45,27.7,62.6
2026-07-19 15:10:05,27.8,62.7
2026-07-19 15:10:25,27.7,62.7
2026-07-19 15:10:45,27.8,62.7
2026-07-19 15:11:05,27.7,62.7
2026-07-19 15:11:25,27.7,62.7
2026-07-19 15:11:45,27.8,62.7
2026-07-19 15:12:06,27.8,62.7
2026-07-19 15:12:25,27.8,62.5
2026-07-19 15:12:46,27.8,62.6
2026-07-19 15:13:06,27.8,62.6
2026-07-19 15:13:26,27.8,62.4
2026-07-19 15:13:46,27.8,62.3
2026-07-19 15:14:06,27.8,62.3
2026-07-19 15:14:26,27.7,62.2
2026-07-19 15:14:46,27.7,62.2
2026-07-19 15:15:06,27.7,62.3
2026-07-19 15:15:26,27.7,62.3
2026-07-19 15:15:46,27.6,62.2
2026-07-19 15:16:06,27.6,62.1
2026-07-19 15:16:26,27.6,62.2
2026-07-19 15:16:46,27.6,62.3
2026-07-19 15:17:06,27.6,62.3
2026-07-19 15:17:26,27.6,62.3
2026-07-19 15:17:46,27.6,62.3
2026-07-19 15:18:06,27.6,62.3
2026-07-19 15:18:26,27.6,62.3
2026-07-19 15:18:46,27.6,
2026-07-19 15:18:47,,62.4
2026-07-19 15:19:06,27.6,62.4
2026-07-19 15:19:26,27.6,62.4
2026-07-19 15:19:46,27.6,62.5
2026-07-19 15:20:06,27.6,62.5
2026-07-19 15:20:26,27.5,62.6
2026-07-19 15:20:46,27.5,62.6
2026-07-19 15:21:06,27.5,62.6
2026-07-19 15:21:26,27.5,
2026-07-19 15:21:28,,62.6
2026-07-19 15:21:46,27.5,62.6
2026-07-19 15:22:06,27.5,62.5
2026-07-19 15:22:26,27.5,62.6
2026-07-19 15:22:46,27.5,62.5
2026-07-19 15:23:06,27.5,62.4
2026-07-19 15:23:26,27.5,62.5
2026-07-19 15:23:46,27.5,62.7
2026-07-19 15:24:06,27.5,62.6
2026-07-19 15:24:26,27.5,62.6
2026-07-19 15:24:46,27.5,62.7
2026-07-19 15:25:06,27.4,62.5
2026-07-19 15:25:26,27.4,62.6
2026-07-19 15:25:46,27.4,62.6
2026-07-19 15:26:06,27.4,62.5
2026-07-19 15:26:26,27.4,62.5
2026-07-19 15:26:46,27.4,62.6
2026-07-19 15:27:06,27.4,62.6
2026-07-19 15:27:26,27.5,62.6
2026-07-19 15:27:46,27.5,62.6
2026-07-19 15:28:06,27.4,62.5
2026-07-19 15:28:26,27.5,62.6
2026-07-19 15:28:46,27.4,62.3
2026-07-19 15:29:06,27.4,62.3
2026-07-19 15:29:27,27.4,62.2
2026-07-19 15:29:47,27.5,62.1
2026-07-19 15:30:07,27.5,62.1
2026-07-19 15:30:27,27.4,62.0
2026-07-19 15:30:47,27.4,61.9
2026-07-19 15:31:07,27.5,61.9
2026-07-19 15:31:27,27.5,61.9
2026-07-19 15:31:47,27.5,61.9
2026-07-19 15:32:07,27.5,62.0
2026-07-19 15:32:27,27.5,62.1
2026-07-19 15:32:47,27.5,62.3
2026-07-19 15:33:07,27.5,62.3
2026-07-19 15:33:27,27.5,62.3
2026-07-19 15:33:47,27.5,62.4
2026-07-19 15:34:07,27.5,62.4
2026-07-19 15:34:27,27.5,62.4
2026-07-19 15:34:47,27.5,62.5
2026-07-19 15:35:07,27.5,62.4
2026-07-19 15:35:27,27.5,62.6
2026-07-19 15:35:47,27.5,62.6
2026-07-19 15:36:07,27.5,62.8
2026-07-19 15:36:27,27.5,62.9
2026-07-19 15:36:47,27.5,62.9
2026-07-19 15:37:07,27.5,63.0
2026-07-19 15:37:28,27.5,63.1
2026-07-19 15:37:47,27.5,63.2
2026-07-19 15:38:07,27.5,63.1
2026-07-19 15:38:27,27.5,63.3
2026-07-19 15:38:47,27.5,63.2
2026-07-19 15:39:07,27.5,63.3
2026-07-19 15:39:27,27.5,63.4
2026-07-19 15:39:47,27.5,63.5
2026-07-19 15:40:07,27.5,63.6
2026-07-19 15:40:27,27.5,63.7
2026-07-19 15:40:47,27.4,63.7
2026-07-19 15:41:07,27.4,63.8
2026-07-19 15:41:27,27.4,63.9
2026-07-19 15:41:47,27.4,64.0
2026-07-19 15:42:07,27.4,64.1
2026-07-19 15:42:27,27.4,64.1
2026-07-19 15:42:47,27.4,64.3
2026-07-19 15:43:07,27.4,64.4
2026-07-19 15:43:27,27.4,64.5
2026-07-19 15:43:47,27.4,64.6
2026-07-19 15:44:07,27.3,64.8
2026-07-19 15:44:27,27.4,64.9
2026-07-19 15:44:47,27.3,65.0
2026-07-19 15:45:07,27.3,65.0
2026-07-19 15:45:27,27.3,65.1
2026-07-19 15:45:48,27.3,65.2
2026-07-19 15:46:07,27.3,65.3
2026-07-19 15:46:28,27.3,65.4
2026-07-19 15:46:48,27.3,65.5
2026-07-19 15:47:08,27.3,65.6
2026-07-19 15:47:28,27.3,65.6
2026-07-19 15:47:48,27.3,65.7
2026-07-19 15:48:08,27.3,65.7
2026-07-19 15:48:28,27.2,65.8
2026-07-19 15:48:48,27.3,65.8
2026-07-19 15:49:08,27.3,65.9
2026-07-19 15:49:28,27.3,65.9
2026-07-19 15:49:48,27.3,65.9
2026-07-19 15:50:08,27.3,65.9
2026-07-19 15:50:28,27.3,65.9
2026-07-19 15:50:48,27.3,
2026-07-19 15:50:49,,65.9
2026-07-19 15:51:08,27.2,66.0
2026-07-19 15:51:28,27.2,66.0
2026-07-19 15:51:48,27.2,66.0
2026-07-19 15:52:08,27.2,65.9
2026-07-19 15:52:28,27.2,65.9
2026-07-19 15:52:48,27.2,65.9
2026-07-19 15:53:08,27.2,66.0
2026-07-19 15:53:28,27.2,66.1
2026-07-19 15:53:48,27.2,
2026-07-19 15:53:49,,66.0
2026-07-19 15:54:08,27.2,66.1
2026-07-19 15:54:28,27.2,66.1
2026-07-19 15:54:48,27.2,66.1
2026-07-19 15:55:08,27.2,66.1
2026-07-19 15:55:28,27.2,66.1
2026-07-19 15:55:48,27.2,
2026-07-19 15:55:49,,66.2
2026-07-19 15:56:08,27.2,
2026-07-19 15:56:13,,66.2
2026-07-19 15:56:30,27.2,
2026-07-19 15:56:31,,66.2
2026-07-19 15:56:48,27.2,
2026-07-19 15:56:49,,66.2
2026-07-19 15:57:08,27.2,
2026-07-19 15:57:09,,66.3
2026-07-19 15:57:28,27.2,66.2
2026-07-19 15:57:48,27.2,66.3
2026-07-19 15:58:08,27.2,66.2
2026-07-19 15:58:28,27.2,66.3
2026-07-19 15:58:48,27.2,66.3
2026-07-19 15:59:08,27.2,66.3
2026-07-19 15:59:28,27.2,66.3
2026-07-19 15:59:48,27.2,
2026-07-19 15:59:49,,66.3
2026-07-19 16:00:09,27.2,66.4
2026-07-19 16:00:29,27.2,66.4
2026-07-19 16:00:49,27.2,66.4
2026-07-19 16:01:09,27.2,66.5
2026-07-19 16:01:29,27.2,66.5
2026-07-19 16:01:49,27.1,66.6
2026-07-19 16:02:09,27.1,
2026-07-19 16:02:10,,66.6
2026-07-19 16:02:29,27.2,66.6
2026-07-19 16:02:49,27.1,66.6
2026-07-19 16:03:09,27.1,66.6
2026-07-19 16:03:29,27.2,66.6
2026-07-19 16:03:49,27.2,66.6
2026-07-19 16:04:09,27.2,66.7
2026-07-19 16:04:29,27.2,66.7
2026-07-19 16:04:49,27.2,66.7
2026-07-19 16:05:09,27.2,66.8
2026-07-19 16:05:29,27.2,66.9
2026-07-19 16:05:49,27.1,
2026-07-19 16:05:50,,67.0
2026-07-19 16:06:09,27.1,
2026-07-19 16:06:11,,67.1
2026-07-19 16:06:29,27.1,67.1
2026-07-19 16:06:49,27.1,67.2
2026-07-19 16:07:09,27.1,67.3
2026-07-19 16:07:29,27.1,67.3
2026-07-19 16:07:49,27.1,
2026-07-19 16:07:50,,67.5
2026-07-19 16:08:09,27.1,67.5
2026-07-19 16:08:29,27.1,67.5
2026-07-19 16:08:49,27.1,67.6
2026-07-19 16:09:09,27.1,67.6
2026-07-19 16:09:29,27.1,67.8
2026-07-19 16:09:49,27.1,67.8
2026-07-19 16:10:09,27.0,67.8
2026-07-19 16:10:29,27.1,67.9
2026-07-19 16:10:49,27.0,68.0
2026-07-19 16:11:09,27.0,68.1
2026-07-19 16:11:30,27.0,
2026-07-19 16:11:32,,68.2
2026-07-19 16:11:50,27.0,
2026-07-19 16:11:51,,68.3
2026-07-19 16:12:09,27.0,
2026-07-19 16:12:10,,68.4
2026-07-19 16:12:29,27.0,68.4
2026-07-19 16:12:49,27.0,68.5
2026-07-19 16:13:09,27.0,68.5
2026-07-19 16:13:30,27.0,68.6
2026-07-19 16:13:50,27.0,68.7
2026-07-19 16:14:10,27.0,68.7
2026-07-19 16:14:30,27.0,68.8
2026-07-19 16:14:50,27.0,68.9
2026-07-19 16:15:10,27.0,68.9
2026-07-19 16:15:30,27.0,68.9
2026-07-19 16:15:50,27.0,69.1
2026-07-19 16:16:10,27.0,69.1
2026-07-19 16:16:30,27.0,69.0
2026-07-19 16:16:50,27.0,69.1
2026-07-19 16:17:10,27.0,69.2
2026-07-19 16:17:30,27.0,69.2
2026-07-19 16:17:50,27.0,69.3
2026-07-19 16:18:10,26.9,69.3
2026-07-19 16:18:30,27.0,69.4
2026-07-19 16:18:50,27.0,69.4
2026-07-19 16:19:10,26.9,69.4
2026-07-19 16:19:30,27.0,69.4
2026-07-19 16:19:50,26.9,69.4
2026-07-19 16:20:10,26.9,69.4
2026-07-19 16:20:30,26.9,69.4
2026-07-19 16:20:50,26.9,69.3
2026-07-19 16:21:10,26.9,69.3
2026-07-19 16:21:30,26.9,69.4
2026-07-19 16:21:50,26.9,69.4
2026-07-19 16:22:10,26.9,69.5
2026-07-19 16:22:30,26.9,69.4
2026-07-19 16:22:50,26.9,69.5
2026-07-19 16:23:10,26.9,69.4
2026-07-19 16:23:30,26.9,
2026-07-19 16:23:33,,69.4
2026-07-19 16:23:50,26.9,69.5
2026-07-19 16:24:10,26.8,69.5
2026-07-19 16:24:30,26.8,69.5
2026-07-19 16:24:50,26.8,69.5
2026-07-19 16:25:10,26.8,69.4
2026-07-19 16:25:30,26.8,69.3
2026-07-19 16:25:50,26.8,69.3
2026-07-19 16:26:10,26.8,69.2
2026-07-19 16:26:30,26.8,69.2
2026-07-19 16:26:50,26.8,69.2
2026-07-19 16:27:10,26.8,
2026-07-19 16:27:11,,69.2
2026-07-19 16:27:30,26.8,69.1
2026-07-19 16:27:50,26.8,
2026-07-19 16:27:52,,69.0
2026-07-19 16:28:10,26.8,69.1
2026-07-19 16:28:30,26.8,69.0
2026-07-19 16:28:50,26.8,
2026-07-19 16:28:51,,68.9
2026-07-19 16:29:10,26.8,68.9
2026-07-19 16:29:31,26.8,68.8
2026-07-19 16:29:51,26.8,68.8
2026-07-19 16:30:11,26.8,68.8
2026-07-19 16:30:31,26.8,68.8
2026-07-19 16:30:51,26.8,68.7
2026-07-19 16:31:11,26.8,68.7
2026-07-19 16:31:31,26.7,68.7
2026-07-19 16:31:51,26.8,68.7
2026-07-19 16:32:11,26.8,68.8
2026-07-19 16:32:31,26.7,68.7
2026-07-19 16:32:51,26.7,68.8
2026-07-19 16:33:11,26.7,68.8
2026-07-19 16:33:31,26.7,68.8
2026-07-19 16:33:51,26.7,68.8
2026-07-19 16:34:11,26.7,68.8
2026-07-19 16:34:31,26.7,68.9
2026-07-19 16:34:51,26.7,68.9
2026-07-19 16:35:11,26.7,68.9
2026-07-19 16:35:31,26.7,69.0
2026-07-19 16:35:51,26.7,68.9
2026-07-19 16:36:11,26.7,68.9
2026-07-19 16:36:31,26.7,68.9
2026-07-19 16:36:51,26.7,68.9
2026-07-19 16:37:11,26.7,69.0
2026-07-19 16:37:31,26.7,69.0
2026-07-19 16:37:51,26.7,69.1
2026-07-19 16:38:11,26.7,69.1
2026-07-19 16:38:31,26.7,69.1
2026-07-19 16:38:51,26.7,69.1
2026-07-19 16:39:11,26.7,69.1
2026-07-19 16:39:31,26.7,69.2
2026-07-19 16:39:51,26.7,69.2
2026-07-19 16:40:11,26.7,69.3
2026-07-19 16:40:31,26.7,69.3
2026-07-19 16:40:51,26.7,69.3
2026-07-19 16:41:11,26.7,69.3
2026-07-19 16:41:31,26.7,69.3
2026-07-19 16:41:51,26.7,69.4
2026-07-19 16:42:11,26.7,69.4
2026-07-19 16:42:31,26.6,69.4
2026-07-19 16:42:51,26.6,69.4
2026-07-19 16:43:11,26.6,69.5
2026-07-19 16:43:31,26.6,69.6
2026-07-19 16:43:51,26.6,69.6
2026-07-19 16:44:11,26.6,69.6
2026-07-19 16:44:32,26.7,69.6
2026-07-19 16:44:52,26.7,69.5
2026-07-19 16:45:11,26.6,69.6
2026-07-19 16:45:32,26.6,69.6
2026-07-19 16:45:52,26.6,69.6
2026-07-19 16:46:12,26.6,69.6
2026-07-19 16:46:32,26.6,69.6
2026-07-19 16:46:52,26.6,69.7
2026-07-19 16:47:12,26.6,69.7
2026-07-19 16:47:32,26.6,69.7
2026-07-19 16:47:52,26.6,69.8
2026-07-19 16:48:12,26.6,69.8
2026-07-19 16:48:32,26.6,69.8
2026-07-19 16:48:52,26.6,69.9
2026-07-19 16:49:12,26.6,69.9
2026-07-19 16:49:32,26.6,69.9
2026-07-19 16:49:52,26.6,69.9
2026-07-19 16:50:12,26.6,69.9
2026-07-19 16:50:32,26.7,70.0
2026-07-19 16:50:52,26.6,70.0
2026-07-19 16:51:12,26.6,69.9
2026-07-19 16:51:32,26.7,70.0
2026-07-19 16:51:52,26.7,70.0
2026-07-19 16:52:12,26.7,70.0
2026-07-19 16:52:32,26.7,70.0
2026-07-19 16:52:52,26.7,70.1
2026-07-19 16:53:12,26.6,70.0
2026-07-19 16:53:32,26.7,70.1
2026-07-19 16:53:52,26.6,70.2
2026-07-19 16:54:12,26.6,70.1
2026-07-19 16:54:32,26.6,70.1
2026-07-19 16:54:52,26.6,70.2
2026-07-19 16:55:12,26.6,70.2
2026-07-19 16:55:32,26.6,70.2
2026-07-19 16:55:52,26.6,70.2
2026-07-19 16:56:12,26.6,70.2
2026-07-19 16:56:32,26.6,70.3
2026-07-19 16:56:52,26.6,70.3
2026-07-19 16:57:12,26.6,70.3
2026-07-19 16:57:32,26.6,70.3
2026-07-19 16:57:52,26.6,
2026-07-19 16:57:53,,70.3
2026-07-19 16:58:12,26.6,70.3
2026-07-19 16:58:32,26.6,70.3
2026-07-19 16:58:53,26.6,70.3
2026-07-19 16:59:12,26.5,70.4
2026-07-19 16:59:32,26.6,70.4
2026-07-19 16:59:53,26.6,70.4
2026-07-19 17:00:13,26.6,70.4
2026-07-19 17:00:32,26.6,70.4
2026-07-19 17:00:53,26.6,70.4
2026-07-19 17:01:12,26.6,70.4
2026-07-19 17:01:33,26.6,70.4
2026-07-19 17:01:53,26.6,70.4
2026-07-19 17:02:13,26.6,70.5
2026-07-19 17:02:33,26.6,70.4
2026-07-19 17:02:53,26.5,70.6
2026-07-19 17:03:13,26.6,70.6
2026-07-19 17:03:33,26.5,70.6
2026-07-19 17:03:53,26.5,70.7
2026-07-19 17:04:13,26.5,70.7
2026-07-19 17:04:33,26.5,70.7
2026-07-19 17:04:53,26.5,70.7
2026-07-19 17:05:13,26.5,70.7
2026-07-19 17:05:33,26.5,70.7
2026-07-19 17:05:53,26.4,70.8
2026-07-19 17:06:13,26.5,70.8
2026-07-19 17:06:33,26.4,70.8
2026-07-19 17:06:53,26.4,70.8
2026-07-19 17:07:13,26.4,70.9
2026-07-19 17:07:33,26.4,70.8
2026-07-19 17:07:53,26.4,71.0
2026-07-19 17:08:13,26.4,71.0
2026-07-19 17:08:33,26.4,70.9
2026-07-19 17:08:53,26.4,71.0
2026-07-19 17:09:13,26.4,71.0
2026-07-19 17:09:33,26.4,71.0
2026-07-19 17:09:53,26.4,71.0
2026-07-19 17:10:13,26.4,71.0
2026-07-19 17:10:33,26.4,71.1
2026-07-19 17:10:53,26.4,71.1
2026-07-19 17:11:13,26.4,71.1
2026-07-19 17:11:33,26.4,71.1
2026-07-19 17:11:53,26.3,71.1
2026-07-19 17:12:13,26.3,71.1
2026-07-19 17:12:33,26.3,71.2
2026-07-19 17:12:53,26.3,71.2
2026-07-19 17:13:13,26.3,71.3
2026-07-19 17:13:33,26.3,71.2
2026-07-19 17:13:53,26.3,71.2
2026-07-19 17:14:13,26.3,71.2
2026-07-19 17:14:33,26.3,
2026-07-19 17:14:34,,71.3
2026-07-19 17:14:53,26.3,71.3
2026-07-19 17:15:13,26.3,
2026-07-19 17:15:14,,71.4
2026-07-19 17:15:33,26.3,
2026-07-19 17:15:34,,71.4
2026-07-19 17:15:53,26.3,71.3
2026-07-19 17:16:13,26.3,
2026-07-19 17:16:14,,71.2
2026-07-19 17:16:33,26.3,
2026-07-19 17:16:34,,71.2
2026-07-19 17:16:54,26.3,71.2
2026-07-19 17:17:14,26.3,71.2
2026-07-19 17:17:34,26.3,71.2
2026-07-19 17:17:54,26.3,71.3
2026-07-19 17:18:14,26.3,71.3
2026-07-19 17:18:34,26.3,71.3
2026-07-19 17:18:54,26.3,71.3
2026-07-19 17:19:14,26.3,71.3
2026-07-19 17:19:34,26.3,71.3
2026-07-19 17:19:54,26.3,71.3
2026-07-19 17:20:14,26.3,71.3
2026-07-19 17:20:34,26.3,71.3
2026-07-19 17:20:54,26.3,71.4
2026-07-19 17:21:14,26.3,71.4
2026-07-19 17:21:34,26.3,71.5
2026-07-19 17:21:54,26.3,71.5
2026-07-19 17:22:14,26.3,71.6
2026-07-19 17:22:34,26.3,71.5
2026-07-19 17:22:54,26.3,71.6
2026-07-19 17:23:14,26.3,71.5
2026-07-19 17:23:34,26.3,71.6
2026-07-19 17:23:54,26.3,71.6
2026-07-19 17:24:14,26.2,71.6
2026-07-19 17:24:34,26.2,71.6
2026-07-19 17:24:54,26.2,71.7
2026-07-19 17:25:14,26.3,71.7
2026-07-19 17:25:34,26.2,71.7
2026-07-19 17:25:54,26.2,71.7
2026-07-19 17:26:14,26.2,71.8
2026-07-19 17:26:34,26.2,71.8
2026-07-19 17:26:54,26.2,71.8
2026-07-19 17:27:14,26.2,71.8
2026-07-19 17:27:34,26.2,71.9
2026-07-19 17:27:54,26.2,72.0
2026-07-19 17:28:14,26.2,72.0
2026-07-19 17:28:34,26.2,72.0
2026-07-19 17:28:54,26.2,72.0
2026-07-19 17:29:15,26.2,72.0
2026-07-19 17:29:35,26.2,72.1
2026-07-19 17:29:54,26.2,72.1
2026-07-19 17:30:14,26.2,72.1
2026-07-19 17:30:34,26.2,72.1
2026-07-19 17:30:54,26.2,72.2
2026-07-19 17:31:14,26.2,72.2
2026-07-19 17:31:34,26.2,72.2
2026-07-19 17:31:54,26.2,72.3
2026-07-19 17:32:14,26.2,72.3
2026-07-19 17:32:34,26.2,72.3
2026-07-19 17:32:55,26.1,72.3
2026-07-19 17:33:15,26.1,72.4
2026-07-19 17:33:35,26.1,72.5
2026-07-19 17:33:55,26.1,72.5
2026-07-19 17:34:15,26.1,72.5
2026-07-19 17:34:35,26.1,72.5
2026-07-19 17:34:55,26.1,72.6
2026-07-19 17:35:15,26.1,72.6
2026-07-19 17:35:35,26.1,72.6
2026-07-19 17:35:55,26.1,
2026-07-19 17:35:58,,72.6
2026-07-19 17:36:15,26.1,72.6
2026-07-19 17:36:35,26.1,72.6
2026-07-19 17:36:55,26.1,72.7
2026-07-19 17:37:15,26.1,72.7
2026-07-19 17:37:35,26.1,72.7
2026-07-19 17:37:55,26.1,72.7
2026-07-19 17:38:15,26.1,72.8
2026-07-19 17:38:35,26.1,72.7
2026-07-19 17:38:55,26.1,72.8
2026-07-19 17:39:15,26.1,72.8
2026-07-19 17:39:35,26.1,72.8
2026-07-19 17:39:55,26.1,72.8
2026-07-19 17:40:15,26.1,72.9
2026-07-19 17:40:35,26.1,72.9
2026-07-19 17:40:55,26.1,72.9
2026-07-19 17:41:15,26.1,73.0
2026-07-19 17:41:35,26.0,73.0
2026-07-19 17:41:55,26.0,73.1
2026-07-19 17:42:15,26.1,73.0
2026-07-19 17:42:35,26.1,73.1
2026-07-19 17:42:55,26.0,73.1
2026-07-19 17:43:15,26.0,73.1
2026-07-19 17:43:35,26.1,73.2
2026-07-19 17:43:55,26.0,73.2
2026-07-19 17:44:15,26.0,73.2
2026-07-19 17:44:35,26.0,73.3
2026-07-19 17:44:55,26.0,73.3
2026-07-19 17:45:15,26.0,73.3
2026-07-19 17:45:35,26.0,73.3
2026-07-19 17:45:55,26.0,73.4
2026-07-19 17:46:15,26.0,73.4
2026-07-19 17:46:35,26.0,73.4
2026-07-19 17:46:55,26.0,73.4
2026-07-19 17:47:15,26.0,73.4
2026-07-19 17:47:35,26.0,73.3
2026-07-19 17:47:55,26.0,73.4
2026-07-19 17:48:15,26.0,73.4
2026-07-19 17:48:36,26.0,73.4
2026-07-19 17:48:56,26.0,73.4
2026-07-19 17:49:16,26.0,73.4
2026-07-19 17:49:36,26.0,73.3
2026-07-19 17:49:56,26.0,73.3
2026-07-19 17:50:16,26.0,73.4
2026-07-19 17:50:36,26.0,73.4
2026-07-19 17:50:56,26.0,73.4
2026-07-19 17:51:16,26.0,73.4
2026-07-19 17:51:36,26.0,73.4
2026-07-19 17:51:56,26.0,73.5
2026-07-19 17:52:16,26.0,73.5
2026-07-19 17:52:36,26.0,73.5
2026-07-19 17:52:56,26.0,73.6
2026-07-19 17:53:16,25.9,73.6
2026-07-19 17:53:36,25.9,73.7
2026-07-19 17:53:56,25.9,73.7
2026-07-19 17:54:16,26.0,73.8
2026-07-19 17:54:36,25.9,73.8
2026-07-19 17:54:56,25.9,73.8
2026-07-19 17:55:16,25.9,73.9
2026-07-19 17:55:36,25.9,73.9
2026-07-19 17:55:56,25.9,73.9
2026-07-19 17:56:16,25.9,73.9
2026-07-19 17:56:36,25.9,73.9
2026-07-19 17:56:56,25.9,73.9
2026-07-19 17:57:16,25.9,74.0
2026-07-19 17:57:36,25.9,74.0
2026-07-19 17:57:56,25.9,74.0
2026-07-19 17:58:16,25.9,74.0
2026-07-19 17:58:36,25.9,74.1
2026-07-19 17:58:56,25.9,74.1
2026-07-19 17:59:16,25.9,74.1
2026-07-19 17:59:37,25.9,74.1
2026-07-19 17:59:56,25.8,74.2
2026-07-19 18:00:16,25.8,74.3
2026-07-19 18:00:36,25.8,74.3
2026-07-19 18:00:56,25.8,74.3
2026-07-19 18:01:16,25.8,74.3
2026-07-19 18:01:36,25.8,74.3
2026-07-19 18:01:56,25.9,74.3
2026-07-19 18:02:16,25.9,74.4
2026-07-19 18:02:36,25.8,74.4
2026-07-19 18:02:56,25.8,74.5
2026-07-19 18:03:16,25.8,74.4
2026-07-19 18:03:36,25.8,74.5
2026-07-19 18:03:57,25.8,74.4
2026-07-19 18:04:17,25.8,74.4
2026-07-19 18:04:37,25.8,74.5
2026-07-19 18:04:57,25.8,74.5
2026-07-19 18:05:17,25.8,74.5
2026-07-19 18:05:37,25.8,74.5
2026-07-19 18:05:57,25.8,74.6
2026-07-19 18:06:17,25.8,
2026-07-19 18:06:19,,74.5
2026-07-19 18:06:37,25.8,74.6
2026-07-19 18:06:57,25.8,74.5
2026-07-19 18:07:17,25.8,74.6
2026-07-19 18:07:37,25.8,74.6
2026-07-19 18:07:57,25.8,74.6
2026-07-19 18:08:17,25.8,74.7
2026-07-19 18:08:37,25.8,74.7
2026-07-19 18:08:57,25.8,74.7
2026-07-19 18:09:17,25.8,74.7
2026-07-19 18:09:37,25.8,74.7
2026-07-19 18:09:57,25.8,74.7
2026-07-19 18:10:17,25.7,74.7
2026-07-19 18:10:37,25.7,74.8
2026-07-19 18:10:57,25.7,74.8
2026-07-19 18:11:17,25.7,74.9
2026-07-19 18:11:37,25.7,74.9
2026-07-19 18:11:57,25.7,75.0
2026-07-19 18:12:17,25.7,74.9
2026-07-19 18:12:37,25.7,74.9
2026-07-19 18:12:57,25.7,75.0
2026-07-19 18:13:17,25.7,74.9
2026-07-19 18:13:37,25.7,74.9
2026-07-19 18:13:57,25.7,74.8
2026-07-19 18:14:17,25.7,74.8
2026-07-19 18:14:37,25.7,74.9
2026-07-19 18:14:57,25.7,74.9
2026-07-19 18:15:17,25.7,74.9
2026-07-19 18:15:37,25.7,74.9
2026-07-19 18:15:57,25.7,75.0
2026-07-19 18:16:17,25.7,75.0
2026-07-19 18:16:37,25.7,75.0
2026-07-19 18:16:57,25.7,75.0
2026-07-19 18:17:17,25.7,75.1
2026-07-19 18:17:37,25.7,
2026-07-19 18:17:38,,75.0
2026-07-19 18:17:57,25.7,
2026-07-19 18:17:58,,75.0
2026-07-19 18:18:17,25.7,
2026-07-19 18:18:18,,75.0
2026-07-19 18:18:37,25.7,
2026-07-19 18:18:38,,75.0
2026-07-19 18:18:58,25.7,75.1
2026-07-19 18:19:18,25.7,75.0
2026-07-19 18:19:38,25.7,75.1
2026-07-19 18:19:58,25.7,75.0
2026-07-19 18:20:18,25.8,75.1
2026-07-19 18:20:38,25.7,75.1
2026-07-19 18:20:58,25.7,75.1
2026-07-19 18:21:18,25.8,75.0
2026-07-19 18:21:38,25.7,75.1
2026-07-19 18:21:58,25.8,
2026-07-19 18:22:03,,75.1
2026-07-19 18:22:18,25.8,75.2
2026-07-19 18:22:38,25.8,75.1
2026-07-19 18:22:58,25.7,75.2
2026-07-19 18:23:18,25.8,75.2
2026-07-19 18:23:38,25.7,75.2
2026-07-19 18:23:58,25.8,75.2
2026-07-19 18:24:18,25.8,75.2
2026-07-19 18:24:38,25.8,75.2
2026-07-19 18:24:58,25.8,75.1
2026-07-19 18:25:18,25.8,75.2
2026-07-19 18:25:38,25.8,75.1
2026-07-19 18:25:58,25.8,75.2
2026-07-19 18:26:18,25.8,75.3
2026-07-19 18:26:38,25.8,75.3
2026-07-19 18:26:58,25.8,75.4
2026-07-19 18:27:18,25.8,75.4
2026-07-19 18:27:38,25.8,75.5
2026-07-19 18:27:58,25.8,75.4
2026-07-19 18:28:18,25.8,75.4
2026-07-19 18:28:38,25.8,75.4
2026-07-19 18:28:58,25.8,75.4
2026-07-19 18:29:18,25.8,75.5
2026-07-19 18:29:38,25.7,75.4
2026-07-19 18:29:58,25.7,75.5
2026-07-19 18:30:18,25.7,75.5
2026-07-19 18:30:38,25.7,75.5
2026-07-19 18:30:58,25.7,75.5
2026-07-19 18:31:18,25.7,75.4
2026-07-19 18:31:38,25.8,75.4
2026-07-19 18:31:58,25.8,75.5
2026-07-19 18:32:18,25.8,75.4
2026-07-19 18:32:38,25.8,75.3
2026-07-19 18:32:58,25.8,75.3
2026-07-19 18:33:18,25.8,75.3
2026-07-19 18:33:38,25.8,
2026-07-19 18:33:39,,75.4
2026-07-19 18:33:58,25.8,75.4
2026-07-19 18:34:18,25.8,75.3
2026-07-19 18:34:38,25.8,75.3
2026-07-19 18:34:58,25.8,75.2
2026-07-19 18:35:19,25.8,75.2
2026-07-19 18:35:39,25.8,
2026-07-19 18:35:41,,75.1
2026-07-19 18:35:59,25.8,75.1
2026-07-19 18:36:19,25.7,75.2
2026-07-19 18:36:39,25.7,75.3
2026-07-19 18:36:59,25.7,75.3
2026-07-19 18:37:19,25.6,75.4
2026-07-19 18:37:39,25.6,75.6
2026-07-19 18:37:59,25.6,75.7
2026-07-19 18:38:19,25.6,75.8
2026-07-19 18:38:39,25.6,75.9
2026-07-19 18:38:59,25.5,76.1
2026-07-19 18:39:19,25.5,76.1
2026-07-19 18:39:39,25.5,76.2
2026-07-19 18:39:59,25.5,76.2
2026-07-19 18:40:19,25.5,76.3
2026-07-19 18:40:39,25.5,76.4
2026-07-19 18:40:59,25.5,76.4
2026-07-19 18:41:19,25.5,76.3
2026-07-19 18:41:39,25.5,76.3
2026-07-19 18:41:59,25.5,76.3
2026-07-19 18:42:19,25.5,76.2
2026-07-19 18:42:39,25.5,76.3
2026-07-19 18:42:59,25.4,76.5
2026-07-19 18:43:19,25.4,76.6
2026-07-19 18:43:39,25.4,76.6
2026-07-19 18:43:59,25.4,76.6
2026-07-19 18:44:19,25.4,76.6
2026-07-19 18:44:39,25.4,76.6
2026-07-19 18:44:59,25.4,76.6
2026-07-19 18:45:19,25.4,76.6
2026-07-19 18:45:39,25.4,76.5
2026-07-19 18:45:59,25.4,76.6
2026-07-19 18:46:19,25.4,76.6
2026-07-19 18:46:39,25.4,76.5
2026-07-19 18:46:59,25.4,76.6
2026-07-19 18:47:19,25.4,76.6
2026-07-19 18:47:39,25.4,76.5
2026-07-19 18:47:59,25.4,76.5
2026-07-19 18:48:19,25.4,76.6
2026-07-19 18:48:39,25.4,76.6
2026-07-19 18:48:59,25.4,76.7
2026-07-19 18:49:19,25.4,76.7
2026-07-19 18:49:39,25.4,76.6
2026-07-19 18:49:59,25.4,76.7
2026-07-19 18:50:19,25.4,76.7
2026-07-19 18:50:39,25.4,76.8
2026-07-19 18:51:00,25.3,76.8
2026-07-19 18:51:20,25.3,76.8
2026-07-19 18:51:40,25.3,76.8
2026-07-19 18:52:00,25.3,76.9
2026-07-19 18:52:20,25.3,76.9
2026-07-19 18:52:40,25.3,77.0
2026-07-19 18:53:00,25.3,77.0
2026-07-19 18:53:20,25.3,77.0
2026-07-19 18:53:40,25.3,76.9
2026-07-19 18:54:00,25.3,77.0
2026-07-19 18:54:20,25.2,77.1
2026-07-19 18:54:40,25.2,77.1
2026-07-19 18:55:00,25.2,77.1
2026-07-19 18:55:20,25.2,77.1
2026-07-19 18:55:40,25.3,77.0
2026-07-19 18:56:00,25.3,77.1
2026-07-19 18:56:20,25.2,77.1
2026-07-19 18:56:40,25.2,77.1
2026-07-19 18:57:00,25.3,77.0
2026-07-19 18:57:20,25.3,77.0
2026-07-19 18:57:40,25.3,77.0
2026-07-19 18:58:00,25.3,76.9
2026-07-19 18:58:20,25.2,76.9
2026-07-19 18:58:40,25.3,77.0
2026-07-19 18:59:00,25.3,77.0
2026-07-19 18:59:20,25.2,
2026-07-19 18:59:23,,77.1
2026-07-19 18:59:40,25.3,77.0
2026-07-19 19:00:00,25.2,76.9
2026-07-19 19:00:20,25.2,76.9
2026-07-19 19:00:40,25.2,76.9
2026-07-19 19:01:00,25.2,76.9
2026-07-19 19:01:20,25.2,76.9
2026-07-19 19:01:40,25.2,76.8
2026-07-19 19:02:00,25.2,76.9
2026-07-19 19:02:20,25.2,76.9
2026-07-19 19:02:40,25.2,76.9
2026-07-19 19:03:00,25.2,76.9
2026-07-19 19:03:20,25.2,76.8
2026-07-19 19:03:40,25.2,76.8
2026-07-19 19:04:00,25.2,
2026-07-19 19:04:03,,76.7
2026-07-19 19:04:20,25.2,76.7
2026-07-19 19:04:40,25.2,76.6
2026-07-19 19:05:00,25.2,76.6
2026-07-19 19:05:21,25.2,76.7
2026-07-19 19:05:40,25.2,
2026-07-19 19:05:41,,76.6
2026-07-19 19:06:00,25.2,76.6
2026-07-19 19:06:21,25.2,76.6
2026-07-19 19:06:41,25.2,76.6
2026-07-19 19:07:01,25.2,76.6
2026-07-19 19:07:21,25.2,76.6
2026-07-19 19:07:41,25.2,76.6
2026-07-19 19:08:01,25.2,76.6
2026-07-19 19:08:21,25.3,76.6
2026-07-19 19:08:41,25.3,76.5
2026-07-19 19:09:01,25.2,76.5
2026-07-19 19:09:21,25.2,76.5
2026-07-19 19:09:41,25.3,76.6
2026-07-19 19:10:01,25.2,76.5
2026-07-19 19:10:21,25.2,76.4
2026-07-19 19:10:41,25.2,76.3
2026-07-19 19:11:01,25.2,76.5
2026-07-19 19:11:21,25.2,76.4
2026-07-19 19:11:41,25.3,76.5
2026-07-19 19:12:01,25.3,76.4
2026-07-19 19:12:21,25.3,76.4
2026-07-19 19:12:41,25.3,76.3
2026-07-19 19:13:01,25.3,76.3
2026-07-19 19:13:21,25.3,76.3
2026-07-19 19:13:41,25.3,76.3
2026-07-19 19:14:01,25.3,76.3
2026-07-19 19:14:21,25.3,76.2
2026-07-19 19:14:41,25.4,76.3
2026-07-19 19:15:01,25.4,76.2
2026-07-19 19:15:21,25.5,76.1
2026-07-19 19:15:41,25.5,75.9
2026-07-19 19:16:01,25.5,75.9
2026-07-19 19:16:21,25.6,75.8
2026-07-19 19:16:41,25.6,75.7
2026-07-19 19:17:01,25.6,75.7
2026-07-19 19:17:21,25.6,75.6
2026-07-19 19:17:41,25.6,75.6
2026-07-19 19:18:01,25.6,75.4
2026-07-19 19:18:21,25.6,75.5
2026-07-19 19:18:41,25.6,75.5
2026-07-19 19:19:01,25.6,75.5
2026-07-19 19:19:21,25.6,75.5
2026-07-19 19:19:41,25.6,75.4
2026-07-19 19:20:01,25.6,75.3
2026-07-19 19:20:21,25.6,75.3
2026-07-19 19:20:41,25.6,75.3
2026-07-19 19:21:01,25.6,75.3
2026-07-19 19:21:21,25.6,75.2
2026-07-19 19:21:41,25.6,75.2
2026-07-19 19:22:01,25.5,75.2
2026-07-19 19:22:22,25.5,75.2
2026-07-19 19:22:42,25.6,75.1
2026-07-19 19:23:02,25.5,75.2
2026-07-19 19:23:21,25.5,75.3
2026-07-19 19:23:41,25.5,75.3
2026-07-19 19:24:02,25.5,75.4
2026-07-19 19:24:22,25.5,75.4
2026-07-19 19:24:42,25.5,75.5
2026-07-19 19:25:02,25.5,75.6
2026-07-19 19:25:22,25.4,75.7
2026-07-19 19:25:42,25.4,75.9
2026-07-19 19:26:02,25.4,76.0
2026-07-19 19:26:22,25.4,76.1
2026-07-19 19:26:42,25.3,76.2
2026-07-19 19:27:02,25.3,76.3
2026-07-19 19:27:22,25.3,76.4
2026-07-19 19:27:42,25.3,76.5
2026-07-19 19:28:02,25.2,76.5
2026-07-19 19:28:22,25.2,76.6
2026-07-19 19:28:42,25.2,76.7
2026-07-19 19:29:02,25.2,76.8
2026-07-19 19:29:22,25.2,76.9
2026-07-19 19:29:42,25.2,77.0
2026-07-19 19:30:02,25.2,77.0
2026-07-19 19:30:22,25.2,77.1
2026-07-19 19:30:42,25.3,76.9
2026-07-19 19:31:02,25.3,76.8
2026-07-19 19:31:22,25.3,76.9
2026-07-19 19:31:42,25.3,76.8
2026-07-19 19:32:02,25.3,76.5
2026-07-19 19:32:22,25.4,76.5
2026-07-19 19:32:42,25.4,76.4
2026-07-19 19:33:02,25.4,76.5
2026-07-19 19:33:22,25.4,76.5
2026-07-19 19:33:42,25.4,76.4
2026-07-19 19:34:02,25.4,76.4
2026-07-19 19:34:22,25.4,76.4
2026-07-19 19:34:42,25.4,76.5
2026-07-19 19:35:02,25.4,76.4
2026-07-19 19:35:22,25.4,76.3
2026-07-19 19:35:42,25.5,76.4
2026-07-19 19:36:02,25.5,76.4
2026-07-19 19:36:22,25.5,76.4
2026-07-19 19:36:42,25.5,76.5
2026-07-19 19:37:02,25.5,76.6
2026-07-19 19:37:22,25.5,76.6
2026-07-19 19:37:42,25.5,76.7
2026-07-19 19:38:02,25.5,76.7
2026-07-19 19:38:22,25.5,76.7
2026-07-19 19:38:42,25.5,76.8
2026-07-19 19:39:02,25.5,
2026-07-19 19:39:03,,76.9
2026-07-19 19:39:23,25.5,77.0
2026-07-19 19:39:43,25.5,77.0
2026-07-19 19:40:03,25.5,77.1
2026-07-19 19:40:23,25.5,77.2
2026-07-19 19:40:43,25.4,77.2
2026-07-19 19:41:03,25.4,77.3
2026-07-19 19:41:23,25.4,77.3
2026-07-19 19:41:43,25.4,77.3
2026-07-19 19:42:03,25.4,77.4
2026-07-19 19:42:23,25.4,77.4
2026-07-19 19:42:43,25.4,
2026-07-19 19:42:44,,77.4
2026-07-19 19:43:03,25.5,77.4
2026-07-19 19:43:23,25.5,77.5
2026-07-19 19:43:43,25.5,77.5
2026-07-19 19:44:03,25.5,77.4
2026-07-19 19:44:23,25.5,77.4
2026-07-19 19:44:43,25.5,77.5
2026-07-19 19:45:03,25.5,77.5
2026-07-19 19:45:23,25.5,77.6
2026-07-19 19:45:43,25.5,77.6
2026-07-19 19:46:03,25.5,77.7
2026-07-19 19:46:23,25.5,77.7
2026-07-19 19:46:43,25.5,77.8
2026-07-19 19:47:03,25.5,77.8
2026-07-19 19:47:23,25.5,77.8
2026-07-19 19:47:43,25.5,77.8
2026-07-19 19:48:03,25.5,77.7
2026-07-19 19:48:23,25.5,77.7
2026-07-19 19:48:43,25.5,77.7
2026-07-19 19:49:03,25.5,77.8
2026-07-19 19:49:23,25.5,77.9
2026-07-19 19:49:43,25.5,78.0
2026-07-19 19:50:03,25.4,78.0
2026-07-19 19:50:23,25.4,77.9
2026-07-19 19:50:43,25.5,77.8
2026-07-19 19:51:03,25.5,77.8
2026-07-19 19:51:23,25.5,78.0
2026-07-19 19:51:43,25.5,77.8
2026-07-19 19:52:04,25.4,77.7
2026-07-19 19:52:23,25.5,77.9
2026-07-19 19:52:43,25.5,78.0
2026-07-19 19:53:04,25.5,78.0
2026-07-19 19:53:24,25.4,78.2
2026-07-19 19:53:44,25.4,78.4
2026-07-19 19:54:04,25.4,78.4
2026-07-19 19:54:24,25.4,78.2
2026-07-19 19:54:44,25.4,78.1
2026-07-19 19:55:04,25.4,78.2
2026-07-19 19:55:24,25.4,78.3
2026-07-19 19:55:44,25.4,78.5
2026-07-19 19:56:04,25.4,78.6
2026-07-19 19:56:24,25.4,78.7
2026-07-19 19:56:44,25.4,78.7
2026-07-19 19:57:04,25.4,78.7
2026-07-19 19:57:24,25.4,78.8
2026-07-19 19:57:44,25.3,78.8
2026-07-19 19:58:04,25.3,78.9
2026-07-19 19:58:24,25.3,79.0
2026-07-19 19:58:44,25.3,79.1
2026-07-19 19:59:04,25.2,79.1
2026-07-19 19:59:24,25.2,79.2
2026-07-19 19:59:44,25.2,79.2
2026-07-19 20:00:04,25.2,79.3
2026-07-19 20:00:24,25.2,79.4
2026-07-19 20:00:44,25.2,79.5
2026-07-19 20:01:04,25.2,79.4
2026-07-19 20:01:24,25.2,79.5
2026-07-19 20:01:44,25.2,79.5
2026-07-19 20:02:04,25.2,79.6
2026-07-19 20:02:24,25.2,79.6
2026-07-19 20:02:44,25.2,79.6
2026-07-19 20:03:04,25.2,79.7
2026-07-19 20:03:24,25.2,79.7
2026-07-19 20:03:44,25.2,79.7
2026-07-19 20:04:04,25.2,79.6
2026-07-19 20:04:24,25.3,79.6
2026-07-19 20:04:44,25.3,79.6
2026-07-19 20:05:04,25.3,79.5
2026-07-19 20:05:24,25.4,79.2
2026-07-19 20:05:44,25.4,79.0
2026-07-19 20:06:04,25.4,78.9
2026-07-19 20:06:24,25.4,78.8
2026-07-19 20:06:44,25.4,78.8
2026-07-19 20:07:04,25.4,78.7
2026-07-19 20:07:24,25.5,78.7
2026-07-19 20:07:44,25.5,78.7
2026-07-19 20:08:04,25.5,78.6
2026-07-19 20:08:24,25.5,78.4
2026-07-19 20:08:44,25.5,78.3
2026-07-19 20:09:04,25.6,78.3
2026-07-19 20:09:24,25.6,78.3
2026-07-19 20:09:45,25.6,78.3
2026-07-19 20:10:04,25.6,78.1
2026-07-19 20:10:25,25.6,78.1
2026-07-19 20:10:45,25.7,78.1
2026-07-19 20:11:05,25.7,78.1
2026-07-19 20:11:25,25.6,78.0
2026-07-19 20:11:45,25.6,78.0
2026-07-19 20:12:05,25.7,78.0
2026-07-19 20:12:25,25.6,78.0
2026-07-19 20:12:45,25.6,78.1
2026-07-19 20:13:05,25.6,78.1
2026-07-19 20:13:25,25.6,78.1
2026-07-19 20:13:45,25.6,78.1
2026-07-19 20:14:05,25.6,78.1
2026-07-19 20:14:25,25.6,78.1
2026-07-19 20:14:45,25.6,78.1
2026-07-19 20:15:05,25.6,78.1
2026-07-19 20:15:25,25.6,78.0
2026-07-19 20:15:45,25.6,78.1
2026-07-19 20:16:05,25.6,78.1
2026-07-19 20:16:25,25.6,78.1
2026-07-19 20:16:45,25.6,78.0
2026-07-19 20:17:05,25.6,78.1
2026-07-19 20:17:25,25.6,78.2
2026-07-19 20:17:45,25.5,78.1
2026-07-19 20:18:05,25.5,78.2
2026-07-19 20:18:25,25.5,78.4
2026-07-19 20:18:45,25.5,78.4
2026-07-19 20:19:05,25.5,78.5
2026-07-19 20:19:25,25.5,78.5
2026-07-19 20:19:45,25.5,78.6
2026-07-19 20:20:05,25.5,78.6
2026-07-19 20:20:25,25.5,78.6
2026-07-19 20:20:45,25.5,78.5
2026-07-19 20:21:05,25.5,78.5
2026-07-19 20:21:25,25.5,78.6
2026-07-19 20:21:45,25.5,78.5
2026-07-19 20:22:05,25.5,78.4
2026-07-19 20:22:25,25.5,78.3
2026-07-19 20:22:45,25.5,78.4
2026-07-19 20:23:06,25.5,78.4
2026-07-19 20:23:25,25.5,78.4
2026-07-19 20:23:46,25.5,78.4
2026-07-19 20:24:06,25.5,78.3
2026-07-19 20:24:25,25.5,78.3
2026-07-19 20:24:46,25.5,78.3
2026-07-19 20:25:06,25.5,78.3
2026-07-19 20:25:26,25.5,78.3
2026-07-19 20:25:46,25.5,78.4
2026-07-19 20:26:06,25.5,78.3
2026-07-19 20:26:26,25.5,78.3
2026-07-19 20:26:46,25.4,78.3
2026-07-19 20:27:06,25.4,78.4
2026-07-19 20:27:26,25.4,78.5
2026-07-19 20:27:46,25.4,78.6
2026-07-19 20:28:06,25.4,78.8
2026-07-19 20:28:26,25.4,78.8
2026-07-19 20:28:46,25.4,78.8
2026-07-19 20:29:06,25.4,78.8
2026-07-19 20:29:26,25.4,78.7
2026-07-19 20:29:46,25.4,78.7
2026-07-19 20:30:06,25.4,78.6
2026-07-19 20:30:26,25.4,78.7
2026-07-19 20:30:46,25.4,78.7
2026-07-19 20:31:06,25.4,78.7
2026-07-19 20:31:26,25.4,78.7
2026-07-19 20:31:46,25.4,78.7
2026-07-19 20:32:06,25.4,78.6
2026-07-19 20:32:26,25.4,78.6
2026-07-19 20:32:46,25.4,78.6
2026-07-19 20:33:06,25.4,78.6
2026-07-19 20:33:26,25.4,78.7
2026-07-19 20:33:46,25.3,78.7
2026-07-19 20:34:06,25.3,78.7
2026-07-19 20:34:26,25.3,78.7
2026-07-19 20:34:46,25.3,78.8
2026-07-19 20:35:06,25.3,78.8
2026-07-19 20:35:26,25.3,78.8
2026-07-19 20:35:46,25.3,78.9
2026-07-19 20:36:06,25.3,78.9
2026-07-19 20:36:26,25.2,78.9
2026-07-19 20:36:46,25.2,79.1
2026-07-19 20:37:06,25.2,79.1
2026-07-19 20:37:26,25.2,79.1
2026-07-19 20:37:46,25.2,79.1
2026-07-19 20:38:06,25.2,79.1
2026-07-19 20:38:26,25.2,
2026-07-19 20:38:27,,79.2
2026-07-19 20:38:46,25.2,79.1
2026-07-19 20:39:07,25.2,79.2
2026-07-19 20:39:27,25.2,79.2
2026-07-19 20:39:47,25.2,79.3
2026-07-19 20:40:07,25.3,79.2
2026-07-19 20:40:27,25.3,79.1
2026-07-19 20:40:47,25.2,79.1
2026-07-19 20:41:07,25.2,79.0
2026-07-19 20:41:27,25.3,79.1
2026-07-19 20:41:47,25.3,79.1
2026-07-19 20:42:07,25.3,79.1
2026-07-19 20:42:27,25.3,79.0
2026-07-19 20:42:47,25.3,78.9
2026-07-19 20:43:07,25.3,78.9
2026-07-19 20:43:27,25.3,78.9
2026-07-19 20:43:47,25.3,79.0
2026-07-19 20:44:07,25.3,79.0
2026-07-19 20:44:27,25.3,79.0
2026-07-19 20:44:47,25.3,79.0
2026-07-19 20:45:07,25.3,79.0
2026-07-19 20:45:27,25.3,79.0
2026-07-19 20:45:47,25.3,79.0
2026-07-19 20:46:07,25.3,79.0
2026-07-19 20:46:27,25.3,79.0
2026-07-19 20:46:47,25.3,79.0
2026-07-19 20:47:07,25.3,79.0
2026-07-19 20:47:27,25.3,79.0
2026-07-19 20:47:47,25.3,79.1
2026-07-19 20:48:07,25.3,79.1
2026-07-19 20:48:27,25.3,79.1
2026-07-19 20:48:47,25.3,79.1
2026-07-19 20:49:07,25.3,79.1
2026-07-19 20:49:27,25.3,79.0
2026-07-19 20:49:47,25.3,79.0
2026-07-19 20:50:07,25.3,79.0
2026-07-19 20:50:27,25.3,79.0
2026-07-19 20:50:47,25.3,79.0
2026-07-19 20:51:07,25.3,79.0
2026-07-19 20:51:27,25.3,79.0
2026-07-19 20:51:47,25.3,78.9
2026-07-19 20:52:07,25.3,78.9
2026-07-19 20:52:27,25.3,78.9
2026-07-19 20:52:47,25.3,78.8
2026-07-19 20:53:07,25.3,78.8
2026-07-19 20:53:27,25.3,78.9
2026-07-19 20:53:47,25.3,78.9
2026-07-19 20:54:07,25.3,78.9
2026-07-19 20:54:28,25.2,78.9
2026-07-19 20:54:47,25.3,78.9
2026-07-19 20:55:07,25.3,78.9
2026-07-19 20:55:28,25.2,78.8
2026-07-19 20:55:47,25.3,
2026-07-19 20:55:48,,78.9
2026-07-19 20:56:08,25.3,78.8
2026-07-19 20:56:28,25.2,78.8
2026-07-19 20:56:48,25.2,78.8
2026-07-19 20:57:08,25.2,78.8
2026-07-19 20:57:28,25.2,78.9
2026-07-19 20:57:48,25.2,78.8
2026-07-19 20:58:08,25.2,78.9
2026-07-19 20:58:28,25.2,78.9
2026-07-19 20:58:48,25.2,78.9
2026-07-19 20:59:08,25.2,78.9
2026-07-19 20:59:28,25.2,79.0
2026-07-19 20:59:48,25.2,79.1
2026-07-19 21:00:08,25.2,79.0
2026-07-19 21:00:28,25.2,78.9
2026-07-19 21:00:48,25.2,78.9
2026-07-19 21:01:08,25.2,78.9
2026-07-19 21:01:28,25.2,78.9
2026-07-19 21:01:48,25.2,79.1
2026-07-19 21:02:08,25.2,79.2
2026-07-19 21:02:28,25.1,79.1
2026-07-19 21:02:48,25.2,79.2
2026-07-19 21:03:08,25.2,79.1
2026-07-19 21:03:28,25.2,79.1
2026-07-19 21:03:48,25.2,79.0
2026-07-19 21:04:08,25.2,79.0
2026-07-19 21:04:28,25.2,79.1
2026-07-19 21:04:48,25.2,79.1
2026-07-19 21:05:08,25.2,79.1
2026-07-19 21:05:28,25.2,79.0
2026-07-19 21:05:48,25.2,79.0
2026-07-19 21:06:08,25.2,79.0
2026-07-19 21:06:28,25.2,79.0
2026-07-19 21:06:48,25.2,78.9
2026-07-19 21:07:08,25.2,79.0
2026-07-19 21:07:28,25.2,79.0
2026-07-19 21:07:48,25.1,79.0
2026-07-19 21:08:08,25.1,79.0
2026-07-19 21:08:28,25.1,79.0
2026-07-19 21:08:48,25.1,79.1
2026-07-19 21:09:08,25.1,79.1
2026-07-19 21:09:28,25.1,79.2
2026-07-19 21:09:49,25.1,79.2
2026-07-19 21:10:09,25.1,79.1
2026-07-19 21:10:29,25.1,78.9
2026-07-19 21:10:48,25.1,
2026-07-19 21:10:49,,79.0
2026-07-19 21:11:09,25.1,79.1
2026-07-19 21:11:29,25.1,79.1
2026-07-19 21:11:49,25.1,79.1
2026-07-19 21:12:09,25.1,79.1
2026-07-19 21:12:29,25.1,79.1
2026-07-19 21:12:49,25.1,79.0
2026-07-19 21:13:09,25.0,79.0
2026-07-19 21:13:29,25.0,79.1
2026-07-19 21:13:49,25.1,79.1
2026-07-19 21:14:09,25.0,79.1
2026-07-19 21:14:29,25.0,79.1
2026-07-19 21:14:49,25.0,79.2
2026-07-19 21:15:09,25.0,79.2
2026-07-19 21:15:29,25.0,79.2
2026-07-19 21:15:49,25.0,79.2
2026-07-19 21:16:09,25.0,79.3
2026-07-19 21:16:29,25.0,79.3
2026-07-19 21:16:49,25.0,79.3
2026-07-19 21:17:09,25.0,79.4
2026-07-19 21:17:29,25.0,79.3
2026-07-19 21:17:49,25.0,79.3
2026-07-19 21:18:09,25.0,79.3
2026-07-19 21:18:29,25.0,79.3
2026-07-19 21:18:49,25.0,79.3
2026-07-19 21:19:09,25.0,79.3
2026-07-19 21:19:29,25.0,79.3
2026-07-19 21:19:49,24.9,79.3
2026-07-19 21:20:09,24.9,79.4
2026-07-19 21:20:29,24.9,79.5
2026-07-19 21:20:49,24.9,79.4
2026-07-19 21:21:09,24.9,79.5
2026-07-19 21:21:29,24.9,79.6
2026-07-19 21:21:49,24.9,79.7
2026-07-19 21:22:09,24.9,79.7
2026-07-19 21:22:29,24.9,79.7
2026-07-19 21:22:49,24.9,79.6
2026-07-19 21:23:09,24.9,79.6
2026-07-19 21:23:29,24.9,79.5
2026-07-19 21:23:49,24.9,79.6
2026-07-19 21:24:10,24.9,79.5
2026-07-19 21:24:29,24.9,79.4
2026-07-19 21:24:50,25.0,79.4
2026-07-19 21:25:10,25.0,79.3
2026-07-19 21:25:30,24.9,79.3
2026-07-19 21:25:50,25.0,79.2
2026-07-19 21:26:10,25.0,79.2
2026-07-19 21:26:30,24.9,79.3
2026-07-19 21:26:50,25.0,79.2
2026-07-19 21:27:10,25.0,79.2
2026-07-19 21:27:30,25.0,79.2
2026-07-19 21:27:50,25.0,79.2
2026-07-19 21:28:10,25.0,79.1
2026-07-19 21:28:30,24.9,79.1
2026-07-19 21:28:50,24.9,79.1
2026-07-19 21:29:10,25.0,79.0
2026-07-19 21:29:30,25.0,78.9
2026-07-19 21:29:50,25.0,78.9
2026-07-19 21:30:10,25.0,78.8
2026-07-19 21:30:30,25.0,78.8
2026-07-19 21:30:50,24.9,78.8
2026-07-19 21:31:10,25.0,78.8
2026-07-19 21:31:30,24.9,78.7
2026-07-19 21:31:50,24.9,78.6
2026-07-19 21:32:10,24.9,78.6
2026-07-19 21:32:30,24.9,78.6
2026-07-19 21:32:50,24.9,78.6
2026-07-19 21:33:10,24.9,78.6
2026-07-19 21:33:30,24.9,78.5
2026-07-19 21:33:50,24.9,78.5
2026-07-19 21:34:10,24.9,78.5
2026-07-19 21:34:30,24.9,78.4
2026-07-19 21:34:50,24.9,78.4
2026-07-19 21:35:10,24.9,78.3
2026-07-19 21:35:30,24.9,78.2
2026-07-19 21:35:50,24.9,78.2
2026-07-19 21:36:10,24.9,78.0
2026-07-19 21:36:30,24.9,78.0
2026-07-19 21:36:50,24.9,77.9
2026-07-19 21:37:10,24.9,77.9
2026-07-19 21:37:30,24.9,77.8
2026-07-19 21:37:50,24.9,77.7
2026-07-19 21:38:10,24.9,77.5
2026-07-19 21:38:30,24.9,77.5
2026-07-19 21:38:50,24.9,77.5
2026-07-19 21:39:10,24.9,77.5
2026-07-19 21:39:30,24.9,77.4
2026-07-19 21:39:50,24.9,77.3
2026-07-19 21:40:10,24.9,77.3
2026-07-19 21:40:30,24.9,77.3
2026-07-19 21:40:50,24.9,77.2
2026-07-19 21:41:10,24.9,77.2
2026-07-19 21:41:31,24.9,77.1
2026-07-19 21:41:50,24.8,77.1
2026-07-19 21:42:11,24.9,77.0
2026-07-19 21:42:31,24.9,77.1
2026-07-19 21:42:51,24.9,77.0
2026-07-19 21:43:11,24.9,76.9
2026-07-19 21:43:31,24.9,76.9
2026-07-19 21:43:51,24.8,76.9
2026-07-19 21:44:11,24.9,76.9
2026-07-19 21:44:31,24.8,76.9
2026-07-19 21:44:51,24.9,77.0
2026-07-19 21:45:11,24.9,77.0
2026-07-19 21:45:31,24.8,76.9
2026-07-19 21:45:51,24.8,76.9
2026-07-19 21:46:11,24.8,76.8
2026-07-19 21:46:31,24.8,76.8
2026-07-19 21:46:51,24.8,76.8
2026-07-19 21:47:11,24.8,76.7
2026-07-19 21:47:31,24.8,76.6
2026-07-19 21:47:51,24.8,76.6
2026-07-19 21:48:11,24.8,76.6
2026-07-19 21:48:31,24.8,76.5
2026-07-19 21:48:51,24.8,76.5
2026-07-19 21:49:11,24.8,76.4
2026-07-19 21:49:31,24.8,76.4
2026-07-19 21:49:51,24.8,76.4
2026-07-19 21:50:11,24.8,76.2
2026-07-19 21:50:31,24.8,76.2
2026-07-19 21:50:51,24.8,76.1
2026-07-19 21:51:11,24.8,76.1
2026-07-19 21:51:31,24.8,76.0
2026-07-19 21:51:51,24.8,76.1
2026-07-19 21:52:11,24.8,76.1
2026-07-19 21:52:31,24.8,76.1
2026-07-19 21:52:51,24.8,76.0
2026-07-19 21:53:11,24.8,76.1
2026-07-19 21:53:31,24.8,76.1
2026-07-19 21:53:51,24.8,76.0
2026-07-19 21:54:11,24.8,76.0
2026-07-19 21:54:31,24.8,76.0
2026-07-19 21:54:51,24.8,76.1
2026-07-19 21:55:11,24.8,76.0
2026-07-19 21:55:31,24.8,76.1
2026-07-19 21:55:51,24.8,76.0
2026-07-19 21:56:11,24.8,75.9
2026-07-19 21:56:31,24.8,75.9
2026-07-19 21:56:51,24.8,76.0
2026-07-19 21:57:11,24.7,76.0
2026-07-19 21:57:31,24.7,76.0
2026-07-19 21:57:51,24.7,76.1
2026-07-19 21:58:11,24.7,76.1
2026-07-19 21:58:31,24.7,76.0
2026-07-19 21:58:52,24.7,76.0
2026-07-19 21:59:11,24.7,76.1
2026-07-19 21:59:32,24.7,76.2
2026-07-19 21:59:52,24.7,76.2
2026-07-19 22:00:12,24.6,76.0
2026-07-19 22:00:32,24.6,76.0
2026-07-19 22:00:52,24.6,76.0
2026-07-19 22:01:12,24.6,76.0
2026-07-19 22:01:32,24.6,76.3
2026-07-19 22:01:52,24.6,76.3
2026-07-19 22:02:12,24.6,76.2
2026-07-19 22:02:32,24.6,76.1
2026-07-19 22:02:52,24.6,76.0
2026-07-19 22:03:12,24.6,76.0
2026-07-19 22:03:32,24.6,75.9
2026-07-19 22:03:52,24.7,75.9
2026-07-19 22:04:12,24.6,75.8
2026-07-19 22:04:32,24.7,75.9
2026-07-19 22:04:52,24.7,75.8
2026-07-19 22:05:12,24.6,75.8
2026-07-19 22:05:32,24.7,75.8
2026-07-19 22:05:52,24.7,75.8
2026-07-19 22:06:12,24.7,75.8
2026-07-19 22:06:32,24.7,75.7
2026-07-19 22:06:52,24.7,75.7
2026-07-19 22:07:12,24.7,75.7
2026-07-19 22:07:32,24.7,75.6
2026-07-19 22:07:52,24.7,75.6
2026-07-19 22:08:12,24.7,75.6
2026-07-19 22:08:32,24.7,75.6
2026-07-19 22:08:52,24.7,75.5
2026-07-19 22:09:12,24.7,75.5
2026-07-19 22:09:32,24.7,75.4
2026-07-19 22:09:52,24.7,75.4
2026-07-19 22:10:12,24.7,75.4
2026-07-19 22:10:32,24.7,75.3
2026-07-19 22:10:52,24.7,75.3
2026-07-19 22:11:12,24.7,75.2
2026-07-19 22:11:32,24.7,75.2
2026-07-19 22:11:52,24.7,75.2
2026-07-19 22:12:12,24.7,75.2
2026-07-19 22:12:32,24.7,75.1
2026-07-19 22:12:52,24.7,75.0
2026-07-19 22:13:12,24.7,74.9
2026-07-19 22:13:32,24.7,75.1
2026-07-19 22:13:52,24.7,75.2
2026-07-19 22:14:12,24.7,75.3
2026-07-19 22:14:32,24.7,75.2
2026-07-19 22:14:52,24.7,75.2
2026-07-19 22:15:12,24.7,75.1
2026-07-19 22:15:32,24.7,
2026-07-19 22:15:33,,75.1
2026-07-19 22:15:53,24.7,75.2
2026-07-19 22:16:13,24.6,75.3
2026-07-19 22:16:32,24.7,
2026-07-19 22:16:33,,75.3
2026-07-19 22:16:53,24.7,75.3
2026-07-19 22:17:13,24.7,75.2
2026-07-19 22:17:33,24.6,75.1
2026-07-19 22:17:53,24.6,75.1
2026-07-19 22:18:13,24.5,75.2
2026-07-19 22:18:33,24.5,75.3
2026-07-19 22:18:53,24.5,75.4
2026-07-19 22:19:13,24.5,75.5
2026-07-19 22:19:33,24.5,75.5
2026-07-19 22:19:53,24.5,75.6
2026-07-19 22:20:13,24.5,75.6
2026-07-19 22:20:33,24.6,75.6
2026-07-19 22:20:53,24.6,75.6
2026-07-19 22:21:14,24.6,75.7
2026-07-19 22:21:33,24.6,75.6
2026-07-19 22:21:53,24.6,75.5
2026-07-19 22:22:13,24.6,75.5
2026-07-19 22:22:33,24.6,75.5
2026-07-19 22:22:53,24.6,75.4
2026-07-19 22:23:13,24.7,75.5
2026-07-19 22:23:33,24.7,75.5
2026-07-19 22:23:53,24.7,75.5
2026-07-19 22:24:13,24.7,75.4
2026-07-19 22:24:33,24.7,75.4
2026-07-19 22:24:53,24.7,75.4
2026-07-19 22:25:13,24.7,75.3
2026-07-19 22:25:33,24.7,75.4
2026-07-19 22:25:53,24.7,75.4
2026-07-19 22:26:13,24.7,75.4
2026-07-19 22:26:33,24.7,75.5
2026-07-19 22:26:53,24.7,75.6
2026-07-19 22:27:13,24.7,75.7
2026-07-19 22:27:33,24.7,75.7
2026-07-19 22:27:53,24.7,75.7
2026-07-19 22:28:13,24.7,75.6
2026-07-19 22:28:33,24.7,
2026-07-19 22:28:34,,75.7
2026-07-19 22:28:53,24.7,75.6
2026-07-19 22:29:13,24.7,75.6
2026-07-19 22:29:34,24.8,75.6
2026-07-19 22:29:54,24.7,75.6
2026-07-19 22:30:14,24.8,75.6
2026-07-19 22:30:34,24.7,75.6
2026-07-19 22:30:54,24.8,75.6
2026-07-19 22:31:14,24.8,75.6
2026-07-19 22:31:34,24.8,75.5
2026-07-19 22:31:54,24.8,75.5
2026-07-19 22:32:14,24.8,75.5
2026-07-19 22:32:34,24.8,75.5
2026-07-19 22:32:54,24.8,75.6
2026-07-19 22:33:14,24.8,75.6
2026-07-19 22:33:34,24.8,75.6
2026-07-19 22:33:54,24.8,75.6
2026-07-19 22:34:14,24.8,75.6
2026-07-19 22:34:34,24.8,75.7
2026-07-19 22:34:54,24.8,75.6
2026-07-19 22:35:14,24.8,75.6
2026-07-19 22:35:34,24.8,75.6
2026-07-19 22:35:54,24.8,75.6
2026-07-19 22:36:14,24.8,75.6
2026-07-19 22:36:34,24.8,75.6
2026-07-19 22:36:54,24.8,75.5
2026-07-19 22:37:14,24.8,75.5
2026-07-19 22:37:35,24.8,75.6
2026-07-19 22:37:54,24.8,75.5
2026-07-19 22:38:14,24.8,75.6
2026-07-19 22:38:34,24.8,75.6
2026-07-19 22:38:54,24.8,75.6
2026-07-19 22:39:14,24.8,75.7
2026-07-19 22:39:34,24.8,75.7
2026-07-19 22:39:54,24.8,75.7
2026-07-19 22:40:14,24.8,75.8
2026-07-19 22:40:34,24.8,75.7
2026-07-19 22:40:54,24.8,75.7
2026-07-19 22:41:14,24.8,75.7
2026-07-19 22:41:34,24.8,75.8
2026-07-19 22:41:54,24.8,75.8
2026-07-19 22:42:14,24.7,75.7
2026-07-19 22:42:35,24.7,75.8
2026-07-19 22:42:54,24.7,
2026-07-19 22:42:55,,75.8
2026-07-19 22:43:14,24.7,75.8
2026-07-19 22:43:35,24.7,75.9
2026-07-19 22:43:55,24.7,76.0
2026-07-19 22:44:16,24.7,76.0
2026-07-19 22:44:35,24.7,76.1
2026-07-19 22:44:55,24.7,76.1
2026-07-19 22:45:15,24.7,76.0
2026-07-19 22:45:35,24.7,76.1
2026-07-19 22:45:55,24.6,76.1
2026-07-19 22:46:15,24.6,76.1
2026-07-19 22:46:35,24.6,76.2
2026-07-19 22:46:55,24.6,76.2
2026-07-19 22:47:15,24.6,76.2
2026-07-19 22:47:35,24.6,76.3
2026-07-19 22:47:55,24.6,76.2
2026-07-19 22:48:15,24.6,76.3
2026-07-19 22:48:35,24.6,76.3
2026-07-19 22:48:55,24.6,76.2
2026-07-19 22:49:15,24.6,76.2
2026-07-19 22:49:35,24.6,76.2
2026-07-19 22:49:56,24.6,76.1
2026-07-19 22:50:15,24.6,76.1
2026-07-19 22:50:35,24.5,76.3
2026-07-19 22:50:55,24.5,76.4
2026-07-19 22:51:15,24.5,76.5
2026-07-19 22:51:35,24.5,76.6
2026-07-19 22:51:55,24.5,76.8
2026-07-19 22:52:15,24.4,76.9
2026-07-19 22:52:35,24.4,77.0
2026-07-19 22:52:55,24.4,77.1
2026-07-19 22:53:15,24.4,77.2
2026-07-19 22:53:35,24.4,77.2
2026-07-19 22:53:55,24.4,77.3
2026-07-19 22:54:15,24.3,77.4
2026-07-19 22:54:35,24.3,77.6
2026-07-19 22:54:55,24.3,77.7
2026-07-19 22:55:15,24.3,77.7
2026-07-19 22:55:35,24.3,77.8
2026-07-19 22:55:56,24.3,77.8
2026-07-19 22:56:16,24.3,78.0
2026-07-19 22:56:36,24.3,78.1
2026-07-19 22:56:56,24.3,78.0
2026-07-19 22:57:16,24.3,78.0
2026-07-19 22:57:36,24.3,78.0
2026-07-19 22:57:56,24.4,78.0
2026-07-19 22:58:16,24.4,77.9
2026-07-19 22:58:36,24.4,77.9
2026-07-19 22:58:56,24.4,77.8
2026-07-19 22:59:16,24.4,77.8
2026-07-19 22:59:36,24.5,77.8
2026-07-19 22:59:56,24.4,77.7
2026-07-19 23:00:16,24.4,77.8
2026-07-19 23:00:36,24.5,77.8
2026-07-19 23:00:56,24.5,77.7
2026-07-19 23:01:16,24.5,77.7
2026-07-19 23:01:36,24.5,77.6
2026-07-19 23:01:56,24.5,77.6
2026-07-19 23:02:16,24.5,77.6
2026-07-19 23:02:36,24.5,77.5
2026-07-19 23:02:56,24.5,77.4
2026-07-19 23:03:16,24.5,77.4
2026-07-19 23:03:36,24.4,77.4
2026-07-19 23:03:56,24.4,77.5
2026-07-19 23:04:16,24.4,77.6
2026-07-19 23:04:36,24.4,77.6
2026-07-19 23:04:56,24.4,77.6
2026-07-19 23:05:16,24.4,77.6
2026-07-19 23:05:36,24.4,77.4
2026-07-19 23:05:56,24.4,77.3
2026-07-19 23:06:16,24.4,77.5
2026-07-19 23:06:36,24.4,77.6
2026-07-19 23:06:56,24.5,77.6
2026-07-19 23:07:16,24.5,77.5
2026-07-19 23:07:36,24.5,77.4
2026-07-19 23:07:56,24.6,77.4
2026-07-19 23:08:16,24.6,77.2
2026-07-19 23:08:36,24.6,77.1
2026-07-19 23:08:56,24.6,77.1
2026-07-19 23:09:16,24.6,77.0
2026-07-19 23:09:36,24.7,76.9
2026-07-19 23:09:57,24.7,76.8
2026-07-19 23:10:16,24.7,76.7
2026-07-19 23:10:37,24.7,76.6
2026-07-19 23:10:57,24.7,76.7
2026-07-19 23:11:17,24.7,76.6
2026-07-19 23:11:37,24.7,76.6
2026-07-19 23:11:57,24.7,76.5
2026-07-19 23:12:17,24.7,76.4
2026-07-19 23:12:37,24.6,76.4
2026-07-19 23:12:57,24.6,76.5
2026-07-19 23:13:17,24.6,76.6
2026-07-19 23:13:37,24.6,76.6
2026-07-19 23:13:57,24.6,76.6
2026-07-19 23:14:17,24.6,76.6
2026-07-19 23:14:37,24.6,76.6
2026-07-19 23:14:57,24.6,76.6
2026-07-19 23:15:17,24.6,76.6
2026-07-19 23:15:37,24.6,76.5
2026-07-19 23:15:57,24.6,76.6
2026-07-19 23:16:17,24.6,76.5
2026-07-19 23:16:37,24.6,76.5
2026-07-19 23:16:57,24.6,76.5
2026-07-19 23:17:17,24.5,76.5
2026-07-19 23:17:37,24.5,76.5
2026-07-19 23:17:57,24.5,76.6
2026-07-19 23:18:17,24.5,76.7
2026-07-19 23:18:39,24.5,76.8
2026-07-19 23:18:57,24.5,76.8
2026-07-19 23:19:17,24.5,76.8
2026-07-19 23:19:37,24.5,76.7
2026-07-19 23:19:57,24.5,76.8
2026-07-19 23:20:17,24.5,76.8
2026-07-19 23:20:37,24.5,76.8
2026-07-19 23:20:57,24.6,76.7
2026-07-19 23:21:17,24.6,76.6
2026-07-19 23:21:37,24.6,76.5
2026-07-19 23:21:57,24.6,76.5
2026-07-19 23:22:17,24.6,76.3
2026-07-19 23:22:37,24.6,76.3
2026-07-19 23:22:57,24.5,76.3
2026-07-19 23:23:17,24.4,76.3
2026-07-19 23:23:37,24.4,76.5
2026-07-19 23:23:57,24.4,76.7
2026-07-19 23:24:17,24.4,76.7
2026-07-19 23:24:37,24.4,76.8
2026-07-19 23:24:57,24.5,76.9
2026-07-19 23:25:18,24.4,76.9
2026-07-19 23:25:37,24.5,76.8
2026-07-19 23:25:58,24.5,76.7
2026-07-19 23:26:18,24.5,76.6
2026-07-19 23:26:38,24.5,76.6
2026-07-19 23:26:58,24.5,76.5
2026-07-19 23:27:18,24.5,76.5
2026-07-19 23:27:38,24.5,76.5
2026-07-19 23:27:58,24.5,76.5
2026-07-19 23:28:18,24.5,76.5
2026-07-19 23:28:38,24.5,76.5
2026-07-19 23:28:58,24.4,76.5
2026-07-19 23:29:18,24.4,76.6
2026-07-19 23:29:38,24.3,76.8
2026-07-19 23:29:58,24.2,77.0
2026-07-19 23:30:18,24.2,77.2
2026-07-19 23:30:38,24.2,77.2
2026-07-19 23:30:58,24.2,77.4
2026-07-19 23:31:18,24.2,77.5
2026-07-19 23:31:38,24.2,77.5
2026-07-19 23:31:58,24.2,77.4
2026-07-19 23:32:18,24.3,77.3
2026-07-19 23:32:38,24.3,77.3
2026-07-19 23:32:58,24.2,77.3
2026-07-19 23:33:18,24.2,77.3
2026-07-19 23:33:38,24.3,77.5
2026-07-19 23:33:58,24.3,77.5
2026-07-19 23:34:18,24.3,77.4
2026-07-19 23:34:38,24.4,77.3
2026-07-19 23:34:58,24.4,77.3
2026-07-19 23:35:18,24.4,77.3
2026-07-19 23:35:38,24.4,77.2
2026-07-19 23:35:58,24.4,77.2
2026-07-19 23:36:18,24.4,77.1
2026-07-19 23:36:38,24.5,77.1
2026-07-19 23:36:58,24.5,77.1
2026-07-19 23:37:18,24.5,77.0
2026-07-19 23:37:38,24.5,77.1
2026-07-19 23:37:58,24.5,77.1
2026-07-19 23:38:18,24.4,77.1
2026-07-19 23:38:39,24.4,77.1
2026-07-19 23:38:58,24.5,77.1
2026-07-19 23:39:19,24.5,77.2
2026-07-19 23:39:39,24.5,77.2
2026-07-19 23:39:58,24.5,77.1
2026-07-19 23:40:19,24.5,77.2
2026-07-19 23:40:39,24.5,77.2
2026-07-19 23:40:59,24.4,77.3
2026-07-19 23:41:19,24.4,77.3
2026-07-19 23:41:39,24.4,77.4
2026-07-19 23:41:59,24.3,77.5
2026-07-19 23:42:19,24.4,77.6
2026-07-19 23:42:39,24.4,77.6
2026-07-19 23:42:59,24.4,77.7
2026-07-19 23:43:19,24.4,77.6
2026-07-19 23:43:39,24.4,77.7
2026-07-19 23:43:59,24.4,77.7
2026-07-19 23:44:19,24.4,77.7
2026-07-19 23:44:39,24.4,77.8
2026-07-19 23:44:59,24.4,77.7
2026-07-19 23:45:19,24.4,77.7
2026-07-19 23:45:39,24.5,77.7
2026-07-19 23:45:59,24.5,77.7
2026-07-19 23:46:19,24.5,77.6
2026-07-19 23:46:39,24.5,77.6
2026-07-19 23:46:59,24.5,77.6
2026-07-19 23:47:19,24.5,77.6
2026-07-19 23:47:39,24.4,77.5
2026-07-19 23:47:59,24.4,77.7
2026-07-19 23:48:19,24.4,77.7
2026-07-19 23:48:39,24.4,77.8
2026-07-19 23:48:59,24.3,77.9
2026-07-19 23:49:19,24.3,77.9
2026-07-19 23:49:39,24.4,78.0
2026-07-19 23:49:59,24.4,77.9
2026-07-19 23:50:19,24.4,77.9
2026-07-19 23:50:39,24.4,77.8
2026-07-19 23:50:59,24.4,77.8
2026-07-19 23:51:19,24.4,77.8
2026-07-19 23:51:39,24.4,77.8
2026-07-19 23:51:59,24.3,77.8
2026-07-19 23:52:19,24.3,
2026-07-19 23:52:20,,77.9
2026-07-19 23:52:39,24.3,77.9
2026-07-19 23:52:59,24.3,78.0
2026-07-19 23:53:19,24.3,78.1
2026-07-19 23:53:39,24.3,78.1
2026-07-19 23:53:59,24.3,78.1
2026-07-19 23:54:19,24.3,78.1
2026-07-19 23:54:39,24.3,78.1
2026-07-19 23:54:59,24.3,78.1
2026-07-19 23:55:19,24.3,78.2
2026-07-19 23:55:40,24.3,78.2
2026-07-19 23:55:59,24.3,
2026-07-19 23:56:00,,78.2
2026-07-19 23:56:20,24.3,78.2
2026-07-19 23:56:40,24.4,78.1
2026-07-19 23:57:00,24.4,78.0
2026-07-19 23:57:20,24.4,77.9
2026-07-19 23:57:40,24.4,77.8
2026-07-19 23:58:00,24.4,77.8
2026-07-19 23:58:20,24.4,78.1
2026-07-19 23:58:40,24.4,78.2
2026-07-19 23:59:00,24.3,78.3
2026-07-19 23:59:20,24.3,78.5
2026-07-19 23:59:40,24.3,78.5
2026-07-20 00:00:00,24.3,78.5
2026-07-20 00:00:20,24.3,78.4
2026-07-20 00:00:40,24.3,78.5
2026-07-20 00:01:00,24.3,78.5
2026-07-20 00:01:20,24.3,78.5
2026-07-20 00:01:40,24.3,78.5
2026-07-20 00:02:00,24.3,78.6
2026-07-20 00:02:20,24.3,78.5
2026-07-20 00:02:40,24.3,78.5
2026-07-20 00:03:00,24.3,78.5
2026-07-20 00:03:20,24.4,78.5
2026-07-20 00:03:40,24.3,78.5
2026-07-20 00:04:00,24.3,78.6
2026-07-20 00:04:20,24.2,78.7
2026-07-20 00:04:40,24.1,78.8
2026-07-20 00:05:00,24.1,78.9
2026-07-20 00:05:20,24.1,79.0
2026-07-20 00:06:17,24.1,79.1
2026-07-20 00:06:20,24.1,79.1
2026-07-20 00:06:40,24.2,79.0
2026-07-20 00:07:00,24.2,79.0
2026-07-20 00:07:20,24.1,79.1
2026-07-20 00:07:40,24.1,79.0
2026-07-20 00:08:00,24.1,79.1
2026-07-20 00:08:20,24.1,79.2
2026-07-20 00:08:40,24.1,79.2
2026-07-20 00:09:00,24.1,79.3
2026-07-20 00:09:20,24.1,79.2
2026-07-20 00:09:40,24.1,79.2
2026-07-20 00:10:00,24.1,79.2
2026-07-20 00:10:20,24.2,79.1
2026-07-20 00:10:40,24.2,79.1
2026-07-20 00:11:00,24.2,79.1
2026-07-20 00:11:20,24.2,79.0
2026-07-20 00:11:40,24.2,79.1
2026-07-20 00:12:00,24.2,79.0
2026-07-20 00:12:20,24.2,79.0
2026-07-20 00:12:40,24.2,79.0
2026-07-20 00:13:01,24.1,79.0
2026-07-20 00:13:21,24.1,79.0
2026-07-20 00:13:41,24.1,79.0
2026-07-20 00:14:01,24.2,79.1
2026-07-20 00:14:21,24.2,79.0
2026-07-20 00:14:41,24.2,79.0
2026-07-20 00:15:01,24.2,79.0
2026-07-20 00:15:21,24.2,79.0
2026-07-20 00:15:41,24.2,79.0
2026-07-20 00:16:01,24.2,79.0
2026-07-20 00:16:21,24.2,79.0
2026-07-20 00:16:41,24.2,79.0
2026-07-20 00:17:01,24.2,79.0
2026-07-20 00:17:21,24.2,78.9
2026-07-20 00:17:41,24.2,78.9
2026-07-20 00:18:01,24.2,78.9
2026-07-20 00:18:21,24.2,78.8
2026-07-20 00:18:41,24.2,78.8
2026-07-20 00:19:01,24.2,78.9
2026-07-20 00:19:21,24.2,78.9
2026-07-20 00:19:41,24.2,78.8
2026-07-20 00:20:01,24.2,78.9
2026-07-20 00:20:21,24.2,78.8
2026-07-20 00:20:41,24.2,78.9
2026-07-20 00:21:01,24.2,78.9
2026-07-20 00:21:21,24.1,79.0
2026-07-20 00:21:41,24.1,79.0
2026-07-20 00:22:01,24.1,79.1
2026-07-20 00:22:21,24.1,79.1
2026-07-20 00:22:41,24.1,79.2
2026-07-20 00:23:01,24.1,79.1
2026-07-20 00:23:21,24.2,79.1
2026-07-20 00:23:41,24.2,79.0
2026-07-20 00:24:01,24.2,79.0
2026-07-20 00:24:21,24.2,79.0
2026-07-20 00:24:41,24.2,78.9
2026-07-20 00:25:01,24.2,78.9
2026-07-20 00:25:21,24.3,79.1
2026-07-20 00:25:41,24.2,79.1
2026-07-20 00:26:01,24.2,79.2
2026-07-20 00:26:21,24.2,79.2
2026-07-20 00:26:41,24.3,79.2
2026-07-20 00:27:01,24.3,79.1
2026-07-20 00:27:21,24.3,79.0
2026-07-20 00:27:41,24.3,78.9
2026-07-20 00:28:01,24.3,78.8
2026-07-20 00:28:21,24.3,78.9
2026-07-20 00:28:41,24.3,78.9
2026-07-20 00:29:01,24.2,78.9
2026-07-20 00:29:23,24.2,79.1
2026-07-20 00:29:42,24.2,79.3
2026-07-20 00:30:02,24.2,79.5
2026-07-20 00:30:22,24.2,79.5
2026-07-20 00:30:42,24.2,79.6
2026-07-20 00:31:02,24.2,79.6
2026-07-20 00:31:22,24.3,79.6
2026-07-20 00:31:42,24.3,79.6
2026-07-20 00:32:02,24.3,79.5
2026-07-20 00:32:22,24.3,79.4
2026-07-20 00:32:42,24.3,79.3
2026-07-20 00:33:02,24.3,79.2
2026-07-20 00:33:22,24.3,79.5
2026-07-20 00:33:42,24.3,79.6
2026-07-20 00:34:02,24.3,79.7
2026-07-20 00:34:22,24.3,79.8
2026-07-20 00:34:42,24.3,79.7
2026-07-20 00:35:02,24.4,79.7
2026-07-20 00:35:22,24.4,79.7
2026-07-20 00:35:42,24.4,79.5
2026-07-20 00:36:02,24.4,79.5
2026-07-20 00:36:22,24.4,79.5
2026-07-20 00:36:42,24.4,79.5
2026-07-20 00:37:02,24.4,79.4
2026-07-20 00:37:22,24.4,79.4
2026-07-20 00:37:42,24.4,79.5
2026-07-20 00:38:02,24.4,79.5
2026-07-20 00:38:23,24.4,79.5
2026-07-20 00:38:42,24.5,79.5
2026-07-20 00:39:02,24.5,79.6
2026-07-20 00:39:22,24.5,79.6
2026-07-20 00:39:42,24.4,79.7
2026-07-20 00:40:02,24.4,79.6
2026-07-20 00:40:22,24.4,79.5
2026-07-20 00:40:42,24.4,79.4
2026-07-20 00:41:02,24.5,79.5
2026-07-20 00:41:22,24.5,79.5
2026-07-20 00:41:42,24.5,79.4
2026-07-20 00:42:02,24.5,79.5
2026-07-20 00:42:22,24.4,79.6
2026-07-20 00:42:42,24.5,79.7
2026-07-20 00:43:02,24.4,79.8
2026-07-20 00:43:22,24.4,79.8
2026-07-20 00:43:42,24.5,79.8
2026-07-20 00:44:02,24.5,79.8
2026-07-20 00:44:22,24.5,79.8
2026-07-20 00:44:42,24.5,79.9
2026-07-20 00:45:03,24.5,79.9
2026-07-20 00:45:22,24.4,80.0
2026-07-20 00:45:42,24.4,80.1
2026-07-20 00:46:02,24.4,80.2
2026-07-20 00:46:23,24.3,80.4
2026-07-20 00:46:42,24.2,80.6
2026-07-20 00:47:03,24.2,80.7
2026-07-20 00:47:23,24.2,80.7
2026-07-20 00:47:43,24.2,80.7
2026-07-20 00:48:03,24.3,80.6
2026-07-20 00:48:23,24.3,80.7
2026-07-20 00:48:43,24.3,80.8
2026-07-20 00:49:03,24.3,80.9
2026-07-20 00:49:23,24.2,80.9
2026-07-20 00:49:43,24.2,81.0
2026-07-20 00:50:03,24.2,81.1
2026-07-20 00:50:23,24.1,81.3
2026-07-20 00:50:43,24.1,81.4
2026-07-20 00:51:03,24.1,81.5
2026-07-20 00:51:23,24.1,81.6
2026-07-20 00:51:43,24.1,81.6
2026-07-20 00:52:03,24.1,81.6
2026-07-20 00:52:23,24.1,81.5
2026-07-20 00:52:43,24.2,81.4
2026-07-20 00:53:03,24.2,81.4
2026-07-20 00:53:23,24.2,81.3
2026-07-20 00:53:43,24.2,81.3
2026-07-20 00:54:03,24.2,81.3
2026-07-20 00:54:23,24.2,81.4
2026-07-20 00:54:43,24.1,81.4
2026-07-20 00:55:03,24.1,81.4
2026-07-20 00:55:23,24.1,81.4
2026-07-20 00:55:43,24.2,81.3
2026-07-20 00:56:03,24.2,81.2
2026-07-20 00:56:23,24.2,81.1
2026-07-20 00:56:43,24.2,81.0
2026-07-20 00:57:03,24.3,81.0
2026-07-20 00:57:23,24.3,81.0
2026-07-20 00:57:43,24.3,81.0
2026-07-20 00:58:03,24.3,81.1
2026-07-20 00:58:23,24.4,81.0
2026-07-20 00:58:43,24.4,80.9
2026-07-20 00:59:03,24.4,80.8
2026-07-20 00:59:23,24.4,80.7
2026-07-20 00:59:43,24.4,80.6
2026-07-20 01:00:03,24.5,80.5
2026-07-20 01:00:23,24.5,80.3
2026-07-20 01:00:43,24.5,80.3
2026-07-20 01:01:03,24.5,80.4
2026-07-20 01:01:23,24.4,80.5
2026-07-20 01:01:43,24.4,80.6
2026-07-20 01:02:03,24.4,80.6
2026-07-20 01:02:23,24.4,80.7
2026-07-20 01:02:43,24.3,80.7
2026-07-20 01:03:03,24.3,80.7
2026-07-20 01:03:23,24.3,80.7
2026-07-20 01:03:43,24.4,80.7
2026-07-20 01:04:03,24.4,80.6
2026-07-20 01:04:23,24.4,80.7
2026-07-20 01:04:43,24.4,80.7
2026-07-20 01:05:04,24.4,80.7
2026-07-20 01:05:24,24.4,80.7
2026-07-20 01:05:44,24.4,80.8
2026-07-20 01:06:04,24.4,80.7
2026-07-20 01:06:24,24.5,80.6
2026-07-20 01:06:44,24.5,80.6
2026-07-20 01:07:04,24.5,80.5
2026-07-20 01:07:24,24.5,80.4
2026-07-20 01:07:44,24.5,80.4
2026-07-20 01:08:04,24.4,80.4
2026-07-20 01:08:24,24.5,80.4
2026-07-20 01:08:44,24.5,80.5
2026-07-20 01:09:04,24.5,80.4
2026-07-20 01:09:24,24.5,80.5
2026-07-20 01:09:44,24.5,80.5
2026-07-20 01:10:04,24.5,80.5
2026-07-20 01:10:24,24.4,80.7
2026-07-20 01:10:44,24.4,80.7
2026-07-20 01:11:04,24.4,80.7
2026-07-20 01:11:24,24.4,80.7
2026-07-20 01:11:44,24.4,80.6
2026-07-20 01:12:04,24.4,80.6
2026-07-20 01:12:24,24.4,80.6
2026-07-20 01:12:44,24.4,80.6
2026-07-20 01:13:04,24.4,80.7
2026-07-20 01:13:24,24.4,80.7
2026-07-20 01:13:44,24.4,80.7
2026-07-20 01:14:04,24.4,80.7
2026-07-20 01:14:24,24.4,80.6
2026-07-20 01:14:44,24.4,80.6
2026-07-20 01:15:04,24.4,80.6
2026-07-20 01:15:24,24.4,80.6
2026-07-20 01:15:44,24.4,80.6
2026-07-20 01:16:04,24.4,80.6
2026-07-20 01:16:24,24.3,80.7
2026-07-20 01:16:44,24.3,80.8
2026-07-20 01:17:04,24.2,80.9
2026-07-20 01:17:24,24.2,81.0
2026-07-20 01:17:44,24.2,81.1
2026-07-20 01:18:04,24.1,81.3
2026-07-20 01:18:24,24.1,81.4
2026-07-20 01:18:44,24.1,81.4
2026-07-20 01:19:04,24.1,81.4
2026-07-20 01:19:24,24.1,81.4
2026-07-20 01:19:44,24.2,81.3
2026-07-20 01:20:04,24.2,81.3
2026-07-20 01:20:24,24.2,81.2
2026-07-20 01:20:44,24.2,81.3
2026-07-20 01:21:04,24.2,81.2
2026-07-20 01:21:24,24.2,81.2
2026-07-20 01:21:44,24.3,81.1
2026-07-20 01:22:05,24.3,81.1
2026-07-20 01:22:25,24.3,80.9
2026-07-20 01:22:45,24.3,80.8
2026-07-20 01:23:05,24.3,80.8
2026-07-20 01:23:25,24.3,80.8
2026-07-20 01:23:45,24.3,80.7
2026-07-20 01:24:05,24.3,80.7
2026-07-20 01:24:25,24.3,80.7
2026-07-20 01:24:45,24.3,80.7
2026-07-20 01:25:05,24.4,80.6
2026-07-20 01:25:25,24.3,80.5
2026-07-20 01:25:45,24.4,80.5
2026-07-20 01:26:05,24.3,80.6
2026-07-20 01:26:25,24.3,80.6
2026-07-20 01:26:45,24.3,80.6
2026-07-20 01:27:05,24.3,80.7
2026-07-20 01:27:25,24.3,80.8
2026-07-20 01:27:45,24.3,80.8
2026-07-20 01:28:05,24.3,80.8
2026-07-20 01:28:25,24.3,80.7
2026-07-20 01:28:45,24.3,80.6
2026-07-20 01:29:05,24.3,80.7
2026-07-20 01:29:25,24.3,80.6
2026-07-20 01:29:45,24.3,80.6
2026-07-20 01:30:05,24.3,80.6
2026-07-20 01:30:25,24.4,80.6
2026-07-20 01:30:45,24.3,80.6
2026-07-20 01:31:05,24.4,80.5
2026-07-20 01:31:25,24.4,80.5
2026-07-20 01:31:45,24.3,80.6
2026-07-20 01:32:05,24.3,80.7
2026-07-20 01:32:25,24.3,80.7
2026-07-20 01:32:45,24.2,80.8
2026-07-20 01:33:05,24.2,80.8
2026-07-20 01:33:25,24.2,80.9
2026-07-20 01:33:45,24.2,80.9
2026-07-20 01:34:05,24.2,80.9
2026-07-20 01:34:25,24.2,80.9
2026-07-20 01:34:45,24.2,80.9
2026-07-20 01:35:05,24.2,80.9
2026-07-20 01:35:25,24.3,80.8
2026-07-20 01:35:45,24.3,80.9
2026-07-20 01:36:05,24.3,80.9
2026-07-20 01:36:25,24.3,80.9
2026-07-20 01:36:45,24.2,80.9
2026-07-20 01:37:05,24.2,80.8
2026-07-20 01:37:25,24.2,80.9
2026-07-20 01:37:45,24.2,80.9
2026-07-20 01:38:05,24.3,80.9
2026-07-20 01:38:25,24.3,80.8
2026-07-20 01:38:45,24.3,80.8
2026-07-20 01:39:05,24.3,80.7
2026-07-20 01:39:26,24.3,80.7
2026-07-20 01:39:46,24.3,80.6
2026-07-20 01:40:06,24.3,80.6
2026-07-20 01:40:26,24.3,80.7
2026-07-20 01:40:46,24.3,80.7
2026-07-20 01:41:06,24.3,80.7
2026-07-20 01:41:26,24.3,80.7
2026-07-20 01:41:46,24.3,80.7
2026-07-20 01:42:06,24.3,80.8
2026-07-20 01:42:26,24.3,80.7
2026-07-20 01:42:46,24.2,80.7
2026-07-20 01:43:06,24.2,80.8
2026-07-20 01:43:26,24.2,80.9
2026-07-20 01:43:46,24.2,80.8
2026-07-20 01:44:06,24.2,80.8
2026-07-20 01:44:26,24.2,80.9
2026-07-20 01:44:46,24.2,80.9
2026-07-20 01:45:06,24.2,80.8
2026-07-20 01:45:26,24.2,80.8
2026-07-20 01:45:46,24.2,80.8
2026-07-20 01:46:06,24.2,80.9
2026-07-20 01:46:26,24.2,80.9
2026-07-20 01:46:46,24.1,81.0
2026-07-20 01:47:06,24.1,81.0
2026-07-20 01:47:26,24.1,81.0
2026-07-20 01:47:46,24.1,81.2
2026-07-20 01:48:06,24.0,81.2
2026-07-20 01:48:26,24.1,81.2
2026-07-20 01:48:46,24.1,81.2
2026-07-20 01:49:06,24.1,81.2
2026-07-20 01:49:26,24.1,81.1
2026-07-20 01:49:46,24.1,81.1
2026-07-20 01:50:06,24.2,81.2
2026-07-20 01:50:26,24.2,81.2
2026-07-20 01:50:46,24.2,81.3
2026-07-20 01:51:06,24.2,81.2
2026-07-20 01:51:26,24.2,81.1
2026-07-20 01:51:46,24.2,81.1
2026-07-20 01:52:06,24.2,81.0
2026-07-20 01:52:26,24.3,80.9
2026-07-20 01:52:46,24.3,80.9
2026-07-20 01:53:06,24.2,80.9
2026-07-20 01:53:26,24.3,80.9
2026-07-20 01:53:46,24.3,80.8
2026-07-20 01:54:06,24.3,80.7
2026-07-20 01:54:26,24.3,80.7
2026-07-20 01:54:46,24.3,80.6
2026-07-20 01:55:06,24.3,80.7
2026-07-20 01:55:26,24.3,80.7
2026-07-20 01:55:46,24.3,80.7
2026-07-20 01:56:06,24.3,80.7
2026-07-20 01:56:26,24.3,80.7
2026-07-20 01:56:47,24.3,80.6
2026-07-20 01:57:07,24.3,80.7
2026-07-20 01:57:27,24.3,80.7
2026-07-20 01:57:47,24.3,80.7
2026-07-20 01:58:07,24.3,80.6
2026-07-20 01:58:27,24.3,80.6
2026-07-20 01:58:47,24.3,80.7
2026-07-20 01:59:07,24.3,80.7
2026-07-20 01:59:27,24.3,80.7
2026-07-20 01:59:47,24.3,80.6
2026-07-20 02:00:07,24.3,80.7
2026-07-20 02:00:27,24.3,80.7
2026-07-20 02:00:47,24.3,80.7
2026-07-20 02:01:07,24.3,80.6
2026-07-20 02:01:27,24.3,80.6
2026-07-20 02:01:47,24.3,80.6
2026-07-20 02:02:07,24.3,80.6
2026-07-20 02:02:27,24.3,80.6
2026-07-20 02:02:47,24.4,80.5
2026-07-20 02:03:07,24.4,80.4
2026-07-20 02:03:27,24.4,80.4
2026-07-20 02:03:47,24.4,80.3
2026-07-20 02:04:07,24.4,80.4
2026-07-20 02:04:27,24.4,80.4
2026-07-20 02:04:47,24.4,80.4
2026-07-20 02:05:07,24.4,80.4
2026-07-20 02:05:27,24.3,80.4
2026-07-20 02:05:47,24.3,80.5
2026-07-20 02:06:07,24.3,80.5
2026-07-20 02:06:27,24.3,80.6
2026-07-20 02:06:47,24.3,80.6
2026-07-20 02:07:07,24.3,80.6
2026-07-20 02:07:27,24.2,80.7
2026-07-20 02:07:47,24.2,80.7
2026-07-20 02:08:07,24.2,80.8
2026-07-20 02:08:27,24.2,80.9
2026-07-20 02:08:47,24.1,81.0
2026-07-20 02:09:07,24.1,81.1
2026-07-20 02:09:27,24.1,81.0
2026-07-20 02:09:47,24.1,81.0
2026-07-20 02:10:07,24.1,81.0
2026-07-20 02:10:27,24.1,81.0
2026-07-20 02:10:47,24.1,81.1
2026-07-20 02:11:07,24.2,81.0
2026-07-20 02:11:27,24.2,81.0
2026-07-20 02:11:47,24.2,80.9
2026-07-20 02:12:07,24.2,80.9
2026-07-20 02:12:27,24.2,80.9
2026-07-20 02:12:47,24.2,80.9
2026-07-20 02:13:07,24.1,80.9
2026-07-20 02:13:27,24.1,80.9
2026-07-20 02:13:47,24.0,81.1
2026-07-20 02:14:08,24.0,81.2
2026-07-20 02:14:28,23.9,81.4
2026-07-20 02:14:48,23.9,81.5
2026-07-20 02:15:08,23.9,81.6
2026-07-20 02:15:28,24.0,81.6
2026-07-20 02:15:48,24.0,81.6
2026-07-20 02:16:08,24.0,81.5
2026-07-20 02:16:28,23.9,81.5
2026-07-20 02:16:48,24.0,81.5
2026-07-20 02:17:08,23.9,81.5
2026-07-20 02:17:28,23.9,81.5
2026-07-20 02:17:48,23.9,81.6
2026-07-20 02:18:08,23.9,81.6
2026-07-20 02:18:28,23.9,81.6
2026-07-20 02:18:48,24.0,81.6
2026-07-20 02:19:08,24.0,81.5
2026-07-20 02:19:28,24.0,81.5
2026-07-20 02:19:48,24.0,81.5
2026-07-20 02:20:08,24.0,81.4
2026-07-20 02:20:28,24.0,81.4
2026-07-20 02:20:48,24.0,81.4
2026-07-20 02:21:08,23.9,81.5
2026-07-20 02:21:28,23.9,81.6
2026-07-20 02:21:48,23.8,81.8
2026-07-20 02:22:08,23.8,81.9
2026-07-20 02:22:28,23.8,81.8
2026-07-20 02:22:48,23.8,81.9
2026-07-20 02:23:08,23.8,81.9
2026-07-20 02:23:28,23.8,82.0
2026-07-20 02:23:48,23.8,81.9
2026-07-20 02:24:08,23.8,82.0
2026-07-20 02:24:28,23.7,82.0
2026-07-20 02:24:48,23.7,82.1
2026-07-20 02:25:08,23.7,82.1
2026-07-20 02:25:28,23.8,82.1
2026-07-20 02:25:48,23.8,82.0
2026-07-20 02:26:08,23.8,81.9
2026-07-20 02:26:28,23.9,81.8
2026-07-20 02:26:48,23.9,81.7
2026-07-20 02:27:08,23.9,81.6
2026-07-20 02:27:28,24.0,81.6
2026-07-20 02:27:48,24.0,81.6
2026-07-20 02:28:08,24.0,81.5
2026-07-20 02:28:28,24.0,81.4
2026-07-20 02:28:48,24.0,81.3
2026-07-20 02:29:08,24.1,81.3
2026-07-20 02:29:28,24.1,81.2
2026-07-20 02:29:48,24.1,81.3
2026-07-20 02:30:08,24.1,81.2
2026-07-20 02:30:28,24.1,81.1
2026-07-20 02:30:48,24.2,81.1
2026-07-20 02:31:08,24.1,81.1
2026-07-20 02:31:29,24.2,81.1
2026-07-20 02:31:49,24.2,81.1
2026-07-20 02:32:09,24.2,81.0
2026-07-20 02:32:29,24.2,80.9
2026-07-20 02:32:49,24.2,80.9
2026-07-20 02:33:09,24.2,80.9
2026-07-20 02:33:29,24.2,80.8
2026-07-20 02:33:49,24.2,80.6
2026-07-20 02:34:09,24.2,80.6
2026-07-20 02:34:29,24.2,80.4
2026-07-20 02:34:49,24.2,80.5
2026-07-20 02:35:09,24.2,80.4
2026-07-20 02:35:29,24.2,80.4
2026-07-20 02:35:49,24.2,80.4
2026-07-20 02:36:09,24.2,80.4
2026-07-20 02:36:29,24.2,80.4
2026-07-20 02:36:49,24.2,80.4
2026-07-20 02:37:09,24.2,80.4
2026-07-20 02:37:29,24.2,80.4
2026-07-20 02:37:49,24.2,80.4
2026-07-20 02:38:09,24.2,80.3
2026-07-20 02:38:29,24.2,80.3
2026-07-20 02:38:49,24.2,80.3
2026-07-20 02:39:09,24.2,80.3
2026-07-20 02:39:29,24.2,80.4
2026-07-20 02:39:49,24.2,80.3
2026-07-20 02:40:09,24.2,80.3
2026-07-20 02:40:29,24.2,80.3
2026-07-20 02:40:49,24.2,80.3
2026-07-20 02:41:09,24.2,80.3
2026-07-20 02:41:29,24.2,80.2
2026-07-20 02:41:49,24.2,80.2
2026-07-20 02:42:09,24.2,80.2
2026-07-20 02:42:29,24.2,80.2
2026-07-20 02:42:49,24.2,80.2
2026-07-20 02:43:09,24.2,80.2
2026-07-20 02:43:29,24.2,80.2
2026-07-20 02:43:49,24.2,80.3
2026-07-20 02:44:09,24.2,80.3
2026-07-20 02:44:29,24.2,80.3
2026-07-20 02:44:49,24.2,80.4
2026-07-20 02:45:09,24.2,80.4
2026-07-20 02:45:29,24.2,80.4
2026-07-20 02:45:49,24.2,80.4
2026-07-20 02:46:09,24.2,80.3
2026-07-20 02:46:29,24.2,80.2
2026-07-20 02:46:49,24.2,80.3
2026-07-20 02:47:09,24.2,80.3
2026-07-20 02:47:29,24.2,80.3
2026-07-20 02:47:49,24.2,80.3
2026-07-20 02:48:09,24.2,80.3
2026-07-20 02:48:29,24.2,80.4
2026-07-20 02:48:50,24.2,80.4
2026-07-20 02:49:10,24.2,80.4
2026-07-20 02:49:30,24.2,80.3
2026-07-20 02:49:50,24.2,80.4
2026-07-20 02:50:10,24.2,80.4
2026-07-20 02:50:30,24.2,80.4
2026-07-20 02:50:50,24.2,80.4
2026-07-20 02:51:10,24.2,80.4
2026-07-20 02:51:30,24.2,80.4
2026-07-20 02:51:50,24.2,80.4
2026-07-20 02:52:10,24.2,80.3
2026-07-20 02:52:30,24.2,80.3
2026-07-20 02:52:50,24.2,80.2
2026-07-20 02:53:10,24.2,80.3
2026-07-20 02:53:30,24.2,80.3
2026-07-20 02:53:50,24.2,80.3
2026-07-20 02:54:10,24.2,80.4
2026-07-20 02:54:30,24.2,80.4
2026-07-20 02:54:50,24.2,80.4
2026-07-20 02:55:10,24.2,80.4
2026-07-20 02:55:30,24.1,80.3
2026-07-20 02:55:50,24.1,80.4
2026-07-20 02:56:10,24.1,80.5
2026-07-20 02:56:30,24.1,80.5
2026-07-20 02:56:50,24.1,80.5
2026-07-20 02:57:10,24.1,80.5
2026-07-20 02:57:30,24.1,80.5
2026-07-20 02:57:50,24.0,80.6
2026-07-20 02:58:10,24.0,80.6
2026-07-20 02:58:30,24.0,80.7
2026-07-20 02:58:50,24.0,80.7
2026-07-20 02:59:10,24.0,80.7
2026-07-20 02:59:30,24.0,80.6
2026-07-20 02:59:50,24.0,80.6
2026-07-20 03:00:10,24.0,80.4
2026-07-20 03:00:30,24.0,80.1
2026-07-20 03:00:50,24.0,80.2
2026-07-20 03:01:10,24.0,80.3
2026-07-20 03:01:30,24.0,80.3
2026-07-20 03:01:50,24.0,80.3
2026-07-20 03:02:10,24.0,80.1
2026-07-20 03:02:30,24.0,79.9
2026-07-20 03:02:50,24.0,79.9
2026-07-20 03:03:10,24.0,80.0
2026-07-20 03:03:30,24.0,80.0
2026-07-20 03:03:50,24.0,79.9
2026-07-20 03:04:10,24.0,79.8
2026-07-20 03:04:30,24.0,79.7
2026-07-20 03:04:50,24.0,79.8
2026-07-20 03:05:10,24.0,79.8
2026-07-20 03:05:30,24.0,79.8
2026-07-20 03:05:50,24.0,79.8
2026-07-20 03:06:11,24.1,79.9
2026-07-20 03:06:31,24.0,79.7
2026-07-20 03:06:51,24.0,79.7
2026-07-20 03:07:11,24.0,79.8
2026-07-20 03:07:31,24.0,79.8
2026-07-20 03:07:51,24.0,79.8
2026-07-20 03:08:11,24.0,79.8
2026-07-20 03:08:31,24.0,79.8
2026-07-20 03:08:51,24.0,79.9
2026-07-20 03:09:11,24.0,79.9
2026-07-20 03:09:31,24.0,79.9
2026-07-20 03:09:51,24.0,79.8
2026-07-20 03:10:11,24.0,80.0
2026-07-20 03:10:31,24.0,80.0
2026-07-20 03:10:51,23.9,80.1
2026-07-20 03:11:11,23.9,80.1
2026-07-20 03:11:31,23.9,80.2
2026-07-20 03:11:51,23.9,80.3
2026-07-20 03:12:11,23.9,80.3
2026-07-20 03:12:31,23.9,80.4
2026-07-20 03:12:51,23.9,80.4
2026-07-20 03:13:11,23.9,80.4
2026-07-20 03:13:31,23.9,80.3
2026-07-20 03:13:51,23.9,80.3
2026-07-20 03:14:11,23.9,80.4
2026-07-20 03:14:31,24.0,80.3
2026-07-20 03:14:51,24.0,80.3
2026-07-20 03:15:11,24.0,80.2
2026-07-20 03:15:31,24.0,80.2
2026-07-20 03:15:51,24.0,80.1
2026-07-20 03:16:11,24.0,80.0
2026-07-20 03:16:31,24.0,79.9
2026-07-20 03:16:51,24.0,79.8
2026-07-20 03:17:11,24.0,79.8
2026-07-20 03:17:31,24.0,79.7
2026-07-20 03:17:51,24.0,79.5
2026-07-20 03:18:11,24.0,79.5
2026-07-20 03:18:31,24.0,79.6
2026-07-20 03:18:51,24.0,79.6
2026-07-20 03:19:11,24.0,79.6
2026-07-20 03:19:31,24.0,79.6
2026-07-20 03:19:51,24.0,79.5
2026-07-20 03:20:11,24.0,79.5
2026-07-20 03:20:31,24.0,79.4
2026-07-20 03:20:51,24.0,79.4
2026-07-20 03:21:11,24.0,79.4
2026-07-20 03:21:31,24.0,79.4
2026-07-20 03:21:51,24.0,79.4
2026-07-20 03:22:11,24.0,79.2
2026-07-20 03:22:31,24.0,79.2
2026-07-20 03:22:51,24.0,79.1
2026-07-20 03:23:11,24.0,79.1
2026-07-20 03:23:32,24.0,79.1
2026-07-20 03:23:52,24.0,79.1
2026-07-20 03:24:12,24.0,79.0
2026-07-20 03:24:32,24.0,79.0
2026-07-20 03:24:52,24.0,79.1
2026-07-20 03:25:12,24.0,79.1
2026-07-20 03:25:32,24.0,79.0
2026-07-20 03:25:52,24.0,78.9
2026-07-20 03:26:12,24.0,78.9
2026-07-20 03:26:32,24.0,78.6
2026-07-20 03:26:52,23.9,78.3
2026-07-20 03:27:12,23.9,78.3
2026-07-20 03:27:32,23.9,78.5
2026-07-20 03:27:52,23.8,78.9
2026-07-20 03:28:12,23.9,79.1
2026-07-20 03:28:32,23.9,79.1
2026-07-20 03:28:52,23.9,79.2
2026-07-20 03:29:12,23.9,79.2
2026-07-20 03:29:32,23.9,79.1
2026-07-20 03:29:52,23.9,78.9
2026-07-20 03:30:12,23.8,78.6
2026-07-20 03:30:32,23.8,78.5
2026-07-20 03:30:52,23.8,78.5
2026-07-20 03:31:12,23.8,78.3
2026-07-20 03:31:32,23.8,78.2
2026-07-20 03:31:52,23.8,78.2
2026-07-20 03:32:12,23.7,78.3
2026-07-20 03:32:32,23.7,78.3
2026-07-20 03:32:52,23.7,78.5
2026-07-20 03:33:12,23.7,78.5
2026-07-20 03:33:32,23.7,78.4
2026-07-20 03:33:52,23.7,78.3
2026-07-20 03:34:12,23.7,78.1
2026-07-20 03:34:32,23.7,78.2
2026-07-20 03:34:52,23.7,78.2
2026-07-20 03:35:12,23.7,78.5
2026-07-20 03:35:32,23.7,78.5
2026-07-20 03:35:52,23.7,78.3
2026-07-20 03:36:12,23.7,78.1
2026-07-20 03:36:32,23.7,77.9
2026-07-20 03:36:52,23.7,77.8
2026-07-20 03:37:12,23.7,77.7
2026-07-20 03:37:32,23.7,77.5
2026-07-20 03:37:52,23.7,77.4
2026-07-20 03:38:12,23.7,77.4
2026-07-20 03:38:32,23.7,77.4
2026-07-20 03:38:52,23.7,77.3
2026-07-20 03:39:12,23.7,77.3
2026-07-20 03:39:32,23.7,77.4
2026-07-20 03:39:53,23.7,77.3
2026-07-20 03:40:13,23.8,77.1
2026-07-20 03:40:33,23.8,76.9
2026-07-20 03:40:53,23.7,77.1
2026-07-20 03:41:13,23.8,77.0
2026-07-20 03:41:33,23.8,76.9
2026-07-20 03:41:53,23.8,76.7
2026-07-20 03:42:13,23.8,76.8
2026-07-20 03:42:33,23.8,76.7
2026-07-20 03:42:53,23.9,76.6
2026-07-20 03:43:13,23.9,76.5
2026-07-20 03:43:33,23.9,76.5
2026-07-20 03:43:53,23.9,76.4
2026-07-20 03:44:13,23.9,76.2
2026-07-20 03:44:33,23.9,76.1
2026-07-20 03:44:53,23.9,76.0
2026-07-20 03:45:13,23.9,76.0
2026-07-20 03:45:33,23.9,75.9
2026-07-20 03:45:53,23.9,75.9
2026-07-20 03:46:13,23.9,75.8
2026-07-20 03:46:33,23.9,75.8
2026-07-20 03:46:53,24.0,75.7
2026-07-20 03:47:13,23.9,75.5
2026-07-20 03:47:33,23.9,75.2
2026-07-20 03:47:53,23.9,75.3
2026-07-20 03:48:13,23.9,75.3
2026-07-20 03:48:33,23.9,75.0
2026-07-20 03:48:53,23.9,75.1
2026-07-20 03:49:13,23.9,75.0
2026-07-20 03:49:33,23.9,75.0
2026-07-20 03:49:53,23.9,74.9
2026-07-20 03:50:13,23.9,74.8
2026-07-20 03:50:33,23.9,74.9
2026-07-20 03:50:53,23.9,74.9
2026-07-20 03:51:13,23.9,74.8
2026-07-20 03:51:33,23.9,74.9
2026-07-20 03:51:53,23.9,74.8
2026-07-20 03:52:13,23.9,74.8
2026-07-20 03:52:33,23.9,74.7
2026-07-20 03:52:53,23.9,74.7
2026-07-20 03:53:13,23.9,74.7
2026-07-20 03:53:33,23.9,74.6
2026-07-20 03:53:53,23.8,74.5
2026-07-20 03:54:13,23.8,74.5
2026-07-20 03:54:33,23.8,74.7
2026-07-20 03:54:53,23.8,74.7
2026-07-20 03:55:13,23.8,74.8
2026-07-20 03:55:33,23.8,74.8
2026-07-20 03:55:53,23.8,74.9
2026-07-20 03:56:13,23.8,74.7
2026-07-20 03:56:33,23.8,74.6
2026-07-20 03:56:53,23.7,74.6
2026-07-20 03:57:13,23.7,
2026-07-20 03:57:14,,74.6
2026-07-20 03:57:34,23.7,74.5
2026-07-20 03:57:54,23.7,74.6
2026-07-20 03:58:14,23.7,74.7
2026-07-20 03:58:34,23.7,74.8
2026-07-20 03:58:54,23.7,74.9
2026-07-20 03:59:14,23.7,74.6
2026-07-20 03:59:34,23.7,74.6
2026-07-20 03:59:54,23.7,74.6
2026-07-20 04:00:14,23.8,74.7
2026-07-20 04:00:34,23.8,74.4
2026-07-20 04:00:54,23.7,74.4
2026-07-20 04:01:14,23.7,74.6
2026-07-20 04:01:34,23.7,74.6
2026-07-20 04:01:54,23.7,74.7
2026-07-20 04:02:14,23.7,74.8
2026-07-20 04:02:34,23.8,74.7
2026-07-20 04:02:54,23.7,74.7
2026-07-20 04:03:14,23.8,74.5
2026-07-20 04:03:34,23.8,74.2
2026-07-20 04:03:54,23.8,74.3
2026-07-20 04:04:14,23.7,74.3
2026-07-20 04:04:34,23.7,74.4
2026-07-20 04:04:54,23.7,74.5
2026-07-20 04:05:14,23.7,74.3
2026-07-20 04:05:34,23.7,74.5
2026-07-20 04:05:54,23.7,74.4
2026-07-20 04:06:14,23.6,74.4
2026-07-20 04:06:34,23.6,74.4
2026-07-20 04:06:54,23.6,74.4
2026-07-20 04:07:14,23.6,74.4
2026-07-20 04:07:34,23.6,74.5
2026-07-20 04:07:54,23.6,74.5
2026-07-20 04:08:14,23.5,74.6
2026-07-20 04:08:34,23.6,74.7
2026-07-20 04:08:54,23.6,74.5
2026-07-20 04:09:14,23.6,74.6
2026-07-20 04:09:34,23.6,74.7
2026-07-20 04:09:55,23.6,74.6
2026-07-20 04:10:14,23.6,74.5
2026-07-20 04:10:34,23.6,74.4
2026-07-20 04:10:54,23.6,74.5
2026-07-20 04:11:14,23.6,74.3
2026-07-20 04:11:34,23.6,74.3
2026-07-20 04:11:54,23.6,74.2
2026-07-20 04:12:14,23.6,74.5
2026-07-20 04:12:34,23.6,74.4
2026-07-20 04:12:54,23.6,74.3
2026-07-20 04:13:14,23.6,74.3
2026-07-20 04:13:34,23.6,74.3
2026-07-20 04:13:54,23.6,74.3
2026-07-20 04:14:14,23.6,74.3
2026-07-20 04:14:34,23.6,74.4
2026-07-20 04:14:55,23.6,74.5
2026-07-20 04:15:15,23.6,74.5
2026-07-20 04:15:35,23.6,74.6
2026-07-20 04:15:55,23.6,74.5
2026-07-20 04:16:15,23.6,74.5
2026-07-20 04:16:35,23.6,74.6
2026-07-20 04:16:55,23.6,74.8
2026-07-20 04:17:15,23.6,74.7
2026-07-20 04:17:35,23.6,74.6
2026-07-20 04:17:55,23.6,74.5
2026-07-20 04:18:15,23.6,74.5
2026-07-20 04:18:35,23.6,74.5
2026-07-20 04:18:55,23.6,74.3
2026-07-20 04:19:15,23.6,74.2
2026-07-20 04:19:35,23.6,74.3
2026-07-20 04:19:55,23.6,74.2
2026-07-20 04:20:15,23.6,74.0
2026-07-20 04:20:35,23.6,73.9
2026-07-20 04:20:55,23.6,73.8
2026-07-20 04:21:15,23.6,73.8
2026-07-20 04:21:35,23.7,73.8
2026-07-20 04:21:55,23.7,73.9
2026-07-20 04:22:15,23.7,73.8
2026-07-20 04:22:35,23.7,73.8
2026-07-20 04:22:55,23.7,73.9
2026-07-20 04:23:15,23.7,73.9
2026-07-20 04:23:35,23.7,74.0
2026-07-20 04:23:55,23.7,73.9
2026-07-20 04:24:15,23.7,73.9
2026-07-20 04:24:35,23.7,74.0
2026-07-20 04:24:55,23.7,74.0
2026-07-20 04:25:15,23.7,74.1
2026-07-20 04:25:35,23.7,74.2
2026-07-20 04:25:55,23.7,74.3
2026-07-20 04:26:15,23.7,74.3
2026-07-20 04:26:35,23.7,74.4
2026-07-20 04:26:55,23.7,74.5
2026-07-20 04:27:15,23.7,74.6
2026-07-20 04:27:35,23.7,74.6
2026-07-20 04:27:55,23.7,74.7
2026-07-20 04:28:15,23.7,74.9
2026-07-20 04:28:35,23.7,75.1
2026-07-20 04:28:55,23.7,75.2
2026-07-20 04:29:15,23.7,75.4
2026-07-20 04:29:35,23.7,75.4
2026-07-20 04:29:55,23.7,75.6
2026-07-20 04:30:15,23.7,75.6
2026-07-20 04:30:35,23.7,75.7
2026-07-20 04:30:55,23.7,75.8
2026-07-20 04:31:15,23.7,75.9
2026-07-20 04:31:35,23.6,76.1
2026-07-20 04:31:56,23.6,76.1
2026-07-20 04:32:16,23.7,76.2
2026-07-20 04:32:36,23.6,76.4
2026-07-20 04:32:56,23.6,76.4
2026-07-20 04:33:16,23.6,76.4
2026-07-20 04:33:36,23.6,76.4
2026-07-20 04:33:56,23.6,76.6
2026-07-20 04:34:16,23.6,76.6
2026-07-20 04:34:36,23.6,76.6
2026-07-20 04:34:56,23.6,76.6
2026-07-20 04:35:16,23.6,76.7
2026-07-20 04:35:36,23.6,76.6
2026-07-20 04:35:56,23.6,76.7
2026-07-20 04:36:16,23.7,76.6
2026-07-20 04:36:36,23.7,76.7
2026-07-20 04:36:56,23.6,76.6
2026-07-20 04:37:16,23.6,76.6
2026-07-20 04:37:36,23.7,76.6
2026-07-20 04:37:56,23.6,76.7
2026-07-20 04:38:16,23.6,76.7
2026-07-20 04:38:36,23.6,76.8
2026-07-20 04:38:56,23.6,76.8
2026-07-20 04:39:16,23.6,76.8
2026-07-20 04:39:36,23.6,76.8
2026-07-20 04:39:56,23.6,76.8
2026-07-20 04:40:16,23.6,76.8
2026-07-20 04:40:36,23.6,76.8
2026-07-20 04:40:56,23.6,76.8
2026-07-20 04:41:16,23.7,76.8
2026-07-20 04:41:36,23.7,76.7
2026-07-20 04:41:56,23.7,76.7
2026-07-20 04:42:16,23.7,76.7
2026-07-20 04:42:36,23.7,76.7
2026-07-20 04:42:56,23.6,76.8
2026-07-20 04:43:16,23.6,76.9
2026-07-20 04:43:36,23.6,76.9
2026-07-20 04:43:56,23.6,76.9
2026-07-20 04:44:16,23.6,76.9
2026-07-20 04:44:36,23.6,77.0
2026-07-20 04:44:56,23.6,76.9
2026-07-20 04:45:16,23.6,77.0
2026-07-20 04:45:36,23.6,77.1
2026-07-20 04:45:56,23.5,77.2
2026-07-20 04:46:16,23.5,77.2
2026-07-20 04:46:36,23.5,77.2
2026-07-20 04:46:56,23.5,77.4
2026-07-20 04:47:16,23.5,77.4
2026-07-20 04:47:36,23.5,77.5
2026-07-20 04:47:56,23.5,77.5
2026-07-20 04:48:17,23.5,77.5
2026-07-20 04:48:36,23.5,
2026-07-20 04:48:37,,77.6
2026-07-20 04:48:57,23.5,77.5
2026-07-20 04:49:17,23.5,77.7
2026-07-20 04:49:37,23.5,77.8
2026-07-20 04:49:57,23.5,77.8
2026-07-20 04:50:17,23.5,77.9
2026-07-20 04:50:37,23.5,77.9
2026-07-20 04:50:57,23.5,77.9
2026-07-20 04:51:17,23.5,78.0
2026-07-20 04:51:37,23.5,78.1
2026-07-20 04:51:57,23.5,78.3
2026-07-20 04:52:17,23.5,78.3
2026-07-20 04:52:37,23.5,78.3
2026-07-20 04:52:57,23.5,78.4
2026-07-20 04:53:17,23.5,78.4
2026-07-20 04:53:37,23.5,78.4
2026-07-20 04:53:57,23.5,78.4
2026-07-20 04:54:17,23.5,78.4
2026-07-20 04:54:37,23.5,78.4
2026-07-20 04:54:57,23.5,78.4
2026-07-20 04:55:17,23.5,78.4
2026-07-20 04:55:37,23.6,78.4
2026-07-20 04:55:57,23.6,78.4
2026-07-20 04:56:17,23.6,78.4
2026-07-20 04:56:37,23.6,78.4
2026-07-20 04:56:57,23.6,78.3
2026-07-20 04:57:17,23.6,78.3
2026-07-20 04:57:37,23.6,78.3
2026-07-20 04:57:57,23.6,78.4
2026-07-20 04:58:17,23.6,78.4
2026-07-20 04:58:37,23.6,78.5
2026-07-20 04:58:57,23.5,78.5
2026-07-20 04:59:17,23.5,78.6
2026-07-20 04:59:37,23.5,78.5
2026-07-20 04:59:57,23.5,78.7
2026-07-20 05:00:17,23.6,78.7
2026-07-20 05:00:37,23.5,78.6
2026-07-20 05:00:57,23.6,78.7
2026-07-20 05:01:17,23.5,78.6
2026-07-20 05:01:37,23.6,78.7
2026-07-20 05:01:57,23.6,78.6
2026-07-20 05:02:17,23.6,78.7
2026-07-20 05:02:37,23.6,78.6
2026-07-20 05:02:57,23.6,78.6
2026-07-20 05:03:17,23.6,78.5
2026-07-20 05:03:37,23.6,78.6
2026-07-20 05:03:57,23.6,78.5
2026-07-20 05:04:17,23.6,78.5
2026-07-20 05:04:37,23.6,78.5
2026-07-20 05:04:57,23.6,78.6
2026-07-20 05:05:17,23.6,78.6
2026-07-20 05:05:37,23.6,78.8
2026-07-20 05:05:58,23.6,78.8
2026-07-20 05:06:18,23.6,78.9
2026-07-20 05:06:38,23.6,78.9
2026-07-20 05:06:58,23.5,79.0
2026-07-20 05:07:18,23.6,79.1
2026-07-20 05:07:38,23.6,79.1
2026-07-20 05:07:58,23.6,79.1
2026-07-20 05:08:18,23.6,79.1
2026-07-20 05:08:38,23.6,79.1
2026-07-20 05:08:58,23.6,79.1
2026-07-20 05:09:18,23.6,79.2
2026-07-20 05:09:38,23.5,79.3
2026-07-20 05:09:58,23.5,79.4
2026-07-20 05:10:18,23.5,79.4
2026-07-20 05:10:38,23.5,79.5
2026-07-20 05:10:58,23.5,79.6
2026-07-20 05:11:18,23.5,79.6
2026-07-20 05:11:38,23.5,79.6
2026-07-20 05:11:58,23.5,79.7
2026-07-20 05:12:18,23.5,79.7
2026-07-20 05:12:38,23.5,79.9
2026-07-20 05:12:58,23.5,79.9
2026-07-20 05:13:18,23.5,80.0
2026-07-20 05:13:38,23.5,80.0
2026-07-20 05:13:58,23.5,80.0
2026-07-20 05:14:18,23.5,80.0
2026-07-20 05:14:38,23.5,80.0
2026-07-20 05:14:58,23.5,80.0
2026-07-20 05:15:18,23.5,80.0
2026-07-20 05:15:38,23.5,80.0
2026-07-20 05:15:58,23.5,80.0
2026-07-20 05:16:18,23.5,80.1
2026-07-20 05:16:38,23.5,80.1
2026-07-20 05:16:58,23.5,80.1
2026-07-20 05:17:18,23.5,80.2
2026-07-20 05:17:38,23.5,80.1
2026-07-20 05:17:58,23.6,80.1
2026-07-20 05:18:18,23.6,80.1
2026-07-20 05:18:38,23.6,80.1
2026-07-20 05:18:58,23.6,80.0
2026-07-20 05:19:18,23.6,80.0
2026-07-20 05:19:38,23.6,80.0
2026-07-20 05:19:58,23.6,80.0
2026-07-20 05:20:18,23.6,80.0
2026-07-20 05:20:38,23.6,80.0
2026-07-20 05:20:58,23.6,80.0
2026-07-20 05:21:18,23.6,79.9
2026-07-20 05:21:38,23.6,80.0
2026-07-20 05:21:58,23.6,80.0
2026-07-20 05:22:18,23.6,80.0
2026-07-20 05:22:38,23.6,79.9
2026-07-20 05:22:58,23.5,79.9
2026-07-20 05:23:19,23.6,80.0
2026-07-20 05:23:39,23.5,80.0
2026-07-20 05:23:59,23.5,80.1
2026-07-20 05:24:19,23.5,80.1
2026-07-20 05:24:39,23.5,80.1
2026-07-20 05:24:59,23.5,80.1
2026-07-20 05:25:19,23.5,80.1
2026-07-20 05:25:39,23.5,80.0
2026-07-20 05:25:59,23.5,80.0
2026-07-20 05:26:19,23.5,80.1
2026-07-20 05:26:39,23.5,80.1
2026-07-20 05:26:59,23.5,80.0
2026-07-20 05:27:19,23.5,80.0
2026-07-20 05:27:39,23.5,80.1
2026-07-20 05:27:59,23.5,80.0
2026-07-20 05:28:19,23.5,79.9
2026-07-20 05:28:39,23.5,79.9
2026-07-20 05:28:59,23.6,79.8
2026-07-20 05:29:19,23.6,79.7
2026-07-20 05:29:39,23.5,79.7
2026-07-20 05:29:59,23.5,79.7
2026-07-20 05:30:19,23.5,79.7
2026-07-20 05:30:39,23.5,79.8
2026-07-20 05:30:59,23.5,79.8
2026-07-20 05:31:19,23.5,80.0
2026-07-20 05:31:39,23.5,80.0
2026-07-20 05:31:59,23.5,80.0
2026-07-20 05:32:19,23.5,80.2
2026-07-20 05:32:39,23.5,80.1
2026-07-20 05:32:59,23.5,80.1
2026-07-20 05:33:19,23.6,80.0
2026-07-20 05:33:39,23.6,79.9
2026-07-20 05:33:59,23.5,79.7
2026-07-20 05:34:19,23.5,79.7
2026-07-20 05:34:39,23.5,79.7
2026-07-20 05:34:59,23.5,79.6
2026-07-20 05:35:19,23.4,79.7
2026-07-20 05:35:39,23.4,79.7
2026-07-20 05:35:59,23.4,79.9
2026-07-20 05:36:19,23.4,79.9
2026-07-20 05:36:39,23.4,80.0
2026-07-20 05:36:59,23.4,80.0
2026-07-20 05:37:19,23.5,80.0
2026-07-20 05:37:39,23.5,80.1
2026-07-20 05:37:59,23.4,79.9
2026-07-20 05:38:19,23.4,79.9
2026-07-20 05:38:39,23.4,79.9
2026-07-20 05:38:59,23.4,80.0
2026-07-20 05:39:19,23.4,80.1
2026-07-20 05:39:39,23.4,80.0
2026-07-20 05:39:59,23.4,80.0
2026-07-20 05:40:19,23.4,80.0
2026-07-20 05:40:40,23.4,80.0
2026-07-20 05:41:00,23.4,80.0
2026-07-20 05:41:20,23.4,80.0
2026-07-20 05:41:40,23.4,80.0
2026-07-20 05:42:00,23.4,80.0
2026-07-20 05:42:20,23.4,80.0
2026-07-20 05:42:40,23.4,80.0
2026-07-20 05:43:00,23.4,80.0
2026-07-20 05:43:20,23.4,79.9
2026-07-20 05:43:40,23.3,79.9
2026-07-20 05:44:00,23.4,80.0
2026-07-20 05:44:20,23.4,80.0
2026-07-20 05:44:40,23.4,79.9
2026-07-20 05:45:00,23.4,79.8
2026-07-20 05:45:20,23.3,79.7
2026-07-20 05:45:40,23.3,79.7
2026-07-20 05:46:00,23.3,79.7
2026-07-20 05:46:20,23.4,79.7
2026-07-20 05:46:40,23.3,79.7
2026-07-20 05:47:00,23.4,79.6
2026-07-20 05:47:20,23.4,79.4
2026-07-20 05:47:40,23.4,79.3
2026-07-20 05:48:00,23.4,79.2
2026-07-20 05:48:20,23.4,79.1
2026-07-20 05:48:40,23.4,78.4
2026-07-20 05:49:00,23.3,77.9
2026-07-20 05:49:20,23.2,77.4
2026-07-20 05:49:40,23.1,77.3
2026-07-20 05:50:00,23.0,77.2
2026-07-20 05:50:20,22.9,77.3
2026-07-20 05:50:40,22.8,77.6
2026-07-20 05:51:00,22.8,77.7
2026-07-20 05:51:20,22.7,77.6
2026-07-20 05:51:40,22.6,77.6
2026-07-20 05:52:00,22.6,77.6
2026-07-20 05:52:20,22.5,77.7
2026-07-20 05:52:40,22.4,77.9
2026-07-20 05:53:00,22.4,78.0
2026-07-20 05:53:20,22.4,78.0
2026-07-20 05:53:40,22.3,77.9
2026-07-20 05:54:00,22.3,77.9
2026-07-20 05:54:20,22.3,77.9
2026-07-20 05:54:40,22.3,77.9
2026-07-20 05:55:00,22.2,77.9
2026-07-20 05:55:20,22.2,77.9
2026-07-20 05:55:40,22.2,77.8
2026-07-20 05:56:00,22.2,77.6
2026-07-20 05:56:20,22.2,77.6
2026-07-20 05:56:40,22.2,77.6
2026-07-20 05:57:00,22.2,77.6
2026-07-20 05:57:20,22.1,77.4
2026-07-20 05:57:40,22.1,77.2
2026-07-20 05:58:01,22.2,77.2
2026-07-20 05:58:21,22.2,77.0
2026-07-20 05:58:41,22.2,77.1
2026-07-20 05:59:01,22.1,77.0
2026-07-20 05:59:21,22.2,77.0
2026-07-20 05:59:41,22.2,77.0
2026-07-20 06:00:01,22.1,76.8
2026-07-20 06:00:21,22.2,76.8
2026-07-20 06:00:41,22.2,76.7
2026-07-20 06:01:01,22.2,76.6
2026-07-20 06:01:21,22.2,76.5
2026-07-20 06:01:41,22.2,76.5
2026-07-20 06:02:01,22.2,76.4
2026-07-20 06:02:21,22.2,76.3
2026-07-20 06:02:41,22.2,76.3
2026-07-20 06:03:01,22.3,76.3
2026-07-20 06:03:21,22.3,76.2
2026-07-20 06:03:41,22.3,76.2
2026-07-20 06:04:01,22.2,76.2
2026-07-20 06:04:21,22.3,76.2
2026-07-20 06:04:41,22.2,76.2
2026-07-20 06:05:01,22.2,76.1
2026-07-20 06:05:21,22.2,76.1
2026-07-20 06:05:41,22.3,76.1
2026-07-20 06:06:01,22.3,76.1
2026-07-20 06:06:21,22.2,76.0
2026-07-20 06:11:21,22.3,75.5
2026-07-20 06:11:41,22.3,75.4
2026-07-20 06:12:01,22.3,75.4
2026-07-20 06:12:21,22.3,75.4
2026-07-20 06:12:41,22.4,75.5
2026-07-20 06:13:01,22.4,75.6
2026-07-20 06:13:21,22.5,75.4
2026-07-20 06:13:41,22.5,75.3
2026-07-20 06:14:01,22.6,75.1
2026-07-20 06:14:21,22.6,75.0
2026-07-20 06:14:41,22.7,74.9
2026-07-20 06:15:01,22.7,74.8
2026-07-20 06:15:21,22.7,74.8
2026-07-20 06:15:42,22.8,74.6
2026-07-20 06:16:02,22.8,74.6
2026-07-20 06:16:22,22.9,74.6
2026-07-20 06:16:42,22.9,74.4
2026-07-20 06:17:02,22.9,74.4
2026-07-20 06:17:22,23.0,74.3
2026-07-20 06:17:42,23.0,74.2
2026-07-20 06:18:02,23.0,74.1
2026-07-20 06:18:22,23.0,74.0
2026-07-20 06:18:42,23.0,74.0
2026-07-20 06:19:02,23.1,74.0
2026-07-20 06:19:22,23.1,73.8
2026-07-20 06:19:42,23.1,73.8
2026-07-20 06:20:02,23.1,73.8
2026-07-20 06:20:22,23.1,73.7
2026-07-20 06:20:42,23.1,73.7
2026-07-20 06:21:02,23.2,73.7
2026-07-20 06:21:22,23.2,73.7
2026-07-20 06:21:42,23.2,73.7
2026-07-20 06:22:02,23.2,73.6
2026-07-20 06:22:22,23.2,73.5
2026-07-20 06:22:42,23.2,73.5
2026-07-20 06:23:02,23.2,73.5
2026-07-20 06:23:22,23.2,73.5
2026-07-20 06:23:42,23.2,73.5
2026-07-20 06:24:02,23.2,73.5
2026-07-20 06:24:22,23.2,73.5
2026-07-20 06:24:42,23.3,73.5
2026-07-20 06:25:02,23.3,73.4
2026-07-20 06:25:22,23.3,73.3
2026-07-20 06:25:42,23.3,73.4
2026-07-20 06:26:02,23.3,73.4
2026-07-20 06:26:22,23.3,73.3
2026-07-20 06:26:42,23.3,73.2
2026-07-20 06:27:02,23.3,73.2
2026-07-20 06:27:22,23.3,73.2
2026-07-20 06:27:42,23.3,73.2
2026-07-20 06:28:02,23.3,73.2
2026-07-20 06:28:22,23.3,73.2
2026-07-20 06:28:42,23.3,73.2
2026-07-20 06:29:02,23.3,73.2
2026-07-20 06:29:22,23.3,73.2
2026-07-20 06:29:42,23.3,73.2
2026-07-20 06:30:02,23.3,73.2
2026-07-20 06:30:22,23.4,73.2
2026-07-20 06:30:42,23.3,73.1
2026-07-20 06:31:02,23.4,73.1
2026-07-20 06:31:22,23.4,73.2
2026-07-20 06:31:42,23.4,73.1
2026-07-20 06:32:02,23.4,73.1
2026-07-20 06:32:22,23.3,73.0
2026-07-20 06:32:42,23.3,73.1
2026-07-20 06:33:03,23.3,73.2
2026-07-20 06:33:23,23.3,73.2
2026-07-20 06:33:43,23.3,73.2
2026-07-20 06:34:03,23.4,73.2
2026-07-20 06:34:23,23.4,73.3
2026-07-20 06:34:43,23.4,73.2
2026-07-20 06:35:03,23.4,73.2
2026-07-20 06:35:23,23.4,73.2
2026-07-20 06:35:43,23.4,73.2
2026-07-20 06:36:03,23.4,73.2
2026-07-20 06:36:23,23.4,73.2
2026-07-20 06:36:43,23.4,73.1
2026-07-20 06:37:03,23.4,73.2
2026-07-20 06:37:23,23.4,73.2
2026-07-20 06:37:43,23.4,73.2
2026-07-20 06:38:03,23.4,73.1
2026-07-20 06:38:23,23.4,73.1
2026-07-20 06:38:43,23.4,73.2
2026-07-20 06:39:03,23.4,73.3
2026-07-20 06:39:23,23.4,73.2
2026-07-20 06:39:43,23.4,73.2
2026-07-20 06:40:03,23.4,73.2
2026-07-20 06:40:23,23.4,73.2
2026-07-20 06:40:43,23.5,73.2
2026-07-20 06:41:03,23.5,73.1
2026-07-20 06:41:23,23.5,73.2
2026-07-20 06:41:43,23.5,73.2
2026-07-20 06:42:03,23.5,73.2
2026-07-20 06:42:23,23.5,73.2
2026-07-20 06:42:43,23.5,73.1
2026-07-20 06:43:03,23.5,73.2
2026-07-20 06:43:23,23.5,73.2
2026-07-20 06:43:43,23.5,73.2
2026-07-20 06:44:03,23.5,73.2
2026-07-20 06:44:23,23.5,73.3
2026-07-20 06:44:43,23.5,73.3
2026-07-20 06:45:03,23.5,73.3
2026-07-20 06:45:23,23.5,73.3
2026-07-20 06:45:43,23.5,73.3
2026-07-20 06:46:03,23.5,73.3
2026-07-20 06:46:23,23.5,73.3
2026-07-20 06:46:43,23.5,73.3
2026-07-20 06:47:03,23.5,73.3
2026-07-20 06:47:23,23.5,73.3
2026-07-20 06:47:43,23.5,73.3
2026-07-20 06:48:03,23.5,73.3
2026-07-20 06:48:23,23.5,73.4
2026-07-20 06:48:43,23.6,73.4
2026-07-20 06:49:03,23.5,73.3
2026-07-20 06:49:23,23.6,73.4
2026-07-20 06:49:43,23.5,73.3
2026-07-20 06:50:03,23.5,73.3
2026-07-20 06:50:24,23.5,73.3
2026-07-20 06:50:44,23.5,73.3
2026-07-20 06:51:04,23.6,73.4
2026-07-20 06:51:24,23.6,73.3
2026-07-20 06:51:44,23.6,73.3
2026-07-20 06:52:04,23.6,73.3
2026-07-20 06:52:24,23.6,73.4
2026-07-20 06:52:44,23.6,73.3
2026-07-20 06:53:04,23.6,73.3
2026-07-20 06:53:24,23.6,73.2
2026-07-20 06:53:44,23.6,73.2
2026-07-20 06:54:04,23.6,73.2
2026-07-20 06:54:24,23.6,73.2
2026-07-20 06:54:44,23.6,73.2
2026-07-20 06:55:04,23.6,73.2
2026-07-20 06:55:24,23.6,73.2
2026-07-20 06:55:44,23.6,73.2
2026-07-20 06:56:04,23.6,73.2
2026-07-20 06:56:24,23.6,73.1
2026-07-20 06:56:44,23.6,73.2
2026-07-20 06:57:04,23.6,73.1
2026-07-20 06:57:24,23.6,73.2
2026-07-20 06:57:44,23.6,73.0
2026-07-20 06:58:04,23.6,73.0
2026-07-20 06:58:24,23.6,73.0
2026-07-20 06:58:44,23.6,73.1
2026-07-20 06:59:04,23.6,72.9
2026-07-20 06:59:24,23.6,72.8
2026-07-20 06:59:44,23.6,72.8
2026-07-20 07:00:04,23.5,72.8
2026-07-20 07:00:24,23.5,72.8
2026-07-20 07:00:44,23.5,72.9
2026-07-20 07:01:04,23.5,72.9
2026-07-20 07:01:24,23.5,72.9
2026-07-20 07:01:44,23.5,73.0
2026-07-20 07:02:04,23.5,73.0
2026-07-20 07:02:24,23.5,72.9
2026-07-20 07:02:44,23.5,73.0
2026-07-20 07:03:04,23.5,73.0
2026-07-20 07:03:24,23.4,73.0
2026-07-20 07:03:44,23.4,73.0
2026-07-20 07:04:04,23.4,73.0
2026-07-20 07:04:24,23.4,73.1
2026-07-20 07:04:44,23.4,73.2
2026-07-20 07:05:04,23.4,73.1
2026-07-20 07:05:24,23.4,73.2
2026-07-20 07:05:44,23.5,73.2
2026-07-20 07:06:04,23.5,73.2
2026-07-20 07:06:24,23.4,73.2
2026-07-20 07:06:44,23.4,73.2
2026-07-20 07:07:05,23.4,73.2
2026-07-20 07:07:24,23.5,73.3
2026-07-20 07:07:45,23.5,73.3
2026-07-20 07:08:05,23.5,73.4
2026-07-20 07:08:25,23.5,73.3
2026-07-20 07:08:45,23.5,73.3
2026-07-20 07:09:05,23.5,73.4
2026-07-20 07:09:25,23.5,73.4
2026-07-20 07:09:45,23.5,73.3
2026-07-20 07:10:05,23.5,73.2
2026-07-20 07:10:25,23.5,73.3
2026-07-20 07:10:45,23.5,73.3
2026-07-20 07:11:05,23.5,73.3
2026-07-20 07:11:25,23.5,73.3
2026-07-20 07:11:45,23.4,73.3
2026-07-20 07:12:05,23.4,73.3
2026-07-20 07:12:25,23.5,73.4
2026-07-20 07:12:45,23.5,73.4
2026-07-20 07:13:05,23.5,73.3
2026-07-20 07:13:25,23.5,73.5
2026-07-20 07:13:45,23.5,73.6
2026-07-20 07:14:05,23.5,73.5
2026-07-20 07:14:25,23.5,73.5
2026-07-20 07:14:45,23.5,73.6
2026-07-20 07:15:05,23.6,73.6
2026-07-20 07:15:25,23.6,73.6
2026-07-20 07:15:45,23.6,73.6
2026-07-20 07:16:05,23.6,73.6
2026-07-20 07:16:25,23.6,73.6
2026-07-20 07:16:45,23.6,73.7
2026-07-20 07:17:05,23.6,73.7
2026-07-20 07:17:25,23.6,73.6
2026-07-20 07:17:45,23.6,73.9
2026-07-20 07:18:05,23.7,73.7
2026-07-20 07:18:25,23.7,73.7
2026-07-20 07:18:45,23.7,73.7
2026-07-20 07:19:05,23.6,73.7
2026-07-20 07:19:25,23.7,73.7
2026-07-20 07:19:45,23.7,73.6
2026-07-20 07:20:05,23.7,73.5
2026-07-20 07:20:25,23.7,73.4
2026-07-20 07:20:45,23.7,73.4
2026-07-20 07:21:05,23.7,73.4
2026-07-20 07:21:25,23.7,73.3
2026-07-20 07:21:45,23.7,73.2
2026-07-20 07:22:05,23.7,73.2
2026-07-20 07:22:25,23.8,73.1
2026-07-20 07:22:45,23.7,73.1
2026-07-20 07:23:05,23.7,73.1
2026-07-20 07:23:25,23.8,73.1
2026-07-20 07:23:45,23.7,73.1
2026-07-20 07:24:05,23.8,73.2
2026-07-20 07:24:25,23.8,73.3
2026-07-20 07:24:45,23.8,73.3
2026-07-20 07:25:06,23.8,73.3
2026-07-20 07:25:26,23.8,73.3
2026-07-20 07:25:46,23.8,73.3
2026-07-20 07:26:06,23.8,73.3
2026-07-20 07:26:26,23.8,73.2
2026-07-20 07:26:46,23.8,73.2
2026-07-20 07:27:06,23.9,73.2
2026-07-20 07:27:26,23.9,73.2
2026-07-20 07:27:46,23.9,73.1
2026-07-20 07:28:06,23.9,73.1
2026-07-20 07:28:26,23.9,73.2
2026-07-20 07:28:46,23.9,73.1
2026-07-20 07:29:06,23.9,73.2
2026-07-20 07:29:26,23.9,73.2
2026-07-20 07:29:46,23.9,73.3
2026-07-20 07:30:06,23.9,73.3
2026-07-20 07:30:26,23.9,73.3
2026-07-20 07:30:46,24.0,73.4
2026-07-20 07:31:06,23.9,73.4
2026-07-20 07:31:26,24.0,73.3
2026-07-20 07:31:46,24.0,73.2
2026-07-20 07:32:06,24.0,73.3
2026-07-20 07:32:26,24.0,73.2
2026-07-20 07:32:46,24.0,73.2
2026-07-20 07:33:06,24.0,73.1
2026-07-20 07:33:26,24.0,73.1
2026-07-20 07:33:46,24.0,73.0
2026-07-20 07:34:06,24.0,72.9
2026-07-20 07:34:26,24.0,72.8
2026-07-20 07:34:46,24.0,72.7
2026-07-20 07:35:06,24.0,72.7
2026-07-20 07:35:26,24.1,72.7
2026-07-20 07:35:46,24.1,72.6
2026-07-20 07:36:06,24.0,72.4
2026-07-20 07:36:26,24.1,72.5
2026-07-20 07:36:46,24.1,72.5
2026-07-20 07:37:06,24.1,72.5
2026-07-20 07:37:26,24.1,72.5
2026-07-20 07:37:46,24.1,72.6
2026-07-20 07:38:06,24.1,72.5
2026-07-20 07:38:26,24.1,72.5
2026-07-20 07:38:46,24.1,72.5
2026-07-20 07:39:06,24.1,72.4
2026-07-20 07:39:26,24.1,72.3
2026-07-20 07:39:46,24.1,72.3
2026-07-20 07:40:06,24.1,72.2
2026-07-20 07:40:26,24.1,72.1
2026-07-20 07:40:46,24.1,72.1
2026-07-20 07:41:06,24.1,72.2
2026-07-20 07:41:26,24.1,72.3
2026-07-20 07:41:46,24.1,72.3
2026-07-20 07:42:06,24.1,72.3
2026-07-20 07:42:27,24.1,72.4
2026-07-20 07:42:47,24.1,72.5
2026-07-20 07:43:07,24.1,72.6
2026-07-20 07:43:27,24.2,73.0
2026-07-20 07:43:47,24.2,72.9
2026-07-20 07:44:07,24.2,73.4
2026-07-20 07:44:27,24.3,73.8
2026-07-20 07:44:47,24.2,73.2
2026-07-20 07:45:07,24.3,72.9
2026-07-20 07:45:27,24.3,72.8
2026-07-20 07:45:47,24.3,72.8
2026-07-20 07:46:07,24.3,72.8
2026-07-20 07:46:27,24.2,72.9
2026-07-20 07:46:47,24.2,72.9
2026-07-20 07:47:07,24.2,72.7
2026-07-20 07:47:27,24.2,72.7
2026-07-20 07:47:47,24.2,72.8
2026-07-20 07:48:07,24.2,72.7
2026-07-20 07:48:27,24.2,72.7
2026-07-20 07:48:47,24.2,72.8
2026-07-20 07:49:07,24.2,72.8
2026-07-20 07:49:27,24.2,72.7
2026-07-20 07:49:47,24.2,72.7
2026-07-20 07:50:07,24.3,72.7
2026-07-20 07:50:27,24.2,72.7
2026-07-20 07:50:47,24.3,72.6
2026-07-20 07:51:07,24.2,72.8
2026-07-20 07:51:27,24.3,72.7
2026-07-20 07:51:47,24.3,72.6
2026-07-20 07:52:07,24.3,72.5
2026-07-20 07:52:27,24.3,72.5
2026-07-20 07:52:47,24.3,72.4
2026-07-20 07:53:07,24.3,72.4
2026-07-20 07:53:27,24.3,72.4
2026-07-20 07:53:47,24.4,72.3
2026-07-20 07:54:07,24.4,72.2
2026-07-20 07:54:27,24.4,72.1
2026-07-20 07:54:47,24.4,72.0
2026-07-20 07:55:07,24.4,71.9
2026-07-20 07:55:27,24.4,71.9
2026-07-20 07:55:47,24.4,71.9
2026-07-20 07:56:07,24.4,71.9
2026-07-20 07:56:27,24.4,71.9
2026-07-20 07:56:47,24.4,72.1
2026-07-20 07:57:07,24.4,72.1
2026-07-20 07:57:27,24.4,71.9
2026-07-20 07:57:47,24.4,71.8
2026-07-20 07:58:07,24.5,71.7
2026-07-20 07:58:27,24.5,71.6
2026-07-20 07:58:47,24.5,71.4
2026-07-20 07:59:07,24.5,71.5
2026-07-20 07:59:27,24.5,71.6
2026-07-20 07:59:47,24.5,
2026-07-20 07:59:48,,71.6
2026-07-20 08:00:08,24.6,71.5
2026-07-20 08:00:28,24.6,71.1
2026-07-20 08:00:48,24.6,71.0
2026-07-20 08:01:08,24.6,71.0
2026-07-20 08:01:28,24.6,71.0
2026-07-20 08:01:48,24.6,71.0
2026-07-20 08:02:08,24.6,71.0
2026-07-20 08:02:28,24.6,70.9
2026-07-20 08:02:48,24.6,71.0
2026-07-20 08:03:08,24.6,70.9
2026-07-20 08:03:28,24.6,71.0
2026-07-20 08:03:48,24.6,70.7
2026-07-20 08:04:08,24.6,70.6
2026-07-20 08:04:28,24.6,70.6
2026-07-20 08:04:48,24.6,70.6
2026-07-20 08:05:08,24.6,70.5
2026-07-20 08:05:28,24.6,70.4
2026-07-20 08:05:48,24.6,70.3
2026-07-20 08:06:08,24.6,70.2
2026-07-20 08:06:28,24.7,70.0
2026-07-20 08:06:48,24.7,69.9
2026-07-20 08:07:08,24.7,69.8
2026-07-20 08:07:28,24.7,69.8
2026-07-20 08:07:48,24.7,69.7
2026-07-20 08:08:08,24.7,69.6
2026-07-20 08:08:28,24.7,69.6
2026-07-20 08:08:48,24.7,69.5
2026-07-20 08:09:08,24.7,69.4
2026-07-20 08:09:28,24.7,69.5
2026-07-20 08:09:48,24.7,69.5
2026-07-20 08:10:08,24.7,69.6
2026-07-20 08:10:28,24.7,69.5
2026-07-20 08:10:48,24.7,69.4
2026-07-20 08:11:08,24.7,69.4
2026-07-20 08:11:28,24.7,69.3
2026-07-20 08:11:48,24.7,69.4
2026-07-20 08:12:08,24.7,69.4
2026-07-20 08:12:28,24.7,69.5
2026-07-20 08:12:48,24.7,69.5
2026-07-20 08:13:08,24.8,69.4
2026-07-20 08:13:28,24.8,69.3
2026-07-20 08:13:48,24.8,69.3
2026-07-20 08:14:08,24.8,69.3
2026-07-20 08:14:28,24.8,69.2
2026-07-20 08:14:48,24.8,69.3
2026-07-20 08:15:08,24.8,69.3
2026-07-20 08:15:28,24.8,69.3
2026-07-20 08:15:48,24.8,69.2
2026-07-20 08:16:08,24.9,69.1
2026-07-20 08:16:28,24.9,69.2
2026-07-20 08:16:48,24.9,69.1
2026-07-20 08:17:08,24.9,
2026-07-20 08:17:09,,69.1
2026-07-20 08:17:29,24.9,69.0
2026-07-20 08:17:49,24.9,69.1
2026-07-20 08:18:09,24.8,69.1
2026-07-20 08:18:29,24.9,69.3
2026-07-20 08:18:49,24.9,69.3
2026-07-20 08:19:09,24.9,69.3
2026-07-20 08:19:29,24.9,69.3
2026-07-20 08:19:49,24.9,69.4
2026-07-20 08:20:09,24.9,69.4
2026-07-20 08:20:29,24.9,69.3
2026-07-20 08:20:49,24.9,69.3
2026-07-20 08:21:09,24.9,69.2
2026-07-20 08:21:29,24.9,69.1
2026-07-20 08:21:49,24.9,69.0
2026-07-20 08:22:09,24.9,69.0
2026-07-20 08:22:29,24.9,69.0
2026-07-20 08:22:49,24.9,68.9
2026-07-20 08:23:09,24.9,68.9
2026-07-20 08:23:29,24.8,68.7
2026-07-20 08:23:49,24.8,68.7
2026-07-20 08:24:09,24.8,68.7
2026-07-20 08:24:29,24.8,68.7
2026-07-20 08:24:49,24.8,68.8
2026-07-20 08:25:09,24.8,68.9
2026-07-20 08:25:29,24.8,68.9
2026-07-20 08:25:49,24.9,68.9
2026-07-20 08:26:09,24.9,68.9
2026-07-20 08:26:29,24.9,68.9
2026-07-20 08:26:49,24.9,69.0
2026-07-20 08:27:09,24.9,69.1
2026-07-20 08:27:29,24.9,69.0
2026-07-20 08:27:49,24.9,68.8
2026-07-20 08:28:09,24.9,68.7
2026-07-20 08:28:29,24.9,68.6
2026-07-20 08:28:49,24.9,68.4
2026-07-20 08:29:09,24.9,68.4
2026-07-20 08:29:29,24.9,68.5
2026-07-20 08:29:49,24.8,68.6
2026-07-20 08:30:09,24.8,68.7
2026-07-20 08:30:29,24.8,68.7
2026-07-20 08:30:49,24.9,68.8
2026-07-20 08:31:09,24.8,68.9
2026-07-20 08:31:29,24.9,68.8
2026-07-20 08:31:49,24.9,68.9
2026-07-20 08:32:09,24.9,69.0
2026-07-20 08:32:29,24.9,69.0
2026-07-20 08:32:49,24.9,69.1
2026-07-20 08:33:09,24.9,69.2
2026-07-20 08:33:29,24.9,69.2
2026-07-20 08:33:49,24.9,69.2
2026-07-20 08:34:09,25.0,69.3
2026-07-20 08:34:30,25.0,69.3
2026-07-20 08:34:50,25.0,69.2
2026-07-20 08:35:10,25.0,69.2
2026-07-20 08:35:30,25.1,69.2
2026-07-20 08:35:50,25.1,69.2
2026-07-20 08:36:10,25.1,69.1
2026-07-20 08:36:30,25.1,69.0
2026-07-20 08:36:50,25.1,68.9
2026-07-20 08:37:10,25.1,68.9
2026-07-20 08:37:30,25.1,69.1
2026-07-20 08:37:50,25.2,69.1
2026-07-20 08:38:10,25.2,69.1
2026-07-20 08:38:30,25.2,69.2
2026-07-20 08:38:50,25.2,69.1
2026-07-20 08:39:10,25.2,69.2
2026-07-20 08:39:30,25.3,69.1
2026-07-20 08:39:50,25.2,69.0
2026-07-20 08:40:10,25.2,68.9
2026-07-20 08:40:30,25.3,68.9
2026-07-20 08:40:50,25.2,68.8
2026-07-20 08:41:10,25.3,68.7
2026-07-20 08:41:30,25.2,68.7
2026-07-20 08:41:50,25.3,68.7
2026-07-20 08:42:10,25.3,68.7
2026-07-20 08:42:30,25.3,68.7
2026-07-20 08:42:50,25.3,68.6
2026-07-20 08:43:10,25.4,68.5
2026-07-20 08:43:30,25.4,68.4
2026-07-20 08:43:50,25.4,68.4
2026-07-20 08:44:10,25.4,68.4
2026-07-20 08:44:30,25.4,68.5
2026-07-20 08:44:50,25.4,68.5
2026-07-20 08:45:10,25.4,68.5
2026-07-20 08:45:30,25.4,68.5
2026-07-20 08:45:50,25.3,68.5
2026-07-20 08:46:10,25.3,68.4
2026-07-20 08:46:30,25.2,68.4
2026-07-20 08:46:50,25.2,68.6
2026-07-20 08:47:10,25.2,68.7
2026-07-20 08:47:30,25.2,68.8
2026-07-20 08:47:50,25.2,68.8
2026-07-20 08:48:10,25.2,68.9
2026-07-20 08:48:30,25.2,68.9
2026-07-20 08:48:50,25.2,68.9
2026-07-20 08:49:10,25.2,69.0
2026-07-20 08:49:30,25.2,68.9
2026-07-20 08:49:50,25.2,68.9
2026-07-20 08:50:10,25.2,68.9
2026-07-20 08:50:30,25.2,68.9
2026-07-20 08:50:50,25.2,69.0
2026-07-20 08:51:10,25.2,69.1
2026-07-20 08:51:30,25.2,69.0
2026-07-20 08:51:51,25.1,69.1
2026-07-20 08:52:11,25.1,69.1
2026-07-20 08:52:31,25.1,69.2
2026-07-20 08:52:51,25.1,69.3
2026-07-20 08:53:11,25.1,69.4
2026-07-20 08:53:31,25.2,69.4
2026-07-20 08:53:51,25.2,69.5
2026-07-20 08:54:11,25.2,69.6
2026-07-20 08:54:31,25.1,69.5
2026-07-20 08:54:51,25.2,69.4
2026-07-20 08:55:11,25.2,69.3
2026-07-20 08:55:31,25.2,69.3
2026-07-20 08:55:51,25.2,69.2
2026-07-20 08:56:11,25.2,69.2
2026-07-20 08:56:31,25.2,69.1
2026-07-20 08:56:51,25.3,69.0
2026-07-20 08:57:11,25.3,69.0
2026-07-20 08:57:31,25.3,68.9
2026-07-20 08:57:51,25.3,68.8
2026-07-20 08:58:11,25.4,68.7
2026-07-20 08:58:31,25.4,68.7
2026-07-20 08:58:51,25.4,68.6
2026-07-20 08:59:11,25.4,68.5
2026-07-20 08:59:31,25.4,68.5
2026-07-20 08:59:51,25.4,68.5
2026-07-20 09:00:11,25.4,68.5
2026-07-20 09:00:31,25.4,68.5
2026-07-20 09:00:51,25.4,68.5
2026-07-20 09:01:11,25.4,68.4
2026-07-20 09:01:31,25.4,68.4
2026-07-20 09:01:51,25.4,68.5
2026-07-20 09:02:11,25.4,68.5
2026-07-20 09:02:31,25.3,68.5
2026-07-20 09:02:51,25.3,68.5
2026-07-20 09:03:11,25.3,68.5
2026-07-20 09:03:31,25.3,68.6
2026-07-20 09:03:51,25.3,68.7
2026-07-20 09:04:11,25.3,68.8
2026-07-20 09:04:31,25.3,68.8
2026-07-20 09:04:51,25.3,68.7
2026-07-20 09:05:11,25.3,68.6
2026-07-20 09:05:31,25.3,68.6
2026-07-20 09:05:51,25.3,68.6
2026-07-20 09:06:11,25.3,68.6
2026-07-20 09:06:31,25.3,68.7
2026-07-20 09:06:51,25.3,68.7
2026-07-20 09:07:11,25.3,68.8
2026-07-20 09:07:31,25.3,68.8
2026-07-20 09:07:51,25.3,68.8
2026-07-20 09:08:11,25.3,68.9
2026-07-20 09:08:31,25.3,68.8
2026-07-20 09:08:51,25.3,68.8
2026-07-20 09:09:12,25.3,68.8
2026-07-20 09:09:32,25.3,68.8
2026-07-20 09:09:52,25.3,68.9
2026-07-20 09:10:12,25.3,69.0
2026-07-20 09:10:32,25.3,69.0
2026-07-20 09:10:52,25.3,69.0
2026-07-20 09:11:12,25.3,69.0
2026-07-20 09:11:32,25.3,69.0
2026-07-20 09:11:52,25.3,68.9
2026-07-20 09:12:12,25.3,69.0
2026-07-20 09:12:32,25.3,69.1
2026-07-20 09:12:52,25.3,69.0
2026-07-20 09:13:12,25.3,69.0
2026-07-20 09:13:32,25.3,68.9
2026-07-20 09:13:52,25.3,68.9
2026-07-20 09:14:12,25.4,68.8
2026-07-20 09:14:32,25.3,68.8
2026-07-20 09:14:52,25.4,68.8
2026-07-20 09:15:12,25.4,68.7
2026-07-20 09:15:32,25.4,68.7
2026-07-20 09:15:52,25.4,68.6
2026-07-20 09:16:12,25.4,68.6
2026-07-20 09:16:32,25.4,68.5
2026-07-20 09:16:52,25.4,68.6
2026-07-20 09:17:12,25.3,68.4
2026-07-20 09:17:32,25.3,68.4
2026-07-20 09:17:52,25.3,68.4
2026-07-20 09:18:12,25.3,68.3
2026-07-20 09:18:32,25.2,68.4
2026-07-20 09:18:52,25.2,68.3
2026-07-20 09:19:12,25.2,68.4
2026-07-20 09:19:32,25.2,68.4
2026-07-20 09:19:52,25.2,68.6
2026-07-20 09:20:12,25.2,68.6
2026-07-20 09:20:32,25.3,68.5
2026-07-20 09:20:52,25.3,68.4
2026-07-20 09:21:12,25.3,68.3
2026-07-20 09:21:32,25.4,68.3
2026-07-20 09:21:52,25.4,68.3
2026-07-20 09:22:12,25.4,68.3
2026-07-20 09:22:32,25.5,68.1
2026-07-20 09:22:52,25.5,68.0
2026-07-20 09:23:12,25.5,67.9
2026-07-20 09:23:32,25.5,67.8
2026-07-20 09:23:52,25.4,67.8
2026-07-20 09:24:12,25.4,67.7
2026-07-20 09:24:32,25.4,67.7
2026-07-20 09:24:52,25.4,67.8
2026-07-20 09:25:12,25.4,67.9
2026-07-20 09:25:32,25.4,68.1
2026-07-20 09:25:52,25.4,68.1
2026-07-20 09:26:12,25.5,68.2
2026-07-20 09:26:33,25.5,68.2
2026-07-20 09:26:53,25.5,68.2
2026-07-20 09:27:13,25.5,68.3
2026-07-20 09:27:33,25.5,68.3
2026-07-20 09:27:53,25.5,68.2
2026-07-20 09:28:13,25.5,67.9
2026-07-20 09:28:33,25.5,67.7
2026-07-20 09:28:53,25.5,67.6
2026-07-20 09:29:13,25.5,67.6
2026-07-20 09:29:33,25.5,67.6
2026-07-20 09:29:53,25.4,67.7
2026-07-20 09:30:13,25.4,67.7
2026-07-20 09:30:33,25.4,67.8
2026-07-20 09:30:53,25.5,67.8
2026-07-20 09:31:13,25.5,67.6
2026-07-20 09:31:33,25.5,67.3
2026-07-20 09:31:53,25.5,67.2
2026-07-20 09:32:13,25.5,67.2
2026-07-20 09:32:33,25.5,67.1
2026-07-20 09:32:53,25.5,67.1
2026-07-20 09:33:13,25.5,67.0
2026-07-20 09:33:33,25.5,67.0
2026-07-20 09:33:53,25.5,66.9
2026-07-20 09:34:13,25.5,66.9
2026-07-20 09:34:33,25.5,67.0
2026-07-20 09:34:53,25.5,66.8
2026-07-20 09:35:13,25.6,66.7
2026-07-20 09:35:33,25.6,66.7
2026-07-20 09:35:53,25.6,66.6
2026-07-20 09:36:13,25.6,66.5
2026-07-20 09:36:33,25.6,66.5
2026-07-20 09:36:53,25.6,66.6
2026-07-20 09:37:13,25.6,66.6
2026-07-20 09:37:33,25.6,66.4
2026-07-20 09:37:53,25.5,66.2
2026-07-20 09:38:13,25.6,66.1
2026-07-20 09:38:33,25.6,66.0
2026-07-20 09:38:53,25.6,66.2
2026-07-20 09:39:13,25.6,66.1
2026-07-20 09:39:33,25.6,66.2
2026-07-20 09:39:53,25.6,66.0
2026-07-20 09:40:13,25.7,66.0
2026-07-20 09:40:33,25.7,66.1
2026-07-20 09:40:53,25.7,66.0
2026-07-20 09:41:13,25.7,66.0
2026-07-20 09:41:33,25.6,66.0
2026-07-20 09:41:53,25.6,66.0
2026-07-20 09:42:13,25.6,65.8
2026-07-20 09:42:33,25.6,65.7
2026-07-20 09:42:53,25.6,65.8
2026-07-20 09:43:13,25.6,65.8
2026-07-20 09:43:34,25.6,65.6
2026-07-20 09:43:53,25.6,
2026-07-20 09:43:54,,65.7
2026-07-20 09:44:14,25.6,65.7
2026-07-20 09:44:34,25.6,65.5
2026-07-20 09:44:54,25.6,65.5
2026-07-20 09:45:14,25.6,65.5
2026-07-20 09:45:34,25.6,65.6
2026-07-20 09:45:54,25.6,65.8
2026-07-20 09:46:14,25.6,65.8
2026-07-20 09:46:34,25.6,65.9
2026-07-20 09:46:54,25.6,65.8
2026-07-20 09:47:14,25.7,65.7
2026-07-20 09:47:34,25.7,65.6
2026-07-20 09:47:54,25.7,65.6
2026-07-20 09:48:14,25.7,65.8
2026-07-20 09:48:34,25.7,65.8
2026-07-20 09:48:54,25.8,65.9
2026-07-20 09:49:14,25.8,65.8
2026-07-20 09:49:34,25.8,65.8
2026-07-20 09:49:54,25.8,65.8
2026-07-20 09:50:14,25.8,65.8
2026-07-20 09:50:34,25.8,65.9
2026-07-20 09:50:54,25.8,65.7
2026-07-20 09:51:14,25.8,65.5
2026-07-20 09:51:34,25.9,65.2
2026-07-20 09:51:54,25.9,65.1
2026-07-20 09:52:14,25.9,65.0
2026-07-20 09:52:34,25.9,64.9
2026-07-20 09:52:54,25.9,65.0
2026-07-20 09:53:14,25.9,65.1
2026-07-20 09:53:34,25.9,65.1
2026-07-20 09:53:54,25.9,64.9
2026-07-20 09:54:14,25.9,64.9
2026-07-20 09:54:34,25.9,65.0
2026-07-20 09:54:54,25.9,65.1
2026-07-20 09:55:14,25.8,65.1
2026-07-20 09:55:34,25.8,65.2
2026-07-20 09:55:54,25.8,65.2
2026-07-20 09:56:14,25.8,65.1
2026-07-20 09:56:34,25.8,65.2
2026-07-20 09:56:54,25.7,65.0
2026-07-20 09:57:14,25.7,64.8
2026-07-20 09:57:34,25.7,64.6
2026-07-20 09:57:54,25.7,64.7
2026-07-20 09:58:14,25.7,64.5
2026-07-20 09:58:34,25.7,64.5
2026-07-20 09:58:54,25.7,64.4
2026-07-20 09:59:14,25.7,64.6
2026-07-20 09:59:34,25.7,64.7
2026-07-20 09:59:54,25.7,64.5
2026-07-20 10:00:14,25.7,64.4
2026-07-20 10:00:34,25.7,64.3
2026-07-20 10:00:54,25.7,64.5
2026-07-20 10:01:14,25.7,64.6
2026-07-20 10:01:35,25.7,64.7
2026-07-20 10:01:55,25.7,64.7
2026-07-20 10:02:15,25.7,64.8
2026-07-20 10:02:35,25.7,64.7
2026-07-20 10:02:55,25.8,64.7
2026-07-20 10:03:15,25.8,64.8
2026-07-20 10:03:35,25.8,64.7
2026-07-20 10:03:55,25.8,64.7
2026-07-20 10:04:15,25.8,64.6
2026-07-20 10:04:35,25.9,64.5
2026-07-20 10:04:55,25.9,64.4
2026-07-20 10:05:15,25.9,64.4
2026-07-20 10:05:35,25.9,64.3
2026-07-20 10:05:55,26.0,64.0
2026-07-20 10:06:15,26.0,63.7
2026-07-20 10:06:35,26.1,63.6
2026-07-20 10:06:55,26.1,63.5
2026-07-20 10:07:15,26.1,63.5
2026-07-20 10:07:35,26.1,63.5
2026-07-20 10:07:55,26.1,63.6
2026-07-20 10:08:15,26.1,63.5
2026-07-20 10:08:35,26.1,63.6
2026-07-20 10:08:55,26.1,63.6
2026-07-20 10:09:15,26.1,63.7
2026-07-20 10:09:35,26.2,63.6
2026-07-20 10:09:55,26.2,63.6
2026-07-20 10:10:15,26.2,63.4
2026-07-20 10:10:35,26.3,63.1
2026-07-20 10:10:55,26.2,63.0
2026-07-20 10:11:15,26.3,62.9
2026-07-20 10:11:35,26.2,62.9
2026-07-20 10:11:55,26.2,62.9
2026-07-20 10:12:15,26.2,62.8
2026-07-20 10:12:35,26.2,63.0
2026-07-20 10:12:55,26.2,63.0
2026-07-20 10:13:15,26.1,63.0
2026-07-20 10:13:35,26.2,63.0
2026-07-20 10:13:55,26.2,62.9
2026-07-20 10:14:15,26.1,62.8
2026-07-20 10:14:35,26.1,62.8
2026-07-20 10:14:55,26.1,62.9
2026-07-20 10:15:15,26.1,62.7
2026-07-20 10:15:35,26.1,62.7
2026-07-20 10:15:55,26.1,62.8
2026-07-20 10:16:15,26.1,62.7
2026-07-20 10:16:35,26.1,62.6
2026-07-20 10:16:55,26.1,62.7
2026-07-20 10:17:15,26.1,62.7
2026-07-20 10:17:35,26.2,62.7
2026-07-20 10:17:55,26.2,62.7
2026-07-20 10:18:16,26.2,62.4
2026-07-20 10:18:36,26.3,62.2
2026-07-20 10:18:56,26.3,62.1
2026-07-20 10:19:16,26.3,62.2
2026-07-20 10:19:36,26.3,62.2
2026-07-20 10:19:56,26.3,62.2
2026-07-20 10:20:16,26.3,62.3
2026-07-20 10:20:36,26.3,62.4
2026-07-20 10:20:56,26.3,62.4
2026-07-20 10:21:16,26.3,62.5
2026-07-20 10:21:36,26.3,62.4
2026-07-20 10:21:56,26.3,62.4
2026-07-20 10:22:16,26.3,62.5
2026-07-20 10:22:36,26.3,62.5
2026-07-20 10:22:56,26.3,62.6
2026-07-20 10:23:16,26.4,62.7
2026-07-20 10:23:36,26.4,62.6
2026-07-20 10:23:56,26.5,62.6
2026-07-20 10:24:16,26.5,62.4
2026-07-20 10:24:36,26.5,62.2
2026-07-20 10:24:56,26.5,62.3
2026-07-20 10:25:16,26.5,62.3
2026-07-20 10:25:36,26.5,62.2
2026-07-20 10:25:56,26.5,62.3
2026-07-20 10:26:16,26.5,62.3
2026-07-20 10:26:36,26.6,62.1
2026-07-20 10:26:56,26.6,61.8
2026-07-20 10:27:16,26.6,61.8
2026-07-20 10:27:36,26.6,61.7
2026-07-20 10:27:56,26.6,61.5
2026-07-20 10:28:16,26.6,61.5
2026-07-20 10:28:36,26.5,61.6
2026-07-20 10:28:56,26.5,61.7
2026-07-20 10:29:16,26.5,61.6
2026-07-20 10:29:36,26.5,61.6
2026-07-20 10:29:56,26.6,61.5
2026-07-20 10:30:16,26.6,61.2
2026-07-20 10:30:36,26.6,61.1
2026-07-20 10:30:56,26.6,60.7
2026-07-20 10:31:16,26.6,60.3
2026-07-20 10:31:36,26.6,60.2
2026-07-20 10:31:56,26.6,59.9
2026-07-20 10:32:16,26.7,59.7
2026-07-20 10:32:36,26.6,59.6
2026-07-20 10:32:56,26.7,59.5
2026-07-20 10:33:16,26.6,59.6
2026-07-20 10:33:36,26.6,59.5
2026-07-20 10:33:56,26.6,59.4
2026-07-20 10:34:16,26.6,59.5
2026-07-20 10:34:36,26.6,59.5
2026-07-20 10:34:56,26.6,59.6
2026-07-20 10:35:17,26.6,59.8
2026-07-20 10:35:37,26.6,59.8
2026-07-20 10:35:57,26.6,60.0
2026-07-20 10:36:17,26.6,60.2
2026-07-20 10:36:37,26.6,60.1
2026-07-20 10:36:57,26.6,60.1
2026-07-20 10:37:17,26.6,60.2
2026-07-20 10:37:37,26.6,60.2
2026-07-20 10:37:57,26.5,60.4
2026-07-20 10:38:17,26.5,60.6
2026-07-20 10:38:37,26.5,60.7
2026-07-20 10:38:57,26.4,60.8
2026-07-20 10:39:17,26.4,60.9
2026-07-20 10:39:37,26.4,61.1
2026-07-20 10:39:57,26.4,61.2
2026-07-20 10:40:17,26.4,61.2
2026-07-20 10:40:37,26.4,61.4
2026-07-20 10:40:57,26.4,61.4
2026-07-20 10:41:17,26.4,61.5
2026-07-20 10:41:37,26.4,61.5
2026-07-20 10:41:57,26.4,61.5
2026-07-20 10:42:17,26.4,61.5
2026-07-20 10:42:37,26.4,61.4
2026-07-20 10:42:57,26.4,61.4
2026-07-20 10:43:17,26.4,61.5
2026-07-20 10:43:37,26.4,61.3
2026-07-20 10:43:57,26.4,61.4
2026-07-20 10:44:17,26.5,61.2
2026-07-20 10:44:37,26.5,61.0
2026-07-20 10:44:57,26.6,60.8
2026-07-20 10:45:17,26.6,60.8
2026-07-20 10:45:37,26.6,60.5
2026-07-20 10:45:57,26.6,60.3
2026-07-20 10:46:17,26.6,60.1
2026-07-20 10:46:37,26.6,60.0
2026-07-20 10:46:57,26.6,60.1
2026-07-20 10:47:17,26.6,60.1
2026-07-20 10:47:37,26.6,59.9
2026-07-20 10:47:57,26.6,59.6
2026-07-20 10:48:17,26.6,59.5
2026-07-20 10:48:37,26.6,59.4
2026-07-20 10:48:57,26.7,59.3
2026-07-20 10:49:17,26.7,59.2
2026-07-20 10:49:37,26.7,59.2
2026-07-20 10:49:57,26.7,59.2
2026-07-20 10:50:17,26.7,59.2
2026-07-20 10:50:37,26.8,59.3
2026-07-20 10:50:57,26.8,59.3
2026-07-20 10:51:17,26.8,59.4
2026-07-20 10:51:37,26.9,59.2
2026-07-20 10:51:57,26.9,59.0
2026-07-20 10:52:17,26.9,59.1
2026-07-20 10:52:37,26.9,59.1
2026-07-20 10:52:58,26.9,59.1
2026-07-20 10:53:18,26.9,59.1
2026-07-20 10:53:38,26.9,59.1
2026-07-20 10:53:58,26.9,59.2
2026-07-20 10:54:18,26.9,59.3
2026-07-20 10:54:38,26.9,59.3
2026-07-20 10:54:58,26.9,59.2
2026-07-20 10:55:18,26.9,58.9
2026-07-20 10:55:38,26.9,58.5
2026-07-20 10:55:58,27.0,58.4
2026-07-20 10:56:18,26.9,58.3
2026-07-20 10:56:38,26.9,58.4
2026-07-20 10:56:58,26.9,58.5
2026-07-20 10:57:18,26.9,58.6
2026-07-20 10:57:38,26.9,58.6
2026-07-20 10:57:58,26.9,58.7
2026-07-20 10:58:18,26.9,58.8
2026-07-20 10:58:38,26.9,59.0
2026-07-20 10:58:58,26.9,59.2
2026-07-20 10:59:18,26.9,59.1
2026-07-20 10:59:38,26.9,58.6
2026-07-20 10:59:58,26.9,58.2
2026-07-20 11:00:18,27.0,57.9
2026-07-20 11:00:38,26.9,57.6
2026-07-20 11:01:00,27.0,57.4
2026-07-20 11:01:18,27.0,57.4
2026-07-20 11:01:39,27.0,57.8
2026-07-20 11:01:58,26.9,57.8
2026-07-20 11:02:18,26.9,57.9
2026-07-20 11:02:38,26.9,57.8
2026-07-20 11:02:58,26.9,57.7
2026-07-20 11:03:18,26.9,57.7
2026-07-20 11:03:38,26.9,57.8
2026-07-20 11:03:58,26.9,57.9
2026-07-20 11:04:18,26.9,58.1
2026-07-20 11:04:38,26.9,58.1
2026-07-20 11:04:58,26.9,58.2
2026-07-20 11:05:18,26.8,58.2
2026-07-20 11:05:38,26.8,58.5
2026-07-20 11:05:58,26.8,58.5
2026-07-20 11:06:18,26.8,58.6
2026-07-20 11:06:38,26.8,58.6
2026-07-20 11:06:58,26.8,58.5
2026-07-20 11:07:18,26.9,58.4
2026-07-20 11:07:38,26.9,58.3
2026-07-20 11:07:58,26.9,58.3
2026-07-20 11:08:18,26.9,58.2
2026-07-20 11:08:38,27.0,58.3
2026-07-20 11:08:58,27.0,58.4
2026-07-20 11:09:18,26.9,58.3
2026-07-20 11:09:38,26.9,58.3
2026-07-20 11:09:58,26.9,
2026-07-20 11:09:59,,58.3
2026-07-20 11:10:19,26.9,58.4
2026-07-20 11:10:39,26.9,58.6
2026-07-20 11:10:59,26.8,58.8
2026-07-20 11:11:19,26.8,59.1
2026-07-20 11:11:39,26.8,59.2
2026-07-20 11:11:59,26.7,59.2
2026-07-20 11:12:19,26.8,59.4
2026-07-20 11:12:39,26.8,59.3
2026-07-20 11:12:59,26.8,59.4
2026-07-20 11:13:19,26.7,59.4
2026-07-20 11:13:39,26.8,59.5
2026-07-20 11:13:59,26.8,59.5
2026-07-20 11:14:19,26.8,59.6
2026-07-20 11:14:39,26.8,59.6
2026-07-20 11:14:59,26.9,59.6
2026-07-20 11:15:19,26.9,59.6
2026-07-20 11:15:39,27.0,59.5
2026-07-20 11:15:59,27.0,59.3
2026-07-20 11:16:19,27.0,59.1
2026-07-20 11:16:39,27.0,58.9
2026-07-20 11:16:59,26.9,58.8
2026-07-20 11:17:19,26.9,58.8
2026-07-20 11:17:39,26.9,59.0
2026-07-20 11:17:59,26.9,59.2
2026-07-20 11:18:19,26.9,59.5
2026-07-20 11:18:39,26.9,59.7
2026-07-20 11:18:59,26.9,59.8
2026-07-20 11:19:19,26.9,59.8
2026-07-20 11:19:39,27.0,59.9
2026-07-20 11:19:59,27.0,60.0
2026-07-20 11:20:19,27.0,59.8
2026-07-20 11:20:39,27.0,59.6
2026-07-20 11:20:59,27.0,59.5
2026-07-20 11:21:19,27.1,59.5
2026-07-20 11:21:39,27.1,59.5
2026-07-20 11:21:59,27.1,59.5
2026-07-20 11:22:19,27.1,59.5
2026-07-20 11:22:39,27.1,59.5
2026-07-20 11:23:00,27.1,59.2
2026-07-20 11:23:19,27.1,59.0
2026-07-20 11:23:39,27.2,58.8
2026-07-20 11:23:59,27.2,58.6
2026-07-20 11:24:19,27.2,58.5
2026-07-20 11:24:39,27.2,58.6
2026-07-20 11:24:59,27.3,58.5
2026-07-20 11:25:19,27.3,58.3
2026-07-20 11:25:39,27.4,58.1
2026-07-20 11:25:59,27.4,58.1
2026-07-20 11:26:19,27.4,58.1
2026-07-20 11:26:40,27.4,57.8
2026-07-20 11:27:00,27.4,57.6
2026-07-20 11:27:20,27.3,57.5
2026-07-20 11:27:40,27.3,57.5
2026-07-20 11:28:00,27.3,57.6
2026-07-20 11:28:20,27.3,57.7
2026-07-20 11:28:40,27.3,57.7
2026-07-20 11:29:00,27.3,57.8
2026-07-20 11:29:20,27.3,57.8
2026-07-20 11:29:40,27.3,57.8
2026-07-20 11:30:00,27.3,57.9
2026-07-20 11:30:20,27.3,58.0
2026-07-20 11:30:40,27.3,58.0
2026-07-20 11:31:00,27.3,57.9
2026-07-20 11:31:20,27.2,58.0
2026-07-20 11:31:40,27.2,57.9
2026-07-20 11:32:00,27.2,58.1
2026-07-20 11:32:20,27.2,58.2
2026-07-20 11:32:40,27.2,58.2
2026-07-20 11:33:00,27.2,58.2
2026-07-20 11:33:20,27.2,58.3
2026-07-20 11:33:40,27.2,58.2
2026-07-20 11:34:00,27.2,58.2
2026-07-20 11:34:20,27.2,58.2
2026-07-20 11:34:40,27.2,58.1
2026-07-20 11:35:00,27.2,58.1
2026-07-20 11:35:20,27.1,58.0
2026-07-20 11:35:40,27.1,58.1
2026-07-20 11:36:00,27.1,58.0
2026-07-20 11:36:20,27.1,58.0
2026-07-20 11:36:40,27.1,58.0
2026-07-20 11:37:00,27.0,57.9
2026-07-20 11:37:20,27.0,58.1
2026-07-20 11:37:40,27.0,57.9
2026-07-20 11:38:00,27.0,57.8
2026-07-20 11:38:20,27.0,57.9
2026-07-20 11:38:40,27.0,57.9
2026-07-20 11:39:00,27.1,58.0
2026-07-20 11:39:20,27.1,57.8
2026-07-20 11:39:40,27.1,57.6
2026-07-20 11:40:00,27.1,57.7
2026-07-20 11:40:20,27.2,57.7
2026-07-20 11:40:40,27.2,57.7
2026-07-20 11:41:00,27.2,57.7
2026-07-20 11:41:20,27.2,57.7
2026-07-20 11:41:40,27.2,57.7
2026-07-20 11:42:00,27.2,57.7
2026-07-20 11:42:20,27.2,57.7
2026-07-20 11:42:40,27.1,57.8
2026-07-20 11:43:00,27.1,57.9
2026-07-20 11:43:20,27.1,58.0
2026-07-20 11:43:40,27.1,58.3
2026-07-20 11:44:01,27.2,58.4
2026-07-20 11:44:21,27.2,58.6
2026-07-20 11:44:41,27.3,58.8
2026-07-20 11:45:01,27.3,58.8
2026-07-20 11:45:21,27.3,58.8
2026-07-20 11:45:41,27.2,58.9
2026-07-20 11:46:01,27.3,58.9
2026-07-20 11:46:21,27.3,58.9
2026-07-20 11:46:41,27.3,58.9
2026-07-20 11:47:01,27.2,59.0
2026-07-20 11:47:21,27.3,59.0
2026-07-20 11:47:41,27.3,59.0
2026-07-20 11:48:01,27.2,59.0
2026-07-20 11:48:21,27.2,59.1
2026-07-20 11:48:41,27.3,58.9
2026-07-20 11:49:01,27.3,59.0
2026-07-20 11:49:21,27.3,58.9
2026-07-20 11:49:41,27.4,58.9
2026-07-20 11:50:01,27.3,58.8
2026-07-20 11:50:21,27.3,58.7
2026-07-20 11:50:41,27.3,58.7
2026-07-20 11:51:01,27.3,58.6
2026-07-20 11:51:21,27.3,58.4
2026-07-20 11:51:41,27.3,58.5
2026-07-20 11:52:01,27.2,58.6
2026-07-20 11:52:21,27.2,58.9
2026-07-20 11:52:41,27.2,58.9
2026-07-20 11:53:01,27.3,58.9
2026-07-20 11:53:21,27.3,58.9
2026-07-20 11:53:41,27.3,58.8
2026-07-20 11:54:01,27.4,58.6
2026-07-20 11:54:21,27.4,58.5
2026-07-20 11:54:41,27.4,58.6
2026-07-20 11:55:01,27.3,58.5
2026-07-20 11:55:21,27.3,58.5
2026-07-20 11:55:41,27.4,58.4
2026-07-20 11:56:01,27.3,58.4
2026-07-20 11:56:21,27.3,58.2
2026-07-20 11:56:41,27.3,58.2
2026-07-20 11:57:01,27.3,58.1
2026-07-20 11:57:21,27.3,58.1
2026-07-20 11:57:41,27.3,58.1
2026-07-20 11:58:01,27.4,58.2
2026-07-20 11:58:21,27.4,58.2
2026-07-20 11:58:41,27.4,58.1
2026-07-20 11:59:01,27.4,58.0
2026-07-20 11:59:21,27.3,58.0
2026-07-20 11:59:41,27.3,58.1
2026-07-20 12:00:01,27.3,58.1
2026-07-20 12:00:21,27.3,58.3
2026-07-20 12:00:41,27.3,58.1
2026-07-20 12:01:01,27.3,57.8
2026-07-20 12:01:22,27.3,57.8
2026-07-20 12:01:42,27.3,57.8
2026-07-20 12:02:02,27.4,57.8
2026-07-20 12:02:22,27.4,57.8
2026-07-20 12:02:42,27.5,57.7
2026-07-20 12:03:02,27.5,58.0
2026-07-20 12:03:22,27.5,58.0
2026-07-20 12:03:42,27.5,58.2
2026-07-20 12:04:02,27.5,58.1
2026-07-20 12:04:22,27.4,58.2
2026-07-20 12:04:42,27.5,58.3
2026-07-20 12:05:02,27.4,58.3
2026-07-20 12:05:22,27.4,58.1
2026-07-20 12:05:42,27.4,58.0
2026-07-20 12:06:02,27.4,57.5
2026-07-20 12:06:22,27.4,57.5
2026-07-20 12:06:42,27.4,57.2
2026-07-20 12:07:02,27.3,56.9
2026-07-20 12:07:22,27.3,56.4
2026-07-20 12:07:42,27.3,56.2
2026-07-20 12:08:02,27.3,56.0
2026-07-20 12:08:22,27.3,56.0
2026-07-20 12:08:42,27.3,56.0
2026-07-20 12:09:02,27.4,56.0
2026-07-20 12:09:22,27.4,56.1
2026-07-20 12:09:42,27.4,56.3
2026-07-20 12:10:02,27.4,56.1
2026-07-20 12:10:22,27.4,56.1
2026-07-20 12:10:42,27.4,56.2
2026-07-20 12:11:02,27.4,56.3
2026-07-20 12:11:22,27.5,56.5
2026-07-20 12:11:42,27.5,56.6
2026-07-20 12:12:02,27.6,56.6
2026-07-20 12:12:22,27.6,56.6
2026-07-20 12:12:42,27.6,56.5
2026-07-20 12:13:02,27.7,56.5
2026-07-20 12:13:22,27.6,56.6
2026-07-20 12:13:42,27.7,56.6
2026-07-20 12:14:02,27.7,56.7
2026-07-20 12:14:22,27.7,56.6
2026-07-20 12:14:42,27.7,56.4
2026-07-20 12:15:02,27.7,56.1
2026-07-20 12:15:22,27.7,56.1
2026-07-20 12:15:42,27.7,56.1
2026-07-20 12:16:02,27.7,56.3
2026-07-20 12:16:22,27.7,56.5
2026-07-20 12:16:42,27.6,56.7
2026-07-20 12:17:02,27.6,56.8
2026-07-20 12:17:22,27.6,57.1
2026-07-20 12:17:43,27.6,57.2
2026-07-20 12:18:03,27.6,57.3
2026-07-20 12:18:23,27.6,57.4
2026-07-20 12:18:43,27.6,57.4
2026-07-20 12:19:03,27.5,57.6
2026-07-20 12:19:23,27.5,57.8
2026-07-20 12:19:43,27.5,58.0
2026-07-20 12:20:03,27.5,58.1
2026-07-20 12:20:23,27.4,58.2
2026-07-20 12:20:43,27.4,58.3
2026-07-20 12:21:03,27.4,58.6
2026-07-20 12:21:23,27.4,58.6
2026-07-20 12:21:43,27.4,58.6
2026-07-20 12:22:03,27.4,58.6
2026-07-20 12:22:23,27.4,58.7
2026-07-20 12:22:43,27.5,58.7
2026-07-20 12:23:03,27.5,58.3
2026-07-20 12:23:23,27.5,57.6
2026-07-20 12:23:43,27.5,57.1
2026-07-20 12:24:03,27.5,56.7
2026-07-20 12:24:23,27.6,56.4
2026-07-20 12:24:43,27.7,56.0
2026-07-20 12:25:03,27.7,55.7
2026-07-20 12:25:23,27.8,55.3
2026-07-20 12:25:43,27.8,55.2
2026-07-20 12:26:03,27.8,55.1
2026-07-20 12:26:23,27.8,55.2
2026-07-20 12:26:43,27.8,55.4
2026-07-20 12:27:03,27.7,55.6
2026-07-20 12:27:23,27.7,55.8
2026-07-20 12:27:43,27.7,56.0
2026-07-20 12:28:03,27.7,56.1
2026-07-20 12:28:23,27.7,56.1
2026-07-20 12:28:43,27.7,56.2
2026-07-20 12:29:03,27.7,56.7
2026-07-20 12:29:23,27.7,56.9
2026-07-20 12:29:43,27.7,56.9
2026-07-20 12:30:03,27.7,56.8
2026-07-20 12:30:23,27.7,57.0
2026-07-20 12:30:43,27.7,57.1
2026-07-20 12:31:03,27.7,57.2
2026-07-20 12:31:23,27.7,57.3
2026-07-20 12:31:43,27.7,57.4
2026-07-20 12:32:03,27.6,57.4
2026-07-20 12:32:23,27.6,57.5
2026-07-20 12:32:43,27.6,57.7
2026-07-20 12:33:03,27.6,57.7
2026-07-20 12:33:23,27.5,57.7
2026-07-20 12:33:43,27.5,57.9
2026-07-20 12:34:03,27.5,58.0
2026-07-20 12:34:23,27.5,58.1
2026-07-20 12:34:43,27.5,58.2
2026-07-20 12:35:03,27.5,58.2
2026-07-20 12:35:24,27.5,58.0
2026-07-20 12:35:44,27.5,57.9
2026-07-20 12:36:04,27.6,57.9
2026-07-20 12:36:24,27.6,57.9
2026-07-20 12:36:44,27.6,57.9
2026-07-20 12:37:04,27.6,57.9
2026-07-20 12:37:24,27.6,57.9
2026-07-20 12:37:44,27.6,57.9
2026-07-20 12:38:04,27.6,58.0
2026-07-20 12:38:24,27.7,58.1
2026-07-20 12:38:44,27.7,58.0
2026-07-20 12:39:04,27.7,58.1
2026-07-20 12:39:24,27.7,58.1
2026-07-20 12:39:44,27.7,58.1
2026-07-20 12:40:04,27.7,58.1
2026-07-20 12:40:24,27.7,58.1
2026-07-20 12:40:44,27.7,58.1
2026-07-20 12:41:04,27.7,58.2
2026-07-20 12:41:24,27.7,58.4
2026-07-20 12:41:44,27.7,58.4
2026-07-20 12:42:04,27.8,58.3
2026-07-20 12:42:24,27.8,58.3
2026-07-20 12:42:44,27.8,58.3
2026-07-20 12:43:04,27.8,58.1
2026-07-20 12:43:24,27.8,58.1
2026-07-20 12:43:44,27.8,58.1
2026-07-20 12:44:04,27.8,58.1
2026-07-20 12:44:24,27.8,58.0
2026-07-20 12:44:44,27.8,58.1
2026-07-20 12:45:04,27.7,58.0
2026-07-20 12:45:24,27.7,58.0
2026-07-20 12:45:44,27.7,57.8
2026-07-20 12:46:04,27.7,57.6
2026-07-20 12:46:24,27.7,57.5
2026-07-20 12:46:44,27.7,57.5
2026-07-20 12:47:04,27.7,57.3
2026-07-20 12:47:24,27.7,57.2
2026-07-20 12:47:44,27.7,57.0
2026-07-20 12:48:04,27.7,56.7
2026-07-20 12:48:24,27.7,56.5
2026-07-20 12:48:44,27.7,56.5
2026-07-20 12:49:04,27.7,56.3
2026-07-20 12:49:24,27.7,56.2
2026-07-20 12:49:44,27.7,56.3
2026-07-20 12:50:04,27.7,56.3
2026-07-20 12:50:24,27.7,56.3
2026-07-20 12:50:44,27.7,56.4
2026-07-20 12:51:04,27.7,56.5
2026-07-20 12:51:24,27.7,56.7
2026-07-20 12:51:44,27.7,56.7
2026-07-20 12:52:04,27.7,56.8
2026-07-20 12:52:24,27.8,57.1
2026-07-20 12:52:45,27.8,57.1
2026-07-20 12:53:05,27.9,57.2
2026-07-20 12:53:25,27.9,57.3
2026-07-20 12:53:45,27.9,57.1
2026-07-20 12:54:05,28.0,56.8
2026-07-20 12:54:25,28.0,56.5
2026-07-20 12:54:45,28.0,56.3
2026-07-20 12:55:05,28.0,56.1
2026-07-20 12:55:25,28.0,56.0
2026-07-20 12:55:45,28.0,56.0
2026-07-20 12:56:05,28.0,56.0
2026-07-20 12:56:25,27.9,56.1
2026-07-20 12:56:45,27.9,56.2
2026-07-20 12:57:05,27.9,56.3
2026-07-20 12:57:25,27.8,56.3
2026-07-20 12:57:45,27.8,56.2
2026-07-20 12:58:05,27.8,56.2
2026-07-20 12:58:25,27.8,56.2
2026-07-20 12:58:45,27.8,56.1
2026-07-20 12:59:05,27.8,55.8
2026-07-20 12:59:25,27.8,55.7
2026-07-20 12:59:45,27.8,55.6
2026-07-20 13:00:05,27.7,55.5
2026-07-20 13:00:25,27.8,55.4
2026-07-20 13:00:45,27.7,55.1
2026-07-20 13:01:05,27.7,55.0
2026-07-20 13:01:25,27.7,55.1
2026-07-20 13:01:45,27.7,55.1
2026-07-20 13:02:05,27.7,55.0
2026-07-20 13:02:25,27.7,54.9
2026-07-20 13:02:45,27.7,54.8
2026-07-20 13:03:05,27.6,54.7
2026-07-20 13:03:25,27.7,54.8
2026-07-20 13:03:45,27.7,54.8
2026-07-20 13:04:05,27.7,55.0
2026-07-20 13:04:25,27.7,55.1
2026-07-20 13:04:45,27.7,55.1
2026-07-20 13:05:05,27.8,54.9
2026-07-20 13:05:25,27.8,54.9
2026-07-20 13:05:45,27.8,54.9
2026-07-20 13:06:05,27.8,54.9
2026-07-20 13:06:25,27.8,55.0
2026-07-20 13:06:45,27.8,55.1
2026-07-20 13:07:05,27.8,55.2
2026-07-20 13:07:25,27.9,55.2
2026-07-20 13:07:45,27.9,55.1
2026-07-20 13:08:05,27.9,55.1
2026-07-20 13:08:25,27.9,55.1
2026-07-20 13:08:45,27.9,55.1
2026-07-20 13:09:05,27.9,55.2
2026-07-20 13:09:25,27.9,55.2
2026-07-20 13:09:45,27.9,
2026-07-20 13:09:46,,55.2
2026-07-20 13:10:06,27.9,55.2
2026-07-20 13:10:26,27.9,55.2
2026-07-20 13:10:46,27.9,55.2
2026-07-20 13:11:06,27.9,55.2
2026-07-20 13:11:26,27.9,55.2
2026-07-20 13:11:46,27.9,54.9
2026-07-20 13:12:06,27.9,54.9
2026-07-20 13:12:26,27.9,54.9
2026-07-20 13:12:46,27.9,54.9
2026-07-20 13:13:06,27.9,55.0
2026-07-20 13:13:26,27.8,55.1
2026-07-20 13:13:46,27.8,55.2
2026-07-20 13:14:06,27.8,55.3
2026-07-20 13:14:26,27.8,55.4
2026-07-20 13:14:46,27.8,55.6
2026-07-20 13:15:06,27.8,55.6
2026-07-20 13:15:26,27.9,55.8
2026-07-20 13:15:46,27.9,55.8
2026-07-20 13:16:06,27.9,55.9
2026-07-20 13:16:26,27.9,56.0
2026-07-20 13:16:46,27.9,56.0
2026-07-20 13:17:06,27.9,56.1
2026-07-20 13:17:26,28.0,56.2
2026-07-20 13:17:46,28.0,56.1
2026-07-20 13:18:06,28.0,56.1
2026-07-20 13:18:26,28.0,56.1
2026-07-20 13:18:46,28.0,56.0
2026-07-20 13:19:06,27.9,55.9
2026-07-20 13:19:26,27.9,55.9
2026-07-20 13:19:46,27.9,56.0
2026-07-20 13:20:06,27.9,56.1
2026-07-20 13:20:26,28.0,56.0
2026-07-20 13:20:46,28.1,55.8
2026-07-20 13:21:06,28.1,55.7
2026-07-20 13:21:26,28.1,55.5
2026-07-20 13:21:46,28.1,55.4
2026-07-20 13:22:06,28.2,55.2
2026-07-20 13:22:26,28.2,55.1
2026-07-20 13:22:46,28.2,54.9
2026-07-20 13:23:06,28.2,54.8
2026-07-20 13:23:26,28.3,54.7
2026-07-20 13:23:46,28.3,54.6
2026-07-20 13:24:06,28.3,54.5
2026-07-20 13:24:26,28.3,54.4
2026-07-20 13:24:46,28.3,54.4
2026-07-20 13:25:06,28.4,54.4
2026-07-20 13:25:26,28.4,54.3
2026-07-20 13:25:46,28.4,54.4
2026-07-20 13:26:06,28.4,54.4
2026-07-20 13:26:26,28.4,54.4
2026-07-20 13:26:46,28.4,54.4
2026-07-20 13:27:06,28.4,54.4
2026-07-20 13:27:27,28.4,54.4
2026-07-20 13:27:47,28.4,54.6
2026-07-20 13:28:07,28.4,54.5
2026-07-20 13:28:27,28.3,54.6
2026-07-20 13:28:47,28.3,54.6
2026-07-20 13:29:07,28.3,54.6
2026-07-20 13:29:27,28.2,54.8
2026-07-20 13:29:47,28.3,54.9
2026-07-20 13:30:07,28.2,55.0
2026-07-20 13:30:27,28.2,55.0
2026-07-20 13:30:47,28.2,55.1
2026-07-20 13:31:07,28.2,55.3
2026-07-20 13:31:27,28.2,55.5
2026-07-20 13:31:47,28.2,55.6
2026-07-20 13:32:07,28.1,55.5
2026-07-20 13:32:27,28.1,55.4
2026-07-20 13:32:47,28.1,55.4
2026-07-20 13:33:07,28.1,55.5
2026-07-20 13:33:27,28.0,55.5
2026-07-20 13:33:47,28.0,55.6
2026-07-20 13:34:07,28.0,55.8
2026-07-20 13:34:27,28.0,55.9
2026-07-20 13:34:47,28.0,55.9
2026-07-20 13:35:07,28.0,55.9
2026-07-20 13:35:27,28.0,55.9
2026-07-20 13:35:47,28.0,55.9
2026-07-20 13:36:07,28.0,56.0
2026-07-20 13:36:27,28.0,56.2
2026-07-20 13:36:47,28.0,56.6
2026-07-20 13:37:07,28.1,56.8
2026-07-20 13:37:27,28.2,56.6
2026-07-20 13:38:02,28.2,56.3
2026-07-20 13:38:07,28.2,56.1
2026-07-20 13:38:27,28.2,56.1
2026-07-20 13:38:47,28.2,56.1
2026-07-20 13:39:07,28.2,56.1
2026-07-20 13:39:34,28.2,55.9
2026-07-20 13:39:47,28.1,56.0
2026-07-20 13:40:07,28.1,56.1
2026-07-20 13:40:27,28.0,56.2
2026-07-20 13:40:47,28.0,56.5
2026-07-20 13:41:07,28.0,56.6
2026-07-20 13:41:27,28.0,56.9
2026-07-20 13:41:47,28.0,57.4
2026-07-20 13:42:07,28.1,57.3
2026-07-20 13:42:27,28.1,57.3
2026-07-20 13:42:47,28.1,57.2
2026-07-20 13:43:07,28.1,57.1
2026-07-20 13:43:27,28.0,57.1
2026-07-20 13:43:47,28.0,57.2
2026-07-20 13:44:07,27.9,57.3
2026-07-20 13:44:27,27.8,
2026-07-20 13:44:28,,57.4
2026-07-20 13:44:48,27.8,57.5
2026-07-20 13:45:08,27.7,57.6
2026-07-20 13:45:28,27.7,57.8
2026-07-20 13:45:48,27.7,57.9
2026-07-20 13:46:08,27.7,58.1
2026-07-20 13:46:28,27.7,58.2
2026-07-20 13:46:48,27.7,58.3
2026-07-20 13:47:22,27.7,58.4
2026-07-20 13:47:28,27.7,58.5
2026-07-20 13:47:48,27.7,58.6
2026-07-20 13:48:08,27.7,58.7
2026-07-20 13:48:28,27.7,58.8
2026-07-20 13:48:48,27.7,58.8
2026-07-20 13:49:08,27.7,58.8
2026-07-20 13:49:28,27.7,58.8
2026-07-20 13:49:48,27.7,58.8
2026-07-20 13:50:08,27.7,58.7
2026-07-20 13:50:28,27.7,58.6
2026-07-20 13:50:48,27.7,58.6
2026-07-20 13:51:08,27.7,58.8
2026-07-20 13:51:28,27.7,58.9
2026-07-20 13:51:48,27.7,58.9
2026-07-20 13:52:08,27.7,59.0
2026-07-20 13:52:28,27.7,58.9
2026-07-20 13:52:48,27.6,58.9
2026-07-20 13:53:08,27.6,58.8
2026-07-20 13:53:28,27.7,59.3
2026-07-20 13:53:48,27.7,59.4
2026-07-20 13:54:08,27.7,59.4
2026-07-20 13:54:28,27.7,59.5
2026-07-20 13:54:48,27.8,59.5
2026-07-20 13:55:08,27.8,59.3
2026-07-20 13:55:28,27.8,59.2
2026-07-20 13:55:48,27.8,59.2
2026-07-20 13:56:08,27.8,59.2
2026-07-20 13:56:28,27.8,59.7
2026-07-20 13:56:48,27.8,59.9
2026-07-20 13:57:08,27.8,59.9
2026-07-20 13:57:28,27.8,59.7
2026-07-20 13:57:48,27.8,59.6
2026-07-20 13:58:08,27.8,59.6
2026-07-20 13:58:28,27.8,59.7
2026-07-20 13:58:48,27.8,59.5
2026-07-20 13:59:08,27.8,59.5
2026-07-20 13:59:28,27.8,59.5
2026-07-20 13:59:48,27.7,59.5
2026-07-20 14:00:08,27.7,59.6
2026-07-20 14:00:28,27.7,59.6
2026-07-20 14:00:48,27.7,59.4
2026-07-20 14:01:08,27.7,59.3
2026-07-20 14:01:28,27.7,59.3
2026-07-20 14:01:48,27.7,59.4
2026-07-20 14:02:09,27.7,59.6
2026-07-20 14:02:29,27.7,59.8
2026-07-20 14:02:49,27.6,59.7
2026-07-20 14:03:09,27.7,59.6
2026-07-20 14:03:29,27.7,60.2
2026-07-20 14:03:49,27.7,60.0
2026-07-20 14:04:09,27.7,60.1
2026-07-20 14:04:29,27.7,60.4
2026-07-20 14:04:49,27.7,60.9
2026-07-20 14:05:09,27.8,61.1
2026-07-20 14:05:29,27.9,61.3
2026-07-20 14:05:49,27.9,61.2
2026-07-20 14:06:09,28.0,60.9
2026-07-20 14:06:29,28.0,60.7
2026-07-20 14:06:49,28.0,60.6
2026-07-20 14:07:09,28.0,60.7
2026-07-20 14:07:29,28.0,60.7
2026-07-20 14:07:49,28.0,60.7
2026-07-20 14:08:09,28.0,60.9
2026-07-20 14:08:29,28.0,60.8
2026-07-20 14:08:49,28.1,60.9
2026-07-20 14:09:09,28.1,60.8
2026-07-20 14:09:29,28.1,60.7
2026-07-20 14:09:49,28.1,60.6
2026-07-20 14:10:09,28.1,60.6
2026-07-20 14:10:29,28.1,60.8
2026-07-20 14:10:49,28.1,60.9
2026-07-20 14:11:09,28.1,60.8
2026-07-20 14:11:29,28.1,60.5
2026-07-20 14:11:49,28.1,60.2
2026-07-20 14:12:09,28.1,60.0
2026-07-20 14:12:29,28.0,59.9
2026-07-20 14:12:49,28.1,60.0
2026-07-20 14:13:09,28.0,60.0
2026-07-20 14:13:29,28.0,59.9
2026-07-20 14:13:49,28.0,59.8
2026-07-20 14:14:09,28.0,59.8
2026-07-20 14:14:29,28.0,59.8
2026-07-20 14:14:49,28.0,59.8
2026-07-20 14:15:09,27.9,59.8
2026-07-20 14:15:29,27.9,59.7
2026-07-20 14:15:49,27.9,59.7
2026-07-20 14:16:09,27.9,59.8
2026-07-20 14:16:29,27.9,59.9
2026-07-20 14:16:49,27.8,59.9
2026-07-20 14:17:09,27.8,60.0
2026-07-20 14:17:29,27.8,60.0
2026-07-20 14:17:49,27.8,59.8
2026-07-20 14:18:09,27.8,59.7
2026-07-20 14:18:29,27.8,59.7
2026-07-20 14:18:49,27.8,59.8
2026-07-20 14:19:09,27.8,
2026-07-20 14:19:10,,59.9
2026-07-20 14:19:30,27.8,59.9
2026-07-20 14:19:50,27.8,59.7
2026-07-20 14:20:10,27.8,59.8
2026-07-20 14:20:30,27.8,59.7
2026-07-20 14:20:50,27.8,59.8
2026-07-20 14:21:10,27.8,59.7
2026-07-20 14:21:30,27.8,59.7
2026-07-20 14:21:50,27.8,59.8
2026-07-20 14:22:10,27.8,60.1
2026-07-20 14:22:30,27.8,60.3
2026-07-20 14:22:50,27.8,60.2
2026-07-20 14:23:10,27.8,60.1
2026-07-20 14:23:30,27.8,60.2
2026-07-20 14:23:50,27.8,60.0
2026-07-20 14:24:10,27.8,60.0
2026-07-20 14:24:30,27.8,60.0
2026-07-20 14:24:50,27.8,60.0
2026-07-20 14:25:10,27.8,59.9
2026-07-20 14:25:30,27.8,60.0
2026-07-20 14:25:50,27.8,60.1
2026-07-20 14:26:10,27.8,60.3
2026-07-20 14:26:30,27.8,60.5
2026-07-20 14:26:50,27.9,60.4
2026-07-20 14:27:10,27.9,60.3
2026-07-20 14:27:30,27.9,60.2
2026-07-20 14:27:50,27.9,60.1
2026-07-20 14:28:10,27.9,60.0
2026-07-20 14:28:30,28.0,59.9
2026-07-20 14:28:50,28.0,59.6
2026-07-20 14:29:10,28.0,59.4
2026-07-20 14:29:30,28.0,59.1
2026-07-20 14:29:50,28.0,59.0
2026-07-20 14:30:10,28.0,58.7
2026-07-20 14:30:30,28.0,58.5
2026-07-20 14:30:50,28.0,58.4
2026-07-20 14:31:10,27.9,58.2
2026-07-20 14:31:30,27.9,58.0
2026-07-20 14:31:50,27.9,57.8
2026-07-20 14:32:10,27.9,58.0
2026-07-20 14:32:30,27.9,57.9
2026-07-20 14:32:50,27.8,58.0
2026-07-20 14:33:10,27.8,57.9
2026-07-20 14:33:30,27.8,57.7
2026-07-20 14:33:50,27.8,58.2
2026-07-20 14:34:10,27.8,58.0
2026-07-20 14:34:30,27.8,57.9
2026-07-20 14:34:50,27.8,57.7
2026-07-20 14:35:10,27.8,57.6
2026-07-20 14:35:30,27.9,57.5
2026-07-20 14:35:50,27.9,57.6
2026-07-20 14:36:10,27.8,57.4
2026-07-20 14:36:30,27.8,57.4
2026-07-20 14:36:51,27.8,57.4
2026-07-20 14:37:11,27.8,57.4
2026-07-20 14:37:31,27.8,57.3
2026-07-20 14:37:51,27.7,57.3
2026-07-20 14:38:11,27.7,57.2
2026-07-20 14:38:31,27.7,57.1
2026-07-20 14:38:51,27.7,57.1
2026-07-20 14:39:11,27.7,57.0
2026-07-20 14:39:31,27.7,57.0
2026-07-20 14:39:51,27.7,57.1
2026-07-20 14:40:11,27.7,57.1
2026-07-20 14:40:31,27.7,57.3
2026-07-20 14:40:51,27.7,57.6
2026-07-20 14:41:11,27.8,57.8
2026-07-20 14:41:31,27.7,58.0
2026-07-20 14:41:51,27.8,57.9
2026-07-20 14:42:11,27.7,57.8
2026-07-20 14:42:31,27.7,57.8
2026-07-20 14:42:51,27.7,57.9
2026-07-20 14:43:11,27.7,57.8
2026-07-20 14:43:31,27.7,57.9
2026-07-20 14:43:51,27.7,57.9
2026-07-20 14:44:11,27.6,58.0
2026-07-20 14:44:31,27.7,58.1
2026-07-20 14:44:51,27.6,58.2
2026-07-20 14:45:11,27.6,58.3
2026-07-20 14:45:31,27.6,58.4
2026-07-20 14:45:51,27.6,58.4
2026-07-20 14:46:11,27.7,58.5
2026-07-20 14:46:31,27.7,58.5
2026-07-20 14:46:51,27.7,58.5
2026-07-20 14:47:11,27.7,58.6
2026-07-20 14:47:31,27.7,58.9
2026-07-20 14:47:51,27.7,59.0
2026-07-20 14:48:11,27.7,59.0
2026-07-20 14:48:31,27.8,59.1
2026-07-20 14:48:51,27.8,59.1
2026-07-20 14:49:11,27.9,59.1
2026-07-20 14:49:31,27.9,59.0
2026-07-20 14:49:51,27.9,58.9
2026-07-20 14:50:25,27.9,58.9
2026-07-20 14:50:31,27.9,58.8
2026-07-20 14:50:51,27.9,58.9
2026-07-20 14:51:11,27.9,58.8
2026-07-20 14:51:31,27.9,58.9
2026-07-20 14:51:51,27.9,58.9
2026-07-20 14:52:11,27.9,59.0
2026-07-20 14:52:31,27.9,59.1
2026-07-20 14:52:51,27.9,59.0
2026-07-20 14:53:11,27.9,59.1
2026-07-20 14:53:31,27.9,59.0
2026-07-20 14:53:51,27.9,59.1
2026-07-20 14:54:12,27.8,59.2
2026-07-20 14:54:32,27.8,59.3
2026-07-20 14:54:52,27.8,59.4
2026-07-20 14:55:12,27.8,59.5
2026-07-20 14:55:32,27.8,59.6
2026-07-20 14:55:52,27.8,59.6
2026-07-20 14:56:12,27.8,59.7
2026-07-20 14:56:32,27.8,59.9
2026-07-20 14:56:52,27.7,59.8
2026-07-20 14:57:12,27.7,59.8
2026-07-20 14:57:32,27.7,59.8
2026-07-20 14:57:52,27.7,59.8
2026-07-20 14:58:12,27.7,59.8
2026-07-20 14:58:32,27.7,59.7
2026-07-20 14:58:52,27.7,59.8
2026-07-20 14:59:12,27.7,59.8
2026-07-20 14:59:32,27.7,59.8
2026-07-20 14:59:52,27.7,59.8
2026-07-20 15:00:12,27.7,59.7
2026-07-20 15:00:32,27.7,59.7
2026-07-20 15:00:52,27.8,59.6
2026-07-20 15:01:12,27.8,59.5
2026-07-20 15:01:32,27.8,59.3
2026-07-20 15:01:52,27.8,59.3
2026-07-20 15:02:12,27.8,59.2
2026-07-20 15:02:32,27.8,59.2
2026-07-20 15:02:52,27.8,59.1
2026-07-20 15:03:12,27.8,59.0
2026-07-20 15:03:32,27.8,59.1
2026-07-20 15:03:52,27.8,59.2
2026-07-20 15:04:12,27.8,59.1
2026-07-20 15:04:32,27.8,59.1
2026-07-20 15:04:52,27.8,59.1
2026-07-20 15:05:12,27.8,59.0
2026-07-20 15:05:32,27.8,58.9
2026-07-20 15:05:52,27.8,58.9
2026-07-20 15:06:12,27.7,58.9
2026-07-20 15:06:32,27.7,59.3
2026-07-20 15:06:52,27.7,59.4
2026-07-20 15:07:12,27.7,59.4
2026-07-20 15:07:32,27.7,59.4
2026-07-20 15:07:52,27.7,59.4
2026-07-20 15:08:12,27.7,59.3
2026-07-20 15:08:32,27.7,59.2
2026-07-20 15:08:52,27.7,59.1
2026-07-20 15:09:12,27.7,59.0
2026-07-20 15:09:32,27.7,58.9
2026-07-20 15:09:52,27.7,58.8
2026-07-20 15:10:12,27.7,58.9
2026-07-20 15:10:32,27.6,58.9
2026-07-20 15:10:52,27.6,59.0
2026-07-20 15:11:12,27.6,59.0
2026-07-20 15:11:33,27.6,59.3
2026-07-20 15:11:53,27.6,59.2
2026-07-20 15:12:13,27.6,59.2
2026-07-20 15:12:33,27.5,59.1
2026-07-20 15:12:53,27.5,59.0
2026-07-20 15:13:13,27.5,59.0
2026-07-20 15:13:33,27.5,59.2
2026-07-20 15:13:53,27.5,59.3
2026-07-20 15:14:13,27.5,59.3
2026-07-20 15:14:33,27.4,59.2
2026-07-20 15:14:53,27.4,59.1
2026-07-20 15:15:13,27.4,59.1
2026-07-20 15:15:33,27.4,59.1
2026-07-20 15:15:53,27.4,59.2
2026-07-20 15:16:13,27.4,59.1
2026-07-20 15:16:33,27.4,59.3
2026-07-20 15:16:53,27.4,59.6
2026-07-20 15:17:13,27.4,59.5
2026-07-20 15:17:33,27.4,59.5
2026-07-20 15:17:53,27.4,59.5
2026-07-20 15:18:13,27.5,59.4
2026-07-20 15:18:33,27.4,59.4
2026-07-20 15:18:53,27.4,59.3
2026-07-20 15:19:13,27.5,59.2
2026-07-20 15:19:33,27.5,59.2
2026-07-20 15:19:53,27.5,59.2
2026-07-20 15:20:13,27.5,59.2
2026-07-20 15:20:33,27.5,59.2
2026-07-20 15:20:53,27.5,59.4
2026-07-20 15:21:13,27.5,59.4
2026-07-20 15:21:33,27.5,59.3
2026-07-20 15:21:53,27.5,59.2
2026-07-20 15:22:13,27.5,59.2
2026-07-20 15:22:33,27.5,59.0
2026-07-20 15:22:53,27.5,59.0
2026-07-20 15:23:13,27.5,58.9
2026-07-20 15:23:33,27.5,59.0
2026-07-20 15:23:53,27.5,59.0
2026-07-20 15:24:13,27.5,59.0
2026-07-20 15:24:33,27.5,59.0
2026-07-20 15:24:53,27.4,59.1
2026-07-20 15:25:13,27.4,59.2
2026-07-20 15:25:33,27.4,59.2
2026-07-20 15:25:53,27.4,59.0
2026-07-20 15:26:13,27.4,59.1
2026-07-20 15:26:33,27.4,59.3
2026-07-20 15:26:53,27.4,59.4
2026-07-20 15:27:13,27.4,59.4
2026-07-20 15:27:33,27.4,59.5
2026-07-20 15:27:53,27.4,59.4
2026-07-20 15:28:13,27.4,59.4
2026-07-20 15:28:33,27.5,59.4
2026-07-20 15:28:54,27.4,59.4
2026-07-20 15:29:14,27.4,59.3
2026-07-20 15:29:34,27.4,59.3
2026-07-20 15:29:54,27.5,59.4
2026-07-20 15:30:14,27.5,59.4
2026-07-20 15:30:34,27.5,59.5
2026-07-20 15:30:54,27.5,59.5
2026-07-20 15:31:14,27.5,59.4
2026-07-20 15:31:34,27.5,59.4
2026-07-20 15:31:54,27.5,59.6
2026-07-20 15:32:14,27.5,59.5
2026-07-20 15:32:34,27.5,59.4
2026-07-20 15:32:54,27.6,59.4
2026-07-20 15:33:14,27.6,59.3
2026-07-20 15:33:34,27.6,59.2
2026-07-20 15:33:54,27.6,59.3
2026-07-20 15:34:14,27.6,59.3
2026-07-20 15:34:34,27.6,59.4
2026-07-20 15:34:54,27.6,59.4
2026-07-20 15:35:14,27.6,59.4
2026-07-20 15:35:34,27.5,59.3
2026-07-20 15:35:54,27.6,59.2
2026-07-20 15:36:14,27.6,59.4
2026-07-20 15:36:34,27.6,59.4
2026-07-20 15:36:54,27.6,59.4
2026-07-20 15:37:14,27.5,59.5
2026-07-20 15:37:34,27.5,59.4
2026-07-20 15:37:54,27.5,59.6
2026-07-20 15:38:14,27.5,59.7
2026-07-20 15:38:34,27.5,59.7
2026-07-20 15:38:54,27.5,59.7
2026-07-20 15:39:14,27.5,59.7
2026-07-20 15:39:34,27.5,59.7
2026-07-20 15:39:54,27.5,59.7
2026-07-20 15:40:14,27.5,59.7
2026-07-20 15:40:34,27.5,59.7
2026-07-20 15:40:54,27.5,59.7
2026-07-20 15:41:14,27.5,59.8
2026-07-20 15:41:34,27.5,59.8
2026-07-20 15:41:54,27.5,59.9
2026-07-20 15:42:14,27.5,59.9
2026-07-20 15:42:34,27.5,60.0
2026-07-20 15:42:54,27.5,60.0
2026-07-20 15:43:14,27.5,60.1
2026-07-20 15:43:34,27.5,60.0
2026-07-20 15:43:54,27.5,59.9
2026-07-20 15:44:14,27.5,59.9
2026-07-20 15:44:34,27.5,59.9
2026-07-20 15:44:54,27.5,59.8
2026-07-20 15:45:14,27.5,
2026-07-20 15:45:15,,59.8
2026-07-20 15:45:35,27.5,59.8
2026-07-20 15:45:55,27.5,59.9
2026-07-20 15:46:15,27.5,60.0
2026-07-20 15:46:35,27.5,60.1
2026-07-20 15:46:55,27.6,60.1
2026-07-20 15:47:15,27.6,60.0
2026-07-20 15:47:35,27.6,60.0
2026-07-20 15:47:55,27.6,59.9
2026-07-20 15:48:15,27.6,59.8
2026-07-20 15:48:35,27.6,59.8
2026-07-20 15:48:55,27.6,59.7
2026-07-20 15:49:15,27.6,59.6
2026-07-20 15:49:35,27.6,59.6
2026-07-20 15:49:55,27.6,59.6
2026-07-20 15:50:15,27.6,59.6
2026-07-20 15:50:35,27.5,59.7
2026-07-20 15:50:55,27.5,59.8
2026-07-20 15:51:15,27.5,59.9
2026-07-20 15:51:35,27.5,60.0
2026-07-20 15:51:55,27.5,60.0
2026-07-20 15:52:15,27.5,60.1
2026-07-20 15:52:35,27.5,60.1
2026-07-20 15:52:55,27.5,60.1
2026-07-20 15:53:15,27.5,60.1
2026-07-20 15:53:35,27.5,60.1
2026-07-20 15:53:55,27.5,60.1
2026-07-20 15:54:15,27.6,60.2
2026-07-20 15:54:35,27.5,60.1
2026-07-20 15:54:55,27.5,60.2
2026-07-20 15:55:15,27.5,60.2
2026-07-20 15:55:35,27.5,60.2
2026-07-20 15:55:55,27.5,60.2
2026-07-20 15:56:15,27.5,60.2
2026-07-20 15:56:35,27.5,60.3
2026-07-20 15:56:55,27.5,60.2
2026-07-20 15:57:15,27.4,60.2
2026-07-20 15:57:35,27.5,60.2
2026-07-20 15:57:55,27.5,60.2
2026-07-20 15:58:15,27.5,60.2
2026-07-20 15:58:35,27.5,60.3
2026-07-20 15:58:55,27.5,60.4
2026-07-20 15:59:15,27.5,60.4
2026-07-20 15:59:35,27.5,60.6
2026-07-20 15:59:55,27.5,60.6
2026-07-20 16:00:15,27.5,60.6
2026-07-20 16:00:35,27.6,60.5
2026-07-20 16:00:55,27.6,60.5
2026-07-20 16:01:15,27.6,60.6
2026-07-20 16:01:35,27.6,60.5
2026-07-20 16:01:55,27.6,60.5
2026-07-20 16:02:15,27.6,60.4
2026-07-20 16:02:35,27.6,60.7
2026-07-20 16:02:56,27.6,60.8
2026-07-20 16:03:16,27.6,60.7
2026-07-20 16:03:36,27.6,60.6
2026-07-20 16:03:56,27.6,60.5
2026-07-20 16:04:16,27.6,60.6
2026-07-20 18:20:35,26.4,66.4
2026-07-20 18:20:55,26.4,66.5
2026-07-20 18:21:14,26.4,66.4
2026-07-20 18:21:34,26.4,66.2
2026-07-20 18:21:55,26.4,66.2
2026-07-20 18:22:15,26.4,66.2
2026-07-20 18:22:35,26.4,66.0
2026-07-20 18:22:55,26.4,65.9
2026-07-20 18:23:15,26.4,65.9
2026-07-20 18:23:35,26.4,65.8
2026-07-20 18:23:55,26.4,65.8
2026-07-20 18:24:15,26.4,65.7
2026-07-20 18:24:35,26.4,65.8
2026-07-20 18:24:55,26.4,65.8
2026-07-20 18:25:15,26.4,65.9
2026-07-20 18:25:35,26.4,66.0
2026-07-20 18:25:55,26.4,66.0
2026-07-20 18:26:15,26.4,66.0
2026-07-20 18:26:35,26.4,66.0
2026-07-20 18:26:55,26.4,66.0
2026-07-20 18:27:15,26.4,66.0
2026-07-20 18:27:35,26.3,65.9
2026-07-20 18:27:55,26.4,66.0
2026-07-20 18:28:15,26.3,66.0
2026-07-20 18:28:35,26.3,66.1
2026-07-20 18:28:55,26.3,66.0
2026-07-20 18:29:15,26.3,66.1
2026-07-20 18:29:35,26.3,66.2
2026-07-20 18:29:55,26.3,66.1
2026-07-20 18:30:15,26.3,66.1
2026-07-20 18:30:35,26.3,66.6
2026-07-20 18:30:55,26.3,66.8
2026-07-20 18:31:15,26.3,66.7
2026-07-20 18:31:35,26.3,66.6
2026-07-20 18:31:55,26.3,66.8
2026-07-20 18:32:15,26.3,66.7
2026-07-20 18:32:35,26.3,66.5
2026-07-20 18:32:55,26.3,66.4
2026-07-20 18:33:15,26.3,66.4
2026-07-20 18:33:35,26.3,66.5
2026-07-20 18:33:55,26.3,66.5
2026-07-20 18:34:15,26.3,66.5
2026-07-20 18:34:35,26.3,66.5
2026-07-20 18:34:55,26.3,66.7
2026-07-20 18:35:15,26.3,67.0
2026-07-20 18:35:35,26.3,67.1
2026-07-20 18:35:55,26.3,66.7
2026-07-20 18:36:15,26.3,66.6
2026-07-20 18:36:35,26.3,66.6
2026-07-20 18:36:55,26.3,66.8
2026-07-20 18:37:15,26.3,67.1
2026-07-20 18:37:35,26.3,67.2
2026-07-20 18:37:55,26.3,67.3
2026-07-20 18:38:15,26.3,67.4
2026-07-20 18:38:35,26.2,67.1
2026-07-20 18:38:55,26.2,67.0
2026-07-20 18:39:15,26.3,67.0
2026-07-20 18:39:36,26.3,67.1
2026-07-20 18:39:56,26.2,66.9
2026-07-20 18:40:16,26.3,67.1
2026-07-20 18:40:36,26.3,67.3
2026-07-20 18:40:56,26.3,67.1
2026-07-20 18:41:16,26.2,67.0
2026-07-20 18:41:36,26.3,67.1
2026-07-20 18:41:56,26.2,67.3
2026-07-20 18:42:16,26.2,67.2
2026-07-20 18:42:36,26.3,67.0
2026-07-20 18:42:56,26.3,67.1
2026-07-20 18:43:16,26.2,67.1
2026-07-20 18:43:36,26.3,67.1
2026-07-20 18:43:56,26.2,67.0
2026-07-20 18:44:16,26.3,67.1
2026-07-20 18:44:36,26.3,67.0
2026-07-20 18:44:56,26.2,67.0
2026-07-20 18:45:16,26.3,67.1
2026-07-20 18:45:36,26.2,67.1
2026-07-20 18:45:56,26.3,67.1
2026-07-20 18:46:16,26.3,67.0
2026-07-20 18:46:36,26.2,67.0
2026-07-20 18:46:56,26.3,67.0
2026-07-20 18:47:16,26.3,67.1
2026-07-20 18:47:36,26.3,66.9
2026-07-20 18:47:56,26.2,67.1
2026-07-20 18:48:16,26.2,67.2
2026-07-20 18:48:36,26.2,67.3
2026-07-20 18:48:56,26.2,67.1
2026-07-20 18:49:16,26.2,67.1
2026-07-20 18:49:36,26.2,67.1
2026-07-20 18:49:56,26.2,67.5
2026-07-20 18:50:16,26.2,67.2
2026-07-20 18:50:36,26.2,67.2
2026-07-20 18:50:56,26.2,67.1
2026-07-20 18:51:16,26.2,67.1
2026-07-20 18:51:36,26.2,67.1
2026-07-20 18:51:56,26.2,67.0
2026-07-20 18:52:16,26.2,67.0
2026-07-20 18:52:36,26.2,67.0
2026-07-20 18:52:56,26.2,67.0
2026-07-20 18:53:16,26.2,67.0
2026-07-20 18:53:36,26.2,67.0
2026-07-20 18:53:56,26.2,66.9
2026-07-20 18:54:16,26.2,66.9
2026-07-20 18:54:36,26.2,66.9
2026-07-20 18:54:56,26.2,66.9
2026-07-20 18:55:16,26.2,66.9
2026-07-20 18:55:36,26.2,66.9
2026-07-20 18:55:56,26.2,66.9
2026-07-20 18:56:16,26.2,66.9
2026-07-20 18:56:36,26.2,66.9
2026-07-20 18:56:57,26.2,66.9
2026-07-20 18:57:17,26.2,66.9
2026-07-20 18:57:37,26.2,67.0
2026-07-20 18:57:57,26.2,66.9
2026-07-20 18:58:17,26.2,66.9
2026-07-20 18:58:37,26.2,67.0
2026-07-20 18:58:57,26.2,67.0
2026-07-20 18:59:17,26.2,67.0
2026-07-20 18:59:37,26.2,67.0
2026-07-20 18:59:57,26.1,67.0
2026-07-20 19:00:17,26.1,67.0
2026-07-20 19:00:37,26.1,67.0
2026-07-20 19:00:57,26.1,67.0
2026-07-20 19:01:17,26.1,67.2
2026-07-20 19:01:37,26.1,67.2
2026-07-20 19:01:57,26.1,67.1
2026-07-20 19:02:17,26.1,67.1
2026-07-20 19:02:37,26.1,67.1
2026-07-20 19:02:57,26.1,67.1
2026-07-20 19:03:17,26.1,67.1
2026-07-20 19:03:37,26.1,67.1
2026-07-20 19:03:57,26.1,67.1
2026-07-20 19:04:17,26.1,67.1
2026-07-20 19:04:37,26.1,67.1
2026-07-20 19:04:57,26.1,67.0
2026-07-20 19:05:17,26.1,67.1
2026-07-20 19:05:37,26.1,67.0
2026-07-20 19:05:57,26.1,67.0
2026-07-20 19:06:17,26.1,67.1
2026-07-20 19:06:37,26.1,67.1
2026-07-20 19:06:57,26.1,67.1
2026-07-20 19:07:17,26.1,67.1
2026-07-20 19:07:37,26.1,67.1
2026-07-20 19:07:57,26.1,67.1
2026-07-20 19:08:17,26.1,67.1
2026-07-20 19:08:37,26.1,67.0
2026-07-20 19:08:57,26.1,67.1
2026-07-20 19:09:17,26.0,67.1
2026-07-20 19:09:37,26.1,67.1
2026-07-20 19:09:57,26.1,67.1
2026-07-20 19:10:17,26.1,67.1
2026-07-20 19:10:37,26.1,67.1
2026-07-20 19:10:57,26.0,67.1
2026-07-20 19:11:17,26.0,67.1
2026-07-20 19:11:37,26.0,67.2
2026-07-20 19:11:57,26.0,67.2
2026-07-20 19:12:17,26.0,67.2
2026-07-20 19:12:38,26.1,67.2
2026-07-20 19:12:57,26.1,67.3
2026-07-20 19:13:18,26.0,67.4
2026-07-20 19:13:37,26.0,67.6
2026-07-20 19:13:58,26.0,67.6
2026-07-20 19:14:18,26.0,67.7
2026-07-20 19:14:38,26.0,67.8
2026-07-20 19:14:58,26.0,67.6
2026-07-20 19:15:18,26.0,67.6
2026-07-20 19:15:38,26.0,67.7
2026-07-20 19:15:58,26.0,67.7
2026-07-20 19:16:18,26.1,67.7
2026-07-20 19:16:38,26.1,67.7
2026-07-20 19:16:58,26.0,67.8
2026-07-20 19:17:18,26.1,68.0
2026-07-20 19:17:38,26.1,68.2
2026-07-20 19:17:58,26.1,68.2
2026-07-20 19:18:18,26.0,67.9
2026-07-20 19:18:38,26.1,68.2
2026-07-20 19:18:58,26.1,68.1
2026-07-20 19:19:18,26.0,67.9
2026-07-20 19:19:38,26.1,67.9
2026-07-20 19:19:58,26.0,68.1
2026-07-20 19:20:18,26.1,68.1
2026-07-20 19:20:38,26.1,67.8
2026-07-20 19:20:58,26.1,67.7
2026-07-20 19:21:18,26.1,67.7
2026-07-20 19:21:38,26.1,67.7
2026-07-20 19:21:58,26.1,67.6
2026-07-20 19:22:18,26.1,67.8
2026-07-20 19:22:38,26.1,68.0
2026-07-20 19:22:58,26.1,68.0
2026-07-20 19:23:18,26.1,68.1
2026-07-20 19:23:38,26.1,68.2
2026-07-20 19:23:58,26.1,68.1
2026-07-20 19:24:18,26.1,68.0
2026-07-20 19:24:38,26.1,68.1
2026-07-20 19:24:58,26.1,68.1
2026-07-20 19:25:18,26.1,68.1
2026-07-20 19:25:38,26.1,68.0
2026-07-20 19:25:58,26.1,68.2
2026-07-20 19:26:18,26.1,68.3
2026-07-20 19:26:38,26.1,68.3
2026-07-20 19:26:58,26.1,68.3
2026-07-20 19:27:18,26.1,68.2
2026-07-20 19:27:38,26.1,68.4
2026-07-20 19:27:58,26.1,68.4
2026-07-20 19:28:18,26.1,68.5
2026-07-20 19:28:38,26.1,68.5
2026-07-20 19:28:58,26.1,68.5
2026-07-20 19:29:18,26.1,68.3
2026-07-20 19:29:38,26.1,68.2
2026-07-20 19:29:58,26.1,
2026-07-20 19:29:59,,68.2
2026-07-20 19:30:18,26.1,68.2
2026-07-20 19:30:39,26.1,68.2
2026-07-20 19:30:59,26.1,68.1
2026-07-20 19:31:19,26.1,68.1
2026-07-20 19:31:39,26.1,68.3
2026-07-20 19:31:59,26.1,68.4
2026-07-20 19:32:19,26.1,68.3
2026-07-20 19:32:39,26.1,68.3
2026-07-20 19:32:59,26.1,68.5
2026-07-20 19:33:19,26.1,68.6
2026-07-20 19:33:39,26.1,68.8
2026-07-20 19:33:59,26.1,68.8
2026-07-20 19:34:19,26.0,68.8
2026-07-20 19:34:39,26.0,68.9
2026-07-20 19:34:59,26.0,69.0
2026-07-20 19:35:19,26.0,69.0
2026-07-20 19:35:39,26.0,69.1
2026-07-20 19:35:59,26.0,69.1
2026-07-20 19:36:19,26.0,69.1
2026-07-20 19:36:39,26.0,69.1
2026-07-20 19:36:59,26.0,69.1
2026-07-20 19:37:19,26.0,69.2
2026-07-20 19:37:39,26.0,69.2
2026-07-20 19:37:59,26.0,69.3
2026-07-20 19:38:19,26.0,69.3
2026-07-20 19:38:39,25.9,69.3
2026-07-20 19:38:59,25.9,69.2
2026-07-20 19:39:19,25.9,69.2
2026-07-20 19:39:39,25.9,69.1
2026-07-20 19:39:59,25.9,69.2
2026-07-20 19:40:19,25.9,69.4
2026-07-20 19:40:40,25.9,69.5
2026-07-20 19:40:59,25.9,69.6
2026-07-20 19:41:19,25.9,69.7
2026-07-20 19:41:39,25.9,69.8
2026-07-20 19:41:59,25.9,69.8
2026-07-20 19:42:19,25.8,69.8
2026-07-20 19:42:39,25.8,70.0
2026-07-20 19:42:59,25.8,70.1
2026-07-20 19:43:19,25.8,70.2
2026-07-20 19:43:39,25.8,70.2
2026-07-20 19:43:59,25.8,70.2
2026-07-20 19:44:19,25.8,70.2
2026-07-20 19:44:39,25.8,70.2
2026-07-20 19:44:59,25.8,70.1
2026-07-20 19:45:19,25.8,70.0
2026-07-20 19:45:39,25.9,69.9
2026-07-20 19:46:00,25.9,69.7
2026-07-20 19:46:20,25.9,69.8
2026-07-20 19:46:40,25.9,69.8
2026-07-20 19:47:00,25.9,69.8
2026-07-20 19:47:20,25.9,69.9
2026-07-20 19:47:40,25.9,69.9
2026-07-20 19:48:00,25.9,69.8
2026-07-20 19:48:20,25.9,69.7
2026-07-20 19:48:40,25.9,69.6
2026-07-20 19:49:00,25.9,69.6
2026-07-20 19:49:20,25.9,69.6
2026-07-20 19:49:40,25.9,69.6
2026-07-20 19:50:00,25.9,69.7
2026-07-20 19:50:20,25.9,69.8
2026-07-20 19:50:40,25.9,69.8
2026-07-20 19:51:00,25.9,69.6
2026-07-20 19:51:20,25.9,69.7
2026-07-20 19:51:40,25.9,69.6
2026-07-20 19:52:00,26.0,69.7
2026-07-20 19:52:20,26.0,69.6
2026-07-20 19:52:40,26.0,69.7
2026-07-20 19:53:00,26.0,69.7
2026-07-20 19:53:20,26.0,69.6
2026-07-20 19:53:40,26.0,69.7
2026-07-20 19:54:00,26.0,69.7
2026-07-20 19:54:20,26.0,69.9
2026-07-20 19:54:40,26.0,69.9
2026-07-20 19:55:00,26.0,69.8
2026-07-20 19:55:20,26.0,69.7
2026-07-20 19:55:40,26.0,69.9
2026-07-20 19:56:00,26.0,69.8
2026-07-20 19:56:20,25.9,69.8
2026-07-20 19:56:40,25.9,69.8
2026-07-20 19:57:00,25.9,69.8
2026-07-20 19:57:20,25.9,69.9
2026-07-20 19:57:40,25.9,70.0
2026-07-20 19:58:00,25.9,70.1
2026-07-20 19:58:20,25.9,70.1
2026-07-20 19:58:40,25.9,70.0
2026-07-20 19:59:00,25.9,70.0
2026-07-20 19:59:20,25.9,70.1
2026-07-20 19:59:40,25.9,70.1
2026-07-20 20:00:00,25.9,70.1
2026-07-20 20:00:20,25.9,70.1
2026-07-20 20:00:40,26.0,70.2
2026-07-20 20:01:00,25.9,70.1
2026-07-20 20:01:20,26.0,70.1
2026-07-20 20:01:40,26.0,70.1
2026-07-20 20:02:00,25.9,70.0
2026-07-20 20:02:20,26.0,70.0
2026-07-20 20:02:40,26.0,70.1
2026-07-20 20:03:00,26.0,70.1
2026-07-20 20:03:21,26.0,70.1
2026-07-20 20:03:41,26.0,70.0
2026-07-20 20:04:01,26.0,70.0
2026-07-20 20:04:21,26.0,70.0
2026-07-20 20:04:41,26.0,70.1
2026-07-20 20:05:01,26.0,70.0
2026-07-20 20:05:21,26.0,70.0
2026-07-20 20:05:41,26.0,69.9
2026-07-20 20:06:01,26.0,70.0
2026-07-20 20:06:21,26.0,70.0
2026-07-20 20:06:41,26.0,70.0
2026-07-20 20:07:01,26.0,70.1
2026-07-20 20:07:21,26.0,70.1
2026-07-20 20:07:41,26.0,70.0
2026-07-20 20:08:01,26.0,70.2
2026-07-20 20:08:21,26.0,70.3
2026-07-20 20:08:41,26.0,70.2
2026-07-20 20:09:01,26.0,70.3
2026-07-20 20:09:21,26.0,70.5
2026-07-20 20:09:41,26.0,70.6
2026-07-20 20:10:01,26.0,70.3
2026-07-20 20:10:21,26.0,70.2
2026-07-20 20:10:41,26.0,70.3
2026-07-20 20:11:01,26.0,70.2
2026-07-20 20:11:21,26.0,70.3
2026-07-20 20:11:41,26.0,70.4
2026-07-20 20:12:01,26.0,70.4
2026-07-20 20:12:21,26.0,70.6
2026-07-20 20:12:41,26.0,70.7
2026-07-20 20:13:01,26.0,70.7
2026-07-20 20:13:21,25.9,70.7
2026-07-20 20:13:41,25.9,70.9
2026-07-20 20:14:01,25.9,70.8
2026-07-20 20:14:21,25.9,70.9
2026-07-20 20:14:41,25.9,71.0
2026-07-20 20:15:01,25.9,71.0
2026-07-20 20:15:21,25.9,71.1
2026-07-20 20:15:41,25.9,71.1
2026-07-20 20:16:01,25.9,71.2
2026-07-20 20:16:21,25.9,71.1
2026-07-20 20:16:41,25.9,71.1
2026-07-20 20:17:01,25.9,71.1
2026-07-20 20:17:21,25.9,71.2
2026-07-20 20:17:41,25.9,71.4
2026-07-20 20:18:01,25.9,71.3
2026-07-20 20:18:21,25.8,71.4
2026-07-20 20:18:41,25.8,71.5
2026-07-20 20:19:01,25.8,71.5
2026-07-20 20:19:22,25.8,71.6
2026-07-20 20:19:42,25.8,71.7
2026-07-20 20:20:02,25.8,71.6
2026-07-20 20:20:22,25.8,71.5
2026-07-20 20:20:42,25.8,71.3
2026-07-20 20:21:02,25.8,71.4
2026-07-20 20:21:22,25.9,71.4
2026-07-20 20:21:42,25.9,71.5
2026-07-20 20:22:02,25.8,71.6
2026-07-20 20:22:22,25.9,71.7
2026-07-20 20:22:42,25.9,71.7
2026-07-20 20:23:02,25.8,71.8
2026-07-20 20:23:22,25.8,71.7
2026-07-20 20:23:42,25.8,71.7
2026-07-20 20:24:02,25.8,71.7
2026-07-20 20:24:22,25.8,71.8
2026-07-20 20:24:42,25.8,71.8
2026-07-20 20:25:02,25.8,71.8
2026-07-20 20:25:22,25.8,71.8
2026-07-20 20:25:42,25.8,71.9
2026-07-20 20:26:02,25.8,71.9
2026-07-20 20:26:22,25.8,72.0
2026-07-20 20:26:42,25.8,72.0
2026-07-20 20:27:02,25.8,72.2
2026-07-20 20:27:22,25.8,72.3
2026-07-20 20:27:42,25.8,72.3
2026-07-20 20:28:02,25.8,72.5
2026-07-20 20:28:22,25.8,72.6
2026-07-20 20:28:42,25.8,72.6
2026-07-20 20:29:02,25.8,72.6
2026-07-20 20:29:22,25.8,72.6
2026-07-20 20:29:42,25.8,72.6
2026-07-20 20:30:02,25.8,72.6
2026-07-20 20:30:22,25.8,72.7
2026-07-20 20:30:42,25.8,72.7
2026-07-20 20:31:02,25.9,72.7
2026-07-20 20:31:22,25.8,72.7
2026-07-20 20:31:42,25.8,72.7
2026-07-20 20:32:02,25.8,72.7
2026-07-20 20:32:22,25.9,72.8
2026-07-20 20:32:42,25.8,72.8
2026-07-20 20:33:02,25.8,72.8
2026-07-20 20:33:22,25.8,72.7
2026-07-20 20:33:42,25.8,72.6
2026-07-20 20:34:02,25.9,72.7
2026-07-20 20:34:22,25.8,72.7
2026-07-20 20:34:42,25.8,72.7
2026-07-20 20:35:02,25.8,72.6
2026-07-20 20:35:22,25.8,72.5
2026-07-20 20:35:42,25.9,72.6
2026-07-20 20:36:02,25.9,72.5
2026-07-20 20:36:23,25.9,72.5
2026-07-20 20:36:42,25.9,72.6
2026-07-20 20:37:02,25.9,72.6
2026-07-20 20:37:23,25.9,72.6
2026-07-20 20:37:42,25.9,72.6
2026-07-20 20:38:03,25.9,72.7
2026-07-20 20:38:23,25.9,72.7
2026-07-20 20:38:43,25.9,72.6
2026-07-20 20:39:03,25.9,72.6
2026-07-20 20:39:23,25.9,72.6
2026-07-20 20:39:43,25.9,72.6
2026-07-20 20:40:03,25.9,72.7
2026-07-20 20:40:23,25.9,72.8
2026-07-20 20:40:43,25.8,72.7
2026-07-20 20:41:03,25.9,72.6
2026-07-20 20:41:23,25.9,72.8
2026-07-20 20:41:43,25.9,72.8
2026-07-20 20:42:03,25.9,72.9
2026-07-20 20:42:23,25.9,73.0
2026-07-20 20:42:43,25.9,73.1
2026-07-20 20:43:03,25.9,73.2
2026-07-20 20:43:23,25.9,73.2
2026-07-20 20:43:43,25.9,73.3
2026-07-20 20:44:03,25.8,73.2
2026-07-20 20:44:23,25.9,73.3
2026-07-20 20:44:43,25.9,73.3
2026-07-20 20:45:03,25.8,73.4
2026-07-20 20:45:23,25.8,73.4
2026-07-20 20:45:43,25.8,73.4
2026-07-20 20:46:03,25.8,73.5
2026-07-20 20:46:23,25.8,73.5
2026-07-20 20:46:43,25.8,73.6
2026-07-20 20:47:03,25.8,73.7
2026-07-20 20:47:23,25.8,73.6
2026-07-20 20:47:43,25.8,73.7
2026-07-20 20:48:03,25.8,73.7
2026-07-20 20:48:23,25.8,73.8
2026-07-20 20:48:43,25.8,73.8
2026-07-20 20:49:03,25.8,73.8
2026-07-20 20:49:23,25.8,73.8
2026-07-20 20:49:43,25.8,73.8
2026-07-20 20:50:03,25.8,73.9
2026-07-20 20:50:23,25.8,73.9
2026-07-20 20:50:43,25.8,73.9
2026-07-20 20:51:03,25.8,73.9
2026-07-20 20:51:23,25.8,74.0
2026-07-20 20:51:43,25.8,74.0
2026-07-20 20:52:03,25.8,74.1
2026-07-20 20:52:23,25.8,74.0
2026-07-20 20:52:43,25.8,74.0
2026-07-20 20:53:03,25.7,74.0
2026-07-20 20:53:23,25.7,74.0
2026-07-20 20:53:43,25.8,74.0
2026-07-20 20:54:03,25.7,74.1
2026-07-20 20:54:23,25.8,74.1
2026-07-20 20:54:44,25.8,74.0
2026-07-20 20:55:03,25.8,73.9
2026-07-20 20:55:24,25.8,73.9
2026-07-20 20:55:44,25.8,73.9
2026-07-20 20:56:04,25.8,73.9
2026-07-20 20:56:24,25.8,73.9
2026-07-20 20:56:44,25.8,73.8
2026-07-20 20:57:04,25.8,73.8
2026-07-20 20:57:24,25.8,73.9
2026-07-20 20:57:44,25.8,73.8
2026-07-20 20:58:04,25.8,73.8
2026-07-20 20:58:24,25.8,73.9
2026-07-20 20:58:44,25.8,73.9
2026-07-20 20:59:04,25.8,74.1
2026-07-20 20:59:24,25.8,74.3
2026-07-20 20:59:44,25.8,74.3
2026-07-20 21:00:04,25.8,74.3
2026-07-20 21:00:24,25.8,74.3
2026-07-20 21:00:44,25.8,74.4
2026-07-20 21:01:04,25.8,74.5
2026-07-20 21:01:24,25.7,74.4
2026-07-20 21:01:44,25.7,74.4
2026-07-20 21:02:04,25.7,74.5
2026-07-20 21:02:24,25.7,74.5
2026-07-20 21:02:44,25.7,74.5
2026-07-20 21:03:04,25.7,74.6
2026-07-20 21:03:24,25.7,74.6
2026-07-20 21:03:44,25.7,74.7
2026-07-20 21:04:04,25.7,74.6
2026-07-20 21:04:24,25.7,74.7
2026-07-20 21:04:44,25.7,74.8
2026-07-20 21:05:04,25.7,74.9
2026-07-20 21:05:24,25.7,74.9
2026-07-20 21:05:44,25.7,74.9
2026-07-20 21:06:04,25.7,74.9
2026-07-20 21:06:24,25.7,74.7
2026-07-20 21:06:44,25.7,74.7
2026-07-20 21:07:04,25.7,74.6
2026-07-20 21:07:24,25.7,74.6
2026-07-20 21:07:44,25.7,74.7
2026-07-20 21:08:04,25.7,74.7
2026-07-20 21:08:24,25.7,74.8
2026-07-20 21:08:44,25.7,74.7
2026-07-20 21:09:04,25.7,74.8
2026-07-20 21:09:24,25.7,74.8
2026-07-20 21:09:44,25.7,74.8
2026-07-20 21:10:04,25.7,74.8
2026-07-20 21:10:24,25.7,74.8
2026-07-20 21:10:44,25.7,74.8
2026-07-20 21:11:04,25.7,75.0
2026-07-20 21:11:24,25.7,
2026-07-20 21:11:25,,74.9
2026-07-20 21:11:45,25.7,75.1
2026-07-20 21:12:04,25.6,75.1
2026-07-20 21:12:24,25.7,
2026-07-20 21:12:25,,75.1
2026-07-20 21:12:44,25.6,75.1
2026-07-20 21:13:05,25.6,75.1
2026-07-20 21:13:25,25.7,75.2
2026-07-20 21:13:45,25.7,75.2
2026-07-20 21:14:05,25.6,75.2
2026-07-20 21:14:25,25.6,75.2
2026-07-20 21:14:45,25.6,75.3
2026-07-20 21:15:05,25.6,75.2
2026-07-20 21:15:25,25.6,75.3
2026-07-20 21:15:45,25.6,75.3
2026-07-20 21:16:05,25.6,75.4
2026-07-20 21:16:25,25.6,75.4
2026-07-20 21:16:45,25.6,75.3
2026-07-20 21:17:05,25.6,75.4
2026-07-20 21:17:25,25.6,75.4
2026-07-20 21:17:45,25.6,75.4
2026-07-20 21:18:05,25.6,75.4
2026-07-20 21:18:25,25.6,75.4
2026-07-20 21:18:45,25.6,75.5
2026-07-20 21:19:05,25.6,75.5
2026-07-20 21:19:25,25.5,75.5
2026-07-20 21:19:45,25.5,75.6
2026-07-20 21:20:05,25.5,75.6
2026-07-20 21:20:25,25.5,75.6
2026-07-20 21:20:45,25.5,75.6
2026-07-20 21:21:05,25.5,75.6
2026-07-20 21:21:25,25.5,75.6
2026-07-20 21:21:45,25.5,75.6
2026-07-20 21:22:05,25.5,75.7
2026-07-20 21:22:25,25.5,75.6
2026-07-20 21:22:45,25.5,75.6
2026-07-20 21:23:05,25.5,75.7
2026-07-20 21:23:25,25.5,75.6
2026-07-20 21:23:45,25.5,75.6
2026-07-20 21:24:05,25.6,75.6
2026-07-20 21:24:25,25.6,75.5
2026-07-20 21:24:45,25.6,75.5
2026-07-20 21:25:05,25.6,75.5
2026-07-20 21:25:25,25.6,75.5
2026-07-20 21:25:45,25.6,75.5
2026-07-20 21:26:05,25.6,75.4
2026-07-20 21:26:25,25.6,75.4
2026-07-20 21:26:45,25.6,75.4
2026-07-20 21:27:05,25.6,75.4
2026-07-20 21:27:25,25.6,75.5
2026-07-20 21:27:45,25.6,75.6
2026-07-20 21:28:05,25.5,75.6
2026-07-20 21:28:25,25.6,75.7
2026-07-20 21:28:45,25.5,75.7
2026-07-20 21:29:06,25.5,75.7
2026-07-20 21:29:26,25.5,75.7
2026-07-20 21:29:46,25.5,75.7
2026-07-20 21:30:05,25.5,75.6
2026-07-20 21:30:26,25.5,75.6
2026-07-20 21:30:46,25.6,75.6
2026-07-20 21:31:06,25.6,75.6
2026-07-20 21:31:26,25.5,75.5
2026-07-20 21:31:46,25.6,75.6
2026-07-20 21:32:06,25.6,75.6
2026-07-20 21:32:26,25.6,75.5
2026-07-20 21:32:46,25.5,75.6
2026-07-20 21:33:06,25.5,75.7
2026-07-20 21:33:26,25.6,75.7
2026-07-20 21:33:46,25.6,75.6
2026-07-20 21:34:06,25.6,75.6
2026-07-20 21:34:26,25.6,75.7
2026-07-20 21:34:46,25.6,75.6
2026-07-20 21:35:06,25.6,75.6
2026-07-20 21:35:26,25.6,75.6
2026-07-20 21:35:46,25.6,75.6
2026-07-20 21:36:06,25.6,75.5
2026-07-20 21:36:26,25.6,75.6
2026-07-20 21:36:46,25.6,75.6
2026-07-20 21:37:06,25.6,75.5
2026-07-20 21:37:26,25.6,75.4
2026-07-20 21:37:46,25.6,75.4
2026-07-20 21:38:06,25.6,75.4
2026-07-20 21:38:26,25.7,75.5
2026-07-20 21:38:46,25.6,75.5
2026-07-20 21:39:06,25.6,75.5
2026-07-20 21:39:26,25.7,75.4
2026-07-20 21:39:47,25.7,75.4
2026-07-20 21:40:06,25.6,75.4
2026-07-20 21:40:26,25.7,75.5
2026-07-20 21:40:46,25.7,75.5
2026-07-20 21:41:06,25.7,75.6
2026-07-20 21:41:26,25.7,75.5
2026-07-20 21:41:46,25.7,75.5
2026-07-20 21:42:06,25.7,75.5
2026-07-20 21:42:26,25.7,75.6
2026-07-20 21:42:46,25.7,75.5
2026-07-20 21:43:06,25.7,75.5
2026-07-20 21:43:26,25.7,75.5
2026-07-20 21:43:46,25.7,75.5
2026-07-20 21:44:06,25.7,75.4
2026-07-20 21:44:26,25.7,75.4
2026-07-20 21:44:46,25.7,75.5
2026-07-20 21:45:06,25.7,75.5
2026-07-20 21:45:26,25.7,75.5
2026-07-20 21:45:46,25.7,75.5
2026-07-20 21:46:07,25.7,75.5
2026-07-20 21:46:26,25.7,75.5
2026-07-20 21:46:47,25.7,75.5
2026-07-20 21:47:07,25.7,75.6
2026-07-20 21:47:27,25.7,75.6
2026-07-20 21:47:47,25.7,75.6
2026-07-20 21:48:07,25.7,75.5
2026-07-20 21:48:27,25.7,75.5
2026-07-20 21:48:47,25.7,75.5
2026-07-20 21:49:07,25.7,75.6
2026-07-20 21:49:27,25.7,75.6
2026-07-20 21:49:47,25.7,75.7
2026-07-20 21:50:07,25.7,75.6
2026-07-20 21:50:27,25.7,75.6
2026-07-20 21:50:47,25.7,75.7
2026-07-20 21:51:07,25.7,75.7
2026-07-20 21:51:27,25.7,75.7
2026-07-20 21:51:47,25.7,75.6
2026-07-20 21:52:07,25.7,75.6
2026-07-20 21:52:27,25.7,75.7
2026-07-20 21:52:47,25.7,75.8
2026-07-20 21:53:07,25.7,75.8
2026-07-20 21:53:27,25.7,75.8
2026-07-20 21:53:47,25.7,75.8
2026-07-20 21:54:07,25.7,75.9
2026-07-20 21:54:27,25.7,75.8
2026-07-20 21:54:47,25.6,75.9
2026-07-20 21:55:07,25.7,75.9
2026-07-20 21:55:27,25.7,75.9
2026-07-20 21:55:47,25.6,75.9
2026-07-20 21:56:07,25.6,75.9
2026-07-20 21:56:27,25.6,75.9
2026-07-20 21:56:47,25.6,75.8
2026-07-20 21:57:07,25.6,75.9
2026-07-20 21:57:27,25.6,75.9
2026-07-20 21:57:47,25.6,75.8
2026-07-20 21:58:07,25.6,75.9
2026-07-20 21:58:27,25.7,75.9
2026-07-20 21:58:47,25.6,76.0
2026-07-20 21:59:07,25.7,76.0
2026-07-20 21:59:27,25.6,76.0
2026-07-20 21:59:47,25.7,76.0
2026-07-20 22:00:07,25.7,75.9
2026-07-20 22:00:27,25.7,75.9
2026-07-20 22:00:47,25.7,75.9
2026-07-20 22:01:07,25.7,75.9
2026-07-20 22:01:27,25.7,75.9
2026-07-20 22:01:47,25.7,75.9
2026-07-20 22:02:07,25.7,75.9
2026-07-20 22:02:27,25.7,75.9
2026-07-20 22:02:47,25.7,75.9
2026-07-20 22:03:07,25.7,76.0
2026-07-20 22:03:27,25.7,75.9
2026-07-20 22:03:47,25.7,75.9
2026-07-20 22:04:07,25.7,75.9
2026-07-20 22:04:28,25.7,75.9
2026-07-20 22:04:47,25.7,
2026-07-20 22:04:48,,76.0
2026-07-20 22:05:08,25.6,76.1
2026-07-20 22:05:28,25.6,76.1
2026-07-20 22:05:48,25.7,76.0
2026-07-20 22:06:08,25.6,76.1
2026-07-20 22:06:28,25.6,76.1
2026-07-20 22:06:48,25.6,76.2
2026-07-20 22:07:08,25.6,76.2
2026-07-20 22:07:28,25.6,76.3
2026-07-20 22:07:48,25.6,76.3
2026-07-20 22:08:08,25.6,76.3
2026-07-20 22:08:28,25.6,76.3
2026-07-20 22:08:48,25.6,76.3
2026-07-20 22:09:08,25.6,76.3
2026-07-20 22:09:28,25.6,76.3
2026-07-20 22:09:48,25.6,76.3
2026-07-20 22:10:08,25.6,76.3
2026-07-20 22:10:28,25.6,76.3
2026-07-20 22:10:48,25.6,76.3
2026-07-20 22:11:08,25.6,76.3
2026-07-20 22:11:28,25.6,76.4
2026-07-20 22:11:48,25.6,76.4
2026-07-20 22:12:08,25.7,76.4
2026-07-20 22:12:28,25.7,76.4
2026-07-20 22:12:48,25.7,76.4
2026-07-20 22:13:08,25.7,76.4
2026-07-20 22:13:28,25.7,76.5
2026-07-20 22:13:48,25.7,76.5
2026-07-20 22:14:08,25.7,76.4
2026-07-20 22:14:28,25.7,76.5
2026-07-20 22:14:48,25.6,76.5
2026-07-20 22:15:08,25.6,76.4
2026-07-20 22:15:28,25.7,76.4
2026-07-20 22:15:48,25.7,76.4
2026-07-20 22:16:08,25.7,76.5
2026-07-20 22:16:28,25.7,76.4
2026-07-20 22:16:48,25.7,76.5
2026-07-20 22:17:08,25.6,76.5
2026-07-20 22:17:28,25.6,76.5
2026-07-20 22:17:48,25.6,76.6
2026-07-20 22:18:08,25.6,76.6
2026-07-20 22:18:28,25.6,76.6
2026-07-20 22:18:48,25.6,76.6
2026-07-20 22:19:08,25.6,76.7
2026-07-20 22:19:28,25.6,76.7
2026-07-20 22:19:48,25.6,76.7
2026-07-20 22:20:08,25.6,76.8
2026-07-20 22:20:28,25.6,76.7
2026-07-20 22:20:48,25.6,76.7
2026-07-20 22:21:08,25.6,
2026-07-20 22:21:09,,76.8
2026-07-20 22:21:28,25.6,76.7
2026-07-20 22:21:48,25.6,76.8
2026-07-20 22:22:09,25.6,76.9
2026-07-20 22:22:29,25.6,77.0
2026-07-20 22:22:49,25.6,76.9
2026-07-20 22:23:09,25.6,76.9
2026-07-20 22:23:29,25.5,76.9
2026-07-20 22:23:49,25.6,76.9
2026-07-20 22:24:09,25.6,76.9
2026-07-20 22:24:29,25.6,77.0
2026-07-20 22:24:49,25.6,76.9
2026-07-20 22:25:09,25.5,76.8
2026-07-20 22:25:29,25.6,76.9
2026-07-20 22:25:49,25.6,76.8
2026-07-20 22:26:09,25.6,76.8
2026-07-20 22:26:29,25.6,76.8
2026-07-20 22:26:49,25.6,76.8
2026-07-20 22:27:09,25.6,76.8
2026-07-20 22:27:29,25.6,76.7
2026-07-20 22:27:49,25.6,76.7
2026-07-20 22:28:09,25.6,76.7
2026-07-20 22:28:29,25.6,76.7
2026-07-20 22:28:49,25.6,76.7
2026-07-20 22:29:09,25.6,76.6
2026-07-20 22:29:29,25.6,76.7
2026-07-20 22:29:49,25.6,76.6
2026-07-20 22:30:09,25.6,76.6
2026-07-20 22:30:29,25.7,76.6
2026-07-20 22:30:49,25.6,76.6
2026-07-20 22:31:09,25.7,76.6
2026-07-20 22:31:29,25.7,76.6
2026-07-20 22:31:49,25.7,76.6
2026-07-20 22:32:09,25.6,76.6
2026-07-20 22:32:29,25.7,76.6
2026-07-20 22:32:49,25.7,76.6
2026-07-20 22:33:09,25.7,76.5
2026-07-20 22:33:29,25.7,76.5
2026-07-20 22:33:49,25.7,76.6
2026-07-20 22:34:09,25.7,76.6
2026-07-20 22:34:29,25.7,76.7
2026-07-20 22:34:49,25.6,76.7
2026-07-20 22:35:09,25.6,76.6
2026-07-20 22:35:29,25.6,76.5
2026-07-20 22:35:49,25.6,76.7
2026-07-20 22:36:10,25.6,76.6
2026-07-20 22:36:29,25.6,76.6
2026-07-20 22:36:49,25.6,76.6
2026-07-20 22:37:10,25.6,76.6
2026-07-20 22:37:30,25.6,76.6
2026-07-20 22:37:49,25.6,76.7
2026-07-20 22:38:09,25.6,76.7
2026-07-20 22:38:30,25.6,76.8
2026-07-20 22:38:49,25.6,76.8
2026-07-20 22:39:10,25.6,76.7
2026-07-20 22:39:30,25.6,76.7
2026-07-20 22:39:50,25.6,76.8
2026-07-20 22:40:10,25.6,76.8
2026-07-20 22:40:30,25.6,76.8
2026-07-20 22:40:50,25.6,76.7
2026-07-20 22:41:10,25.6,76.7
2026-07-20 22:41:30,25.6,76.7
2026-07-20 22:41:50,25.6,76.7
2026-07-20 22:42:10,25.6,76.7
2026-07-20 22:42:30,25.6,76.7
2026-07-20 22:42:50,25.6,76.7
2026-07-20 22:43:10,25.6,76.6
2026-07-20 22:43:30,25.6,76.7
2026-07-20 22:43:50,25.6,76.6
2026-07-20 22:44:10,25.6,76.6
2026-07-20 22:44:30,25.6,
2026-07-20 22:44:31,,76.6
2026-07-20 22:44:50,25.6,76.6
2026-07-20 22:45:10,25.6,76.7
2026-07-20 22:45:30,25.6,76.7
2026-07-20 22:45:50,25.6,76.7
2026-07-20 22:46:10,25.6,76.6
2026-07-20 22:46:30,25.6,76.8
2026-07-20 22:46:50,25.6,76.8
2026-07-20 22:47:10,25.6,76.8
2026-07-20 22:47:30,25.6,76.9
2026-07-20 22:47:50,25.6,76.8
2026-07-20 22:48:10,25.6,76.8
2026-07-20 22:48:30,25.6,76.9
2026-07-20 22:48:50,25.6,76.9
2026-07-20 22:49:10,25.6,76.9
2026-07-20 22:49:30,25.6,76.9
2026-07-20 22:49:50,25.6,76.9
2026-07-20 22:50:10,25.6,76.9
2026-07-20 22:50:30,25.6,76.9
2026-07-20 22:50:50,25.6,76.9
2026-07-20 22:51:10,25.6,77.0
2026-07-20 22:51:30,25.6,77.0
2026-07-20 22:51:50,25.6,77.0
2026-07-20 22:52:10,25.5,77.0
2026-07-20 22:52:30,25.6,77.0
2026-07-20 22:52:50,25.5,77.0
2026-07-20 22:53:10,25.5,77.1
2026-07-20 22:53:30,25.5,77.1
2026-07-20 22:53:50,25.5,77.1
2026-07-20 22:54:10,25.5,77.2
2026-07-20 22:54:30,25.5,77.2
2026-07-20 22:54:51,25.5,77.2
2026-07-20 22:55:10,25.5,77.2
2026-07-20 22:55:31,25.5,77.2
2026-07-20 22:55:50,25.5,77.2
2026-07-20 22:56:10,25.5,
2026-07-20 22:56:11,,77.2
2026-07-20 22:56:31,25.5,77.3
2026-07-20 22:56:51,25.5,77.2
2026-07-20 22:57:11,25.5,77.2
2026-07-20 22:57:31,25.5,77.2
2026-07-20 22:57:51,25.5,77.2
2026-07-20 22:58:11,25.5,77.2
2026-07-20 22:58:31,25.5,77.2
2026-07-20 22:58:51,25.5,77.2
2026-07-20 22:59:11,25.5,77.3
2026-07-20 22:59:31,25.5,77.2
2026-07-20 22:59:51,25.5,77.2
2026-07-20 23:00:11,25.5,77.2
2026-07-20 23:00:31,25.5,77.2
2026-07-20 23:00:51,25.5,77.2
2026-07-20 23:01:11,25.5,77.1
2026-07-20 23:01:31,25.5,77.1
2026-07-20 23:01:51,25.5,77.1
2026-07-20 23:02:11,25.5,77.1
2026-07-20 23:02:31,25.5,77.0
2026-07-20 23:02:51,25.5,77.0
2026-07-20 23:03:11,25.5,77.1
2026-07-20 23:03:31,25.5,77.1
2026-07-20 23:03:51,25.5,77.1
2026-07-20 23:04:11,25.5,77.1
2026-07-20 23:04:31,25.5,77.1
2026-07-20 23:04:51,25.5,77.1
2026-07-20 23:05:11,25.5,77.1
2026-07-20 23:05:31,25.5,77.1
2026-07-20 23:05:51,25.5,77.2
2026-07-20 23:06:11,25.5,77.2
2026-07-20 23:06:31,25.5,77.2
2026-07-20 23:06:51,25.5,77.2
2026-07-20 23:07:11,25.5,77.2
2026-07-20 23:07:31,25.5,77.2
2026-07-20 23:07:51,25.5,77.2
2026-07-20 23:08:11,25.5,77.2
2026-07-20 23:08:31,25.5,77.2
2026-07-20 23:08:51,25.5,77.2
2026-07-20 23:09:11,25.5,77.3
2026-07-20 23:09:31,25.5,77.2
2026-07-20 23:09:51,25.5,77.3
2026-07-20 23:10:11,25.5,77.3
2026-07-20 23:10:31,25.5,77.3
2026-07-20 23:10:51,25.5,77.2
2026-07-20 23:11:11,25.5,77.2
2026-07-20 23:11:31,25.5,77.3
2026-07-20 23:11:51,25.5,77.3
2026-07-20 23:12:11,25.5,77.3
2026-07-20 23:12:31,25.5,77.4
2026-07-20 23:12:51,25.5,77.3
2026-07-20 23:13:11,25.5,77.3
2026-07-20 23:13:31,25.5,77.3
2026-07-20 23:13:52,25.5,77.3
2026-07-20 23:14:12,25.4,77.3
2026-07-20 23:14:32,25.5,77.3
2026-07-20 23:14:52,25.5,77.3
2026-07-20 23:15:12,25.4,77.3
2026-07-20 23:15:32,25.4,77.3
2026-07-20 23:15:52,25.4,77.3
2026-07-20 23:16:12,25.5,77.4
2026-07-20 23:16:32,25.5,77.4
2026-07-20 23:16:52,25.4,77.4
2026-07-20 23:17:12,25.4,77.4
2026-07-20 23:17:32,25.4,77.4
2026-07-20 23:17:52,25.4,77.5
2026-07-20 23:18:12,25.4,77.4
2026-07-20 23:18:32,25.4,77.4
2026-07-20 23:18:52,25.4,77.4
2026-07-20 23:19:12,25.5,77.4
2026-07-20 23:19:32,25.5,77.4
2026-07-20 23:19:52,25.5,77.4
2026-07-20 23:20:12,25.4,77.3
2026-07-20 23:20:32,25.4,77.2
2026-07-20 23:20:52,25.4,77.3
2026-07-20 23:21:12,25.4,77.3
2026-07-20 23:21:32,25.4,77.3
2026-07-20 23:21:52,25.4,77.3
2026-07-20 23:22:12,25.4,77.3
2026-07-20 23:22:32,25.4,77.2
2026-07-20 23:22:52,25.4,77.2
2026-07-20 23:23:12,25.5,77.2
2026-07-20 23:23:32,25.5,77.2
2026-07-20 23:23:52,25.4,77.3
2026-07-20 23:24:12,25.4,77.3
2026-07-20 23:24:32,25.4,77.3
2026-07-20 23:24:52,25.4,77.2
2026-07-20 23:25:12,25.4,77.3
2026-07-20 23:25:32,25.4,77.3
2026-07-20 23:25:52,25.4,77.3
2026-07-20 23:26:12,25.4,77.3
2026-07-20 23:26:32,25.4,77.3
2026-07-20 23:26:52,25.4,77.3
2026-07-20 23:27:12,25.4,77.4
2026-07-20 23:27:32,25.4,77.4
2026-07-20 23:27:52,25.4,77.5
2026-07-20 23:28:12,25.3,77.4
2026-07-20 23:28:32,25.3,77.4
2026-07-20 23:28:52,25.3,
2026-07-20 23:28:53,,77.4
2026-07-20 23:29:12,25.3,77.5
2026-07-20 23:29:32,25.3,77.5
2026-07-20 23:29:52,25.3,77.5
2026-07-20 23:30:12,25.3,77.5
2026-07-20 23:30:32,25.3,77.6
2026-07-20 23:30:52,25.3,77.5
2026-07-20 23:31:13,25.3,77.5
2026-07-20 23:31:33,25.3,77.5
2026-07-20 23:31:53,25.3,77.6
2026-07-20 23:32:13,25.3,77.6
2026-07-20 23:32:33,25.3,77.5
2026-07-20 23:32:53,25.3,77.5
2026-07-20 23:33:13,25.3,77.6
2026-07-20 23:33:33,25.3,77.6
2026-07-20 23:33:53,25.2,77.5
2026-07-20 23:34:13,25.2,77.6
2026-07-20 23:34:33,25.2,77.6
2026-07-20 23:34:53,25.2,77.6
2026-07-20 23:35:13,25.2,77.6
2026-07-20 23:35:33,25.2,77.6
2026-07-20 23:35:53,25.2,77.6
2026-07-20 23:36:13,25.2,77.6
2026-07-20 23:36:33,25.2,77.6
2026-07-20 23:36:53,25.2,77.6
2026-07-20 23:37:13,25.2,77.6
2026-07-20 23:37:33,25.2,77.7
2026-07-20 23:37:53,25.2,77.7
2026-07-20 23:38:13,25.2,77.6
2026-07-20 23:38:33,25.2,77.7
2026-07-20 23:38:53,25.2,77.6
2026-07-20 23:39:13,25.2,77.6
2026-07-20 23:39:33,25.2,77.6
2026-07-20 23:39:53,25.2,77.5
2026-07-20 23:40:13,25.2,77.5
2026-07-20 23:40:33,25.2,77.6
2026-07-20 23:40:53,25.2,77.5
2026-07-20 23:41:13,25.2,77.6
2026-07-20 23:41:33,25.2,77.5
2026-07-20 23:41:53,25.2,77.6
2026-07-20 23:42:13,25.2,77.5
2026-07-20 23:42:33,25.2,77.6
2026-07-20 23:42:53,25.2,77.6
2026-07-20 23:43:13,25.2,77.6
2026-07-20 23:43:33,25.2,77.6
2026-07-20 23:43:53,25.2,77.5
2026-07-20 23:44:13,25.2,77.6
2026-07-20 23:44:33,25.2,77.6
2026-07-20 23:44:53,25.2,77.6
2026-07-20 23:45:13,25.2,77.6
2026-07-20 23:45:33,25.2,77.6
2026-07-20 23:45:53,25.2,77.6
2026-07-20 23:46:13,25.2,77.6
2026-07-20 23:46:33,25.2,77.6
2026-07-20 23:46:53,25.2,77.5
2026-07-20 23:47:13,25.1,77.5
2026-07-20 23:47:33,25.1,77.6
2026-07-20 23:47:53,25.1,77.5
2026-07-20 23:48:13,25.1,
2026-07-20 23:48:14,,77.6
2026-07-20 23:48:34,25.1,77.5
2026-07-20 23:48:54,25.1,77.5
2026-07-20 23:49:14,25.1,77.6
2026-07-20 23:49:34,25.1,77.5
2026-07-20 23:49:54,25.1,77.7
2026-07-20 23:50:14,25.1,77.7
2026-07-20 23:50:34,25.1,77.7
2026-07-20 23:50:54,25.1,77.7
2026-07-20 23:51:14,25.1,77.7
2026-07-20 23:51:34,25.1,77.7
2026-07-20 23:51:54,25.1,77.6
2026-07-20 23:52:14,25.1,77.7
2026-07-20 23:52:34,25.1,77.7
2026-07-20 23:52:54,25.1,77.6
2026-07-20 23:53:14,25.1,77.7
2026-07-20 23:53:34,25.1,77.7
2026-07-20 23:53:54,25.1,77.7
2026-07-20 23:54:14,25.1,77.8
2026-07-20 23:54:34,25.1,77.7
2026-07-20 23:54:54,25.1,77.7
2026-07-20 23:55:14,25.1,77.7
2026-07-20 23:55:34,25.1,77.7
2026-07-20 23:55:54,25.1,77.7
2026-07-20 23:56:14,25.1,77.7
2026-07-20 23:56:34,25.1,77.7
2026-07-20 23:56:54,25.1,77.7
2026-07-20 23:57:14,25.1,77.8
2026-07-20 23:57:34,25.1,77.8
2026-07-20 23:57:54,25.1,77.8
2026-07-20 23:58:14,25.0,77.8
2026-07-20 23:58:34,25.1,77.8
2026-07-20 23:58:54,25.1,77.8
2026-07-20 23:59:14,25.1,77.8
2026-07-20 23:59:34,25.1,77.8
2026-07-20 23:59:54,25.0,77.8
2026-07-21 00:00:14,25.1,77.8
2026-07-21 00:00:34,25.0,77.9
2026-07-21 00:00:54,25.0,77.9
2026-07-21 00:01:14,25.1,77.8
2026-07-21 00:01:34,25.0,77.8
2026-07-21 00:01:54,25.0,77.8
2026-07-21 00:02:14,25.0,77.8
2026-07-21 00:02:34,25.0,77.8
2026-07-21 00:02:54,25.0,77.9
2026-07-21 00:03:14,25.0,77.8
2026-07-21 00:03:35,25.0,77.8
2026-07-21 00:03:55,25.0,77.8
2026-07-21 00:04:14,25.0,77.8
2026-07-21 00:04:34,25.0,
2026-07-21 00:04:35,,77.8
2026-07-21 00:04:55,25.0,77.7
2026-07-21 00:05:14,25.0,77.8
2026-07-21 00:05:34,25.0,77.8
2026-07-21 00:05:55,25.0,77.7
2026-07-21 00:06:15,25.0,77.8
2026-07-21 00:06:35,25.0,77.7
2026-07-21 00:06:55,25.0,77.7
2026-07-21 00:07:15,25.1,77.7
2026-07-21 00:07:35,25.1,77.7
2026-07-21 00:07:55,25.1,77.7
2026-07-21 00:08:15,25.0,77.6
2026-07-21 00:08:35,25.1,77.6
2026-07-21 00:08:55,25.1,77.6
2026-07-21 00:09:15,25.1,77.6
2026-07-21 00:09:35,25.1,77.5
2026-07-21 00:09:55,25.1,77.5
2026-07-21 00:10:15,25.1,77.5
2026-07-21 00:10:35,25.1,77.5
2026-07-21 00:10:55,25.0,77.4
2026-07-21 00:11:15,25.1,77.5
2026-07-21 00:11:35,25.1,77.5
2026-07-21 00:11:55,25.0,77.5
2026-07-21 00:12:15,25.1,77.5
2026-07-21 00:12:35,25.1,77.5
2026-07-21 00:12:55,25.1,77.5
2026-07-21 00:13:15,25.1,77.6
2026-07-21 00:13:35,25.0,77.6
2026-07-21 00:13:55,25.0,77.6
2026-07-21 00:14:15,25.0,77.6
2026-07-21 00:14:35,25.0,77.6
2026-07-21 00:14:55,25.0,77.6
2026-07-21 00:15:15,25.1,77.6
2026-07-21 00:15:35,25.0,77.6
2026-07-21 00:15:55,25.0,77.6
2026-07-21 00:16:15,25.0,77.5
2026-07-21 00:16:35,25.0,77.6
2026-07-21 00:16:55,25.0,77.6
2026-07-21 00:17:15,25.0,77.6
2026-07-21 00:17:35,25.0,77.7
2026-07-21 00:17:55,25.0,77.6
2026-07-21 00:18:15,25.0,77.7
2026-07-21 00:18:35,25.0,77.7
2026-07-21 00:18:55,25.0,77.6
2026-07-21 00:19:15,25.0,77.7
2026-07-21 00:19:35,25.0,77.7
2026-07-21 00:19:55,25.0,77.7
2026-07-21 00:20:15,24.9,77.7
2026-07-21 00:20:35,24.9,77.7
2026-07-21 00:20:55,24.9,77.7
2026-07-21 00:21:15,24.9,77.7
2026-07-21 00:21:35,24.9,77.6
2026-07-21 00:21:55,24.9,77.6
2026-07-21 00:22:15,25.0,77.6
2026-07-21 00:22:35,25.0,77.5
2026-07-21 00:22:55,25.0,77.5
2026-07-21 00:23:15,25.0,77.5
2026-07-21 00:23:36,25.0,77.5
2026-07-21 00:23:56,25.0,77.5
2026-07-21 00:24:16,25.0,77.4
2026-07-21 00:24:36,25.0,77.4
2026-07-21 00:24:56,25.0,77.4
2026-07-21 00:25:16,25.0,77.3
2026-07-21 00:25:36,25.0,77.3
2026-07-21 00:25:56,25.0,77.4
2026-07-21 00:26:16,25.0,77.3
2026-07-21 00:26:36,25.0,77.3
2026-07-21 00:26:56,25.0,77.3
2026-07-21 00:27:16,25.0,77.2
2026-07-21 00:27:36,25.0,77.3
2026-07-21 00:27:56,25.0,77.2
2026-07-21 00:28:16,25.0,77.3
2026-07-21 00:28:36,25.0,77.3
2026-07-21 00:28:56,25.0,77.2
2026-07-21 00:29:16,25.0,77.2
2026-07-21 00:29:36,25.0,77.2
2026-07-21 00:29:56,25.0,77.2
2026-07-21 00:30:16,25.0,77.2
2026-07-21 00:30:36,25.0,77.1
2026-07-21 00:30:56,25.0,77.1
2026-07-21 00:31:16,25.0,77.1
2026-07-21 00:31:36,25.0,77.2
2026-07-21 00:31:56,25.0,77.1
2026-07-21 00:32:16,25.0,77.1
2026-07-21 00:32:36,25.0,77.1
2026-07-21 00:32:56,25.0,77.1
2026-07-21 00:33:16,24.9,77.1
2026-07-21 00:33:36,24.9,77.1
2026-07-21 00:33:56,25.0,77.1
2026-07-21 00:34:16,25.0,77.0
2026-07-21 00:34:36,25.0,77.0
2026-07-21 00:34:56,25.0,77.0
2026-07-21 00:35:16,25.0,77.0
2026-07-21 00:35:36,24.9,76.9
2026-07-21 00:35:56,24.9,76.9
2026-07-21 00:36:16,24.9,77.0
2026-07-21 00:36:36,24.9,76.9
2026-07-21 00:36:56,24.9,76.9
2026-07-21 00:37:16,24.9,76.9
2026-07-21 00:37:36,24.9,76.8
2026-07-21 00:37:56,24.9,76.8
2026-07-21 00:38:16,24.9,76.8
2026-07-21 00:38:36,24.9,76.8
2026-07-21 00:38:57,24.9,76.8
2026-07-21 00:39:17,24.9,76.8
2026-07-21 00:39:37,24.9,76.9
2026-07-21 00:39:57,24.9,76.9
2026-07-21 00:40:17,24.9,77.0
2026-07-21 00:40:37,24.9,77.0
2026-07-21 00:40:57,24.9,77.0
2026-07-21 00:41:17,24.8,77.0
2026-07-21 00:41:37,24.8,77.1
2026-07-21 00:41:57,24.8,77.0
2026-07-21 00:42:17,24.8,77.0
2026-07-21 00:42:37,24.8,77.0
2026-07-21 00:42:57,24.8,77.0
2026-07-21 00:43:17,24.8,76.9
2026-07-21 00:43:37,24.8,76.9
2026-07-21 00:43:57,24.8,76.9
2026-07-21 00:44:17,24.8,76.9
2026-07-21 00:44:37,24.8,76.8
2026-07-21 00:44:57,24.8,76.9
2026-07-21 00:45:17,24.8,76.8
2026-07-21 00:45:37,24.8,76.8
2026-07-21 00:45:57,24.8,76.7
2026-07-21 00:46:17,24.9,76.7
2026-07-21 00:46:37,24.9,76.6
2026-07-21 00:46:57,24.9,76.6
2026-07-21 00:47:17,24.9,76.5
2026-07-21 00:47:37,24.9,76.4
2026-07-21 00:47:57,24.9,76.5
2026-07-21 00:48:17,24.9,76.5
2026-07-21 00:48:37,24.9,76.5
2026-07-21 00:48:57,24.9,76.5
2026-07-21 00:49:17,24.9,76.5
2026-07-21 00:49:37,24.9,76.5
2026-07-21 00:49:57,24.8,76.5
2026-07-21 00:50:17,24.9,76.5
2026-07-21 00:50:37,24.8,76.6
2026-07-21 00:50:57,24.8,76.6
2026-07-21 00:51:17,24.8,76.5
2026-07-21 00:51:37,24.8,76.6
2026-07-21 00:51:57,24.8,76.6
2026-07-21 00:52:17,24.8,76.6
2026-07-21 00:52:37,24.8,76.6
2026-07-21 00:52:57,24.8,76.6
2026-07-21 00:53:17,24.8,
2026-07-21 00:53:18,,76.6
2026-07-21 00:53:37,24.8,76.5
2026-07-21 00:53:57,24.8,76.5
2026-07-21 00:54:17,24.8,76.5
2026-07-21 00:54:37,24.8,76.5
2026-07-21 00:54:58,24.8,76.5
2026-07-21 00:55:17,24.8,
2026-07-21 00:55:18,,76.4
2026-07-21 00:55:37,24.9,76.4
2026-07-21 00:55:57,24.9,76.4
2026-07-21 00:56:17,24.8,76.4
2026-07-21 00:56:38,24.9,76.3
2026-07-21 00:56:58,24.9,76.4
2026-07-21 00:57:18,24.9,76.3
2026-07-21 00:57:38,24.9,76.4
2026-07-21 00:57:58,24.9,76.3
2026-07-21 00:58:18,24.9,76.2
2026-07-21 00:58:38,24.9,76.2
2026-07-21 00:58:58,24.9,76.2
2026-07-21 00:59:18,24.9,76.2
2026-07-21 00:59:38,24.9,76.2
2026-07-21 00:59:58,24.9,76.2
2026-07-21 01:00:18,24.9,76.1
2026-07-21 01:00:38,24.9,76.1
2026-07-21 01:00:58,24.9,76.1
2026-07-21 01:01:18,24.9,76.1
2026-07-21 01:01:38,24.9,76.1
2026-07-21 01:01:58,24.9,76.0
2026-07-21 01:02:18,24.9,76.0
2026-07-21 01:02:38,24.9,76.0
2026-07-21 01:02:58,24.9,76.0
2026-07-21 01:03:18,24.9,76.0
2026-07-21 01:03:38,24.9,76.1
2026-07-21 01:03:58,24.9,76.0
2026-07-21 01:04:18,24.9,76.0
2026-07-21 01:04:38,24.9,76.0
2026-07-21 01:04:58,24.9,76.1
2026-07-21 01:05:18,24.9,76.0
2026-07-21 01:05:38,24.9,76.1
2026-07-21 01:05:58,24.9,76.0
2026-07-21 01:06:18,24.8,76.1
2026-07-21 01:06:38,24.8,76.1
2026-07-21 01:06:58,24.8,76.1
2026-07-21 01:07:18,24.8,76.1
2026-07-21 01:07:38,24.8,76.0
2026-07-21 01:07:58,24.8,76.1
2026-07-21 01:08:18,24.8,76.0
2026-07-21 01:08:38,24.8,76.0
2026-07-21 01:08:58,24.8,76.0
2026-07-21 01:09:18,24.8,76.0
2026-07-21 01:09:38,24.8,76.0
2026-07-21 01:09:58,24.8,75.9
2026-07-21 01:10:18,24.8,75.9
2026-07-21 01:10:38,24.8,75.9
2026-07-21 01:10:58,24.8,75.9
2026-07-21 01:11:18,24.8,75.8
2026-07-21 01:11:38,24.8,75.9
2026-07-21 01:11:58,24.8,75.9
2026-07-21 01:12:18,24.8,75.9
2026-07-21 01:12:38,24.8,75.8
2026-07-21 01:12:59,24.8,75.9
2026-07-21 01:13:19,24.8,75.9
2026-07-21 01:13:39,24.8,75.9
2026-07-21 01:13:59,24.8,75.9
2026-07-21 01:14:19,24.8,75.8
2026-07-21 01:14:39,24.8,75.9
2026-07-21 01:14:59,24.8,75.8
2026-07-21 01:15:19,24.8,75.8
2026-07-21 01:15:39,24.8,75.8
2026-07-21 01:15:59,24.8,75.7
2026-07-21 01:16:19,24.8,75.8
2026-07-21 01:16:39,24.8,75.7
2026-07-21 01:16:59,24.8,75.8
2026-07-21 01:17:19,24.8,75.8
2026-07-21 01:17:39,24.8,75.8
2026-07-21 01:17:59,24.8,75.7
2026-07-21 01:18:19,24.8,75.7
2026-07-21 01:18:39,24.8,75.7
2026-07-21 01:18:59,24.8,75.7
2026-07-21 01:19:19,24.8,75.8
2026-07-21 01:19:39,24.8,75.8
2026-07-21 01:19:59,24.8,75.8
2026-07-21 01:20:19,24.8,75.8
2026-07-21 01:20:39,24.8,75.8
2026-07-21 01:20:59,24.8,75.8
2026-07-21 01:21:19,24.8,75.8
2026-07-21 01:21:39,24.8,75.8
2026-07-21 01:21:59,24.8,75.8
2026-07-21 01:22:19,24.8,75.8
2026-07-21 01:22:39,24.8,75.7
2026-07-21 01:22:59,24.8,75.7
2026-07-21 01:23:19,24.7,75.8
2026-07-21 01:23:39,24.7,75.8
2026-07-21 01:23:59,24.8,75.8
2026-07-21 01:24:19,24.8,75.8
2026-07-21 01:24:39,24.8,75.8
2026-07-21 01:24:59,24.8,75.8
2026-07-21 01:25:19,24.8,75.8
2026-07-21 01:25:39,24.8,75.8
2026-07-21 01:25:59,24.8,75.8
2026-07-21 01:26:19,24.8,75.8
2026-07-21 01:26:39,24.8,75.8
2026-07-21 01:26:59,24.8,75.8
2026-07-21 01:27:19,24.8,75.8
2026-07-21 01:27:39,24.7,75.9
2026-07-21 01:27:59,24.7,75.8
2026-07-21 01:28:19,24.8,75.9
2026-07-21 01:28:39,24.7,75.9
2026-07-21 01:28:59,24.7,75.8
2026-07-21 01:29:19,24.7,75.8
2026-07-21 01:29:39,24.7,75.9
2026-07-21 01:29:59,24.7,75.9
2026-07-21 01:30:19,24.7,
2026-07-21 01:30:20,,76.0
2026-07-21 01:30:40,24.7,75.9
2026-07-21 01:31:00,24.7,76.0
2026-07-21 01:31:20,24.7,75.9
2026-07-21 01:31:40,24.7,76.1
2026-07-21 01:32:00,24.7,76.0
2026-07-21 01:32:20,24.7,76.0
2026-07-21 01:32:40,24.7,76.0
2026-07-21 01:33:00,24.6,75.9
2026-07-21 01:33:20,24.7,75.9
2026-07-21 01:33:40,24.6,76.0
2026-07-21 01:34:00,24.7,75.9
2026-07-21 01:34:20,24.6,75.9
2026-07-21 01:34:40,24.6,75.9
2026-07-21 01:35:00,24.6,76.0
2026-07-21 01:35:20,24.6,75.9
2026-07-21 01:35:40,24.6,75.9
2026-07-21 01:36:00,24.6,75.9
2026-07-21 01:36:20,24.6,76.0
2026-07-21 01:36:40,24.6,76.0
2026-07-21 01:37:00,24.6,76.0
2026-07-21 01:37:20,24.6,76.0
2026-07-21 01:37:40,24.6,76.0
2026-07-21 01:38:00,24.6,75.9
2026-07-21 01:38:20,24.6,75.9
2026-07-21 01:38:40,24.6,76.0
2026-07-21 01:39:00,24.6,75.9
2026-07-21 01:39:20,24.6,75.9
2026-07-21 01:39:40,24.6,76.0
2026-07-21 01:40:00,24.6,75.9
2026-07-21 01:40:20,24.6,75.9
2026-07-21 01:40:40,24.6,75.9
2026-07-21 01:41:00,24.6,75.9
2026-07-21 01:41:20,24.7,75.9
2026-07-21 01:41:40,24.7,75.9
2026-07-21 01:42:00,24.7,75.9
2026-07-21 01:42:20,24.7,75.9
2026-07-21 01:42:40,24.7,75.8
2026-07-21 01:43:00,24.7,75.8
2026-07-21 01:43:20,24.7,75.9
2026-07-21 01:43:40,24.7,75.9
2026-07-21 01:44:00,24.6,75.9
2026-07-21 01:44:20,24.7,75.9
2026-07-21 01:44:40,24.7,75.9
2026-07-21 01:45:00,24.7,75.9
2026-07-21 01:45:20,24.6,75.8
2026-07-21 01:45:40,24.6,75.8
2026-07-21 01:46:00,24.6,75.8
2026-07-21 01:46:20,24.6,75.8
2026-07-21 01:46:40,24.7,75.9
2026-07-21 01:47:00,24.6,75.8
2026-07-21 01:47:20,24.6,75.9
2026-07-21 01:47:40,24.6,
2026-07-21 01:47:41,,75.8
2026-07-21 01:48:01,24.6,75.8
2026-07-21 01:48:21,24.6,75.7
2026-07-21 01:48:41,24.7,75.8
2026-07-21 01:49:01,24.6,75.8
2026-07-21 01:49:21,24.7,75.8
2026-07-21 01:49:41,24.7,75.7
2026-07-21 01:50:01,24.6,75.7
2026-07-21 01:50:21,24.7,75.6
2026-07-21 01:50:41,24.6,75.6
2026-07-21 01:51:01,24.6,75.7
2026-07-21 01:51:21,24.6,75.7
2026-07-21 01:51:41,24.6,75.7
2026-07-21 01:52:01,24.6,75.7
2026-07-21 01:52:21,24.6,75.7
2026-07-21 01:52:41,24.6,75.7
2026-07-21 01:53:01,24.6,75.7
2026-07-21 01:53:21,24.6,75.8
2026-07-21 01:53:41,24.6,75.7
2026-07-21 01:54:01,24.6,75.8
2026-07-21 01:54:21,24.6,75.8
2026-07-21 01:54:41,24.6,75.8
2026-07-21 01:55:01,24.6,75.8
2026-07-21 01:55:21,24.5,75.8
2026-07-21 01:55:41,24.5,75.8
2026-07-21 01:56:01,24.5,75.8
2026-07-21 01:56:21,24.5,75.8
2026-07-21 01:56:41,24.5,75.8
2026-07-21 01:57:01,24.5,75.8
2026-07-21 01:57:21,24.5,75.8
2026-07-21 01:57:41,24.5,75.8
2026-07-21 01:58:01,24.5,75.7
2026-07-21 01:58:21,24.5,75.6
2026-07-21 01:58:41,24.5,75.7
2026-07-21 01:59:01,24.5,75.7
2026-07-21 01:59:21,24.5,75.7
2026-07-21 01:59:41,24.5,75.8
2026-07-21 02:00:01,24.5,75.8
2026-07-21 02:00:21,24.5,75.8
2026-07-21 02:00:41,24.5,75.7
2026-07-21 02:01:01,24.5,75.7
2026-07-21 02:01:21,24.4,75.6
2026-07-21 02:01:41,24.4,75.7
2026-07-21 02:02:01,24.4,75.7
2026-07-21 02:02:21,24.4,75.7
2026-07-21 02:02:41,24.4,75.8
2026-07-21 02:03:01,24.4,75.7
2026-07-21 02:03:21,24.4,75.7
2026-07-21 02:03:41,24.5,75.7
2026-07-21 02:04:01,24.5,75.6
2026-07-21 02:04:21,24.5,75.6
2026-07-21 02:04:41,24.5,75.5
2026-07-21 02:05:02,24.5,75.5
2026-07-21 02:05:22,24.5,75.6
2026-07-21 02:05:42,24.4,75.5
2026-07-21 02:06:02,24.5,75.6
2026-07-21 02:06:22,24.5,75.5
2026-07-21 02:06:42,24.5,75.5
2026-07-21 02:07:02,24.5,75.5
2026-07-21 02:07:22,24.5,75.6
2026-07-21 02:07:42,24.5,75.5
2026-07-21 02:08:02,24.5,75.5
2026-07-21 02:08:22,24.5,75.4
2026-07-21 02:08:42,24.5,75.4
2026-07-21 02:09:02,24.5,75.4
2026-07-21 02:09:22,24.5,75.3
2026-07-21 02:09:42,24.5,75.3
2026-07-21 02:10:02,24.5,75.3
2026-07-21 02:10:22,24.5,75.3
2026-07-21 02:10:42,24.5,75.3
2026-07-21 02:11:02,24.5,75.2
2026-07-21 02:11:22,24.5,75.3
2026-07-21 02:11:42,24.5,75.3
2026-07-21 02:12:02,24.5,75.2
2026-07-21 02:12:22,24.5,75.2
2026-07-21 02:12:42,24.5,75.2
2026-07-21 02:13:02,24.5,75.2
2026-07-21 02:13:22,24.5,75.2
2026-07-21 02:13:42,24.5,75.2
2026-07-21 02:14:02,24.5,75.2
2026-07-21 02:14:22,24.5,75.2
2026-07-21 02:14:42,24.5,75.2
2026-07-21 02:15:02,24.5,75.2
2026-07-21 02:15:22,24.5,75.2
2026-07-21 02:15:42,24.5,75.2
2026-07-21 02:16:02,24.5,75.1
2026-07-21 02:16:22,24.5,75.1
2026-07-21 02:16:42,24.5,75.1
2026-07-21 02:17:02,24.5,75.1
2026-07-21 02:17:22,24.5,75.1
2026-07-21 02:17:42,24.5,75.1
2026-07-21 02:18:02,24.5,75.0
2026-07-21 02:18:22,24.5,75.0
2026-07-21 02:18:42,24.5,75.0
2026-07-21 02:19:02,24.5,75.0
2026-07-21 02:19:22,24.5,75.0
2026-07-21 02:19:42,24.5,75.0
2026-07-21 02:20:02,24.5,74.9
2026-07-21 02:20:22,24.5,74.9
2026-07-21 02:20:42,24.5,75.0
2026-07-21 02:21:02,24.5,74.9
2026-07-21 02:21:22,24.5,74.8
2026-07-21 02:21:42,24.5,74.7
2026-07-21 02:22:02,24.6,74.8
2026-07-21 02:22:22,24.6,
2026-07-21 02:22:23,,74.8
2026-07-21 02:22:43,24.6,74.7
2026-07-21 02:23:03,24.6,74.7
2026-07-21 02:23:23,24.6,74.8
2026-07-21 02:23:43,24.6,74.8
2026-07-21 02:24:03,24.5,74.7
2026-07-21 02:24:23,24.5,74.8
2026-07-21 02:24:43,24.6,74.8
2026-07-21 02:25:03,24.6,74.7
2026-07-21 02:25:23,24.5,74.6
2026-07-21 02:25:43,24.6,74.6
2026-07-21 02:26:03,24.5,74.8
2026-07-21 02:26:23,24.6,74.7
2026-07-21 02:26:43,24.6,74.7
2026-07-21 02:27:03,24.5,74.7
2026-07-21 02:27:23,24.5,74.6
2026-07-21 02:27:43,24.5,74.6
2026-07-21 02:28:03,24.6,74.6
2026-07-21 02:28:23,24.5,74.6
2026-07-21 02:28:43,24.5,74.5
2026-07-21 02:29:03,24.5,74.5
2026-07-21 02:29:23,24.5,74.5
2026-07-21 02:29:43,24.5,74.5
2026-07-21 02:30:03,24.5,74.6
2026-07-21 02:30:23,24.5,74.6
2026-07-21 02:30:43,24.5,74.6
2026-07-21 02:31:03,24.5,74.6
2026-07-21 02:31:23,24.5,74.6
2026-07-21 02:31:43,24.5,74.6
2026-07-21 02:32:03,24.4,74.7
2026-07-21 02:32:23,24.5,74.6
2026-07-21 02:32:43,24.5,74.6
2026-07-21 02:33:03,24.5,74.6
2026-07-21 02:33:23,24.4,74.7
2026-07-21 02:33:43,24.4,74.7
2026-07-21 02:34:03,24.4,74.6
2026-07-21 02:34:23,24.4,74.6
2026-07-21 02:34:43,24.5,74.6
2026-07-21 02:35:03,24.4,74.5
2026-07-21 02:35:23,24.5,74.5
2026-07-21 02:35:43,24.5,74.4
2026-07-21 02:36:03,24.5,74.4
2026-07-21 02:36:23,24.5,74.4
2026-07-21 02:36:43,24.5,74.4
2026-07-21 02:37:03,24.5,74.3
2026-07-21 02:37:23,24.5,74.3
2026-07-21 02:37:43,24.5,74.2
2026-07-21 02:38:03,24.5,74.2
2026-07-21 02:38:23,24.5,74.3
2026-07-21 02:38:43,24.5,74.3
2026-07-21 02:39:04,24.5,74.3
2026-07-21 02:39:38,24.5,74.2
2026-07-21 02:39:44,24.6,74.2
2026-07-21 02:40:04,24.5,74.2
2026-07-21 02:40:24,24.6,74.2
2026-07-21 02:40:44,24.6,74.1
2026-07-21 02:41:04,24.6,74.2
2026-07-21 02:41:24,24.6,74.1
2026-07-21 02:41:44,24.6,74.1
2026-07-21 02:42:04,24.6,74.1
2026-07-21 02:42:24,24.6,74.0
2026-07-21 02:42:44,24.6,74.0
2026-07-21 02:43:04,24.6,74.0
2026-07-21 02:43:24,24.6,74.0
2026-07-21 02:43:44,24.5,74.0
2026-07-21 02:44:04,24.6,74.0
2026-07-21 02:44:24,24.5,74.0
2026-07-21 02:44:44,24.5,74.0
2026-07-21 02:45:04,24.5,74.0
2026-07-21 02:45:24,24.5,74.1
2026-07-21 02:45:44,24.5,74.2
2026-07-21 02:46:04,24.5,74.2
2026-07-21 02:46:24,24.5,74.4
2026-07-21 02:46:44,24.4,74.4
2026-07-21 02:47:04,24.4,74.4
2026-07-21 02:47:24,24.4,74.3
2026-07-21 02:47:44,24.4,74.3
2026-07-21 02:48:04,24.4,74.4
2026-07-21 02:48:24,24.4,74.4
2026-07-21 02:48:44,24.4,74.5
2026-07-21 02:49:04,24.4,74.5
2026-07-21 02:49:24,24.4,74.6
2026-07-21 02:49:44,24.4,74.4
2026-07-21 02:50:04,24.4,74.5
2026-07-21 02:50:24,24.4,74.4
2026-07-21 02:50:44,24.4,74.4
2026-07-21 02:51:04,24.4,74.4
2026-07-21 02:51:24,24.4,74.4
2026-07-21 02:51:44,24.4,74.3
2026-07-21 02:52:04,24.4,74.5
2026-07-21 02:52:24,24.4,74.4
2026-07-21 02:52:44,24.4,74.3
2026-07-21 02:53:04,24.4,74.3
2026-07-21 02:53:24,24.3,74.3
2026-07-21 02:53:44,24.3,74.4
2026-07-21 02:54:04,24.3,74.5
2026-07-21 02:54:24,24.3,74.5
2026-07-21 02:54:44,24.3,74.5
2026-07-21 02:55:04,24.4,74.5
2026-07-21 02:55:24,24.3,74.5
2026-07-21 02:55:44,24.3,74.4
2026-07-21 02:56:04,24.3,74.4
2026-07-21 02:56:25,24.3,74.4
2026-07-21 02:56:45,24.3,74.3
2026-07-21 02:57:05,24.3,74.4
2026-07-21 02:57:25,24.3,74.4
2026-07-21 02:57:45,24.3,74.3
2026-07-21 02:58:05,24.3,74.3
2026-07-21 02:58:25,24.3,74.3
2026-07-21 02:58:45,24.3,74.3
2026-07-21 02:59:05,24.3,74.2
2026-07-21 02:59:25,24.3,74.2
2026-07-21 02:59:45,24.3,74.2
2026-07-21 03:00:05,24.3,74.2
2026-07-21 03:00:25,24.3,74.4
2026-07-21 03:00:45,24.3,74.2
2026-07-21 03:01:05,24.3,74.2
2026-07-21 03:01:25,24.3,74.1
2026-07-21 03:01:45,24.4,74.1
2026-07-21 03:02:05,24.3,74.0
2026-07-21 03:02:25,24.3,74.0
2026-07-21 03:02:45,24.3,74.0
2026-07-21 03:03:05,24.3,73.9
2026-07-21 03:03:25,24.3,73.9
2026-07-21 03:03:45,24.3,73.9
2026-07-21 03:04:05,24.3,73.9
2026-07-21 03:04:25,24.3,73.9
2026-07-21 03:04:45,24.3,74.0
2026-07-21 03:05:05,24.3,74.0
2026-07-21 03:05:25,24.3,73.8
2026-07-21 03:05:45,24.3,73.7
2026-07-21 03:06:05,24.3,73.6
2026-07-21 03:06:25,24.3,73.6
2026-07-21 03:06:45,24.3,73.6
2026-07-21 03:07:05,24.3,73.4
2026-07-21 03:07:25,24.3,73.7
2026-07-21 03:07:45,24.3,73.7
2026-07-21 03:08:05,24.3,73.5
2026-07-21 03:08:25,24.3,73.4
2026-07-21 03:08:45,24.3,73.3
2026-07-21 03:09:05,24.3,73.3
2026-07-21 03:09:25,24.2,73.3
2026-07-21 03:09:45,24.3,73.3
2026-07-21 03:10:05,24.3,73.2
2026-07-21 03:10:25,24.3,73.2
2026-07-21 03:10:45,24.3,73.3
2026-07-21 03:11:05,24.3,73.5
2026-07-21 03:11:25,24.3,73.1
2026-07-21 03:11:45,24.3,73.1
2026-07-21 03:12:05,24.3,73.0
2026-07-21 03:12:25,24.3,72.9
2026-07-21 03:12:45,24.3,72.9
2026-07-21 03:13:05,24.3,72.9
2026-07-21 03:13:25,24.2,72.8
2026-07-21 03:13:45,24.3,
2026-07-21 03:13:46,,72.8
2026-07-21 03:14:06,24.2,72.8
2026-07-21 03:14:26,24.2,72.8
2026-07-21 03:14:46,24.2,72.8
2026-07-21 03:15:06,24.2,72.7
2026-07-21 03:15:26,24.2,72.7
2026-07-21 03:15:46,24.2,72.8
2026-07-21 03:16:06,24.2,72.8
2026-07-21 03:16:26,24.2,72.7
2026-07-21 03:16:46,24.2,72.8
2026-07-21 03:17:06,24.2,72.7
2026-07-21 03:17:26,24.2,72.7
2026-07-21 03:17:46,24.2,72.6
2026-07-21 03:18:06,24.2,72.7
2026-07-21 03:18:26,24.2,72.7
2026-07-21 03:18:46,24.2,72.7
2026-07-21 03:19:06,24.2,72.6
2026-07-21 03:19:26,24.2,72.6
2026-07-21 03:19:46,24.2,72.5
2026-07-21 03:20:06,24.2,72.5
2026-07-21 03:20:26,24.2,72.5
2026-07-21 03:20:46,24.2,72.4
2026-07-21 03:21:06,24.2,72.4
2026-07-21 03:21:26,24.2,72.3
2026-07-21 03:21:46,24.2,72.3
2026-07-21 03:22:06,24.2,72.3
2026-07-21 03:22:26,24.1,72.3
2026-07-21 03:22:46,24.2,72.5
2026-07-21 03:23:06,24.1,72.6
2026-07-21 03:23:26,24.1,72.4
2026-07-21 03:23:46,24.1,72.3
2026-07-21 03:24:06,24.2,72.5
2026-07-21 03:24:26,24.2,72.6
2026-07-21 03:24:46,24.2,72.5
2026-07-21 03:25:06,24.2,72.5
2026-07-21 03:25:26,24.2,72.5
2026-07-21 03:25:46,24.2,72.3
2026-07-21 03:26:06,24.2,72.3
2026-07-21 03:26:26,24.2,72.3
2026-07-21 03:26:46,24.1,72.2
2026-07-21 03:27:06,24.1,72.3
2026-07-21 03:27:26,24.1,72.2
2026-07-21 03:27:46,24.1,72.2
2026-07-21 03:28:06,24.1,72.3
2026-07-21 03:28:26,24.1,72.4
2026-07-21 03:28:46,24.1,72.2
2026-07-21 03:29:06,24.1,72.3
2026-07-21 03:29:26,24.1,72.2
2026-07-21 03:29:46,24.1,72.2
2026-07-21 03:30:06,24.1,72.2
2026-07-21 03:30:26,24.1,72.2
2026-07-21 03:30:46,24.1,
2026-07-21 03:30:47,,72.2
2026-07-21 03:31:07,24.1,72.3
2026-07-21 03:31:27,24.1,72.4
2026-07-21 03:31:47,24.1,72.4
2026-07-21 03:32:07,24.1,72.4
2026-07-21 03:32:27,24.2,72.4
2026-07-21 03:32:47,24.2,72.2
2026-07-21 03:33:07,24.2,72.1
2026-07-21 03:33:27,24.1,72.1
2026-07-21 03:33:47,24.1,72.2
2026-07-21 03:34:07,24.1,72.2
2026-07-21 03:34:27,24.1,72.2
2026-07-21 03:34:47,24.1,72.1
2026-07-21 03:35:07,24.1,72.1
2026-07-21 03:35:27,24.1,72.1
2026-07-21 03:35:47,24.1,72.1
2026-07-21 03:36:07,24.1,72.1
2026-07-21 03:36:27,24.0,72.1
2026-07-21 03:36:47,24.1,72.2
2026-07-21 03:37:07,24.1,72.1
2026-07-21 03:37:27,24.0,72.2
2026-07-21 03:37:47,24.0,72.2
2026-07-21 03:38:07,24.0,72.4
2026-07-21 03:38:27,24.0,72.3
2026-07-21 03:38:47,24.0,72.3
2026-07-21 03:39:07,24.0,72.3
2026-07-21 03:39:27,24.0,72.4
2026-07-21 03:39:47,24.0,72.4
2026-07-21 03:40:07,24.0,72.3
2026-07-21 03:40:27,24.0,72.4
2026-07-21 03:40:47,24.0,72.3
2026-07-21 03:41:07,24.0,72.4
2026-07-21 03:41:27,24.1,72.3
2026-07-21 03:41:47,24.1,72.3
2026-07-21 03:42:07,24.1,72.2
2026-07-21 03:42:27,24.0,72.3
2026-07-21 03:42:47,24.1,72.2
2026-07-21 03:43:07,24.1,72.2
2026-07-21 03:43:27,24.1,72.2
2026-07-21 03:43:47,24.1,72.2
2026-07-21 03:44:07,24.0,72.2
2026-07-21 03:44:27,24.0,72.3
2026-07-21 03:44:47,24.0,72.3
2026-07-21 03:45:07,24.1,72.2
2026-07-21 03:45:27,24.1,72.2
2026-07-21 03:45:47,24.0,72.2
2026-07-21 03:46:07,24.0,72.3
2026-07-21 03:46:27,24.0,72.2
2026-07-21 03:46:47,24.0,72.3
2026-07-21 03:47:07,24.0,72.4
2026-07-21 03:47:27,24.0,72.4
2026-07-21 03:47:47,23.9,72.4
2026-07-21 03:48:08,23.9,72.5
2026-07-21 03:48:28,23.9,72.4
2026-07-21 03:48:48,23.9,72.4
2026-07-21 03:49:08,23.9,72.5
2026-07-21 03:49:28,23.9,72.5
2026-07-21 03:49:48,23.9,72.7
2026-07-21 03:50:08,24.0,72.6
2026-07-21 03:50:28,24.0,72.6
2026-07-21 03:50:48,24.0,72.6
2026-07-21 03:51:08,24.0,72.5
2026-07-21 03:51:28,24.0,72.5
2026-07-21 03:51:48,24.0,72.5
2026-07-21 03:52:08,24.0,72.5
2026-07-21 03:52:28,24.0,72.6
2026-07-21 03:52:48,24.0,72.6
2026-07-21 03:53:08,23.9,72.6
2026-07-21 03:53:28,24.0,72.5
2026-07-21 03:53:48,24.0,72.6
2026-07-21 03:54:08,23.9,72.5
2026-07-21 03:54:28,24.0,72.5
2026-07-21 03:54:48,24.0,72.5
2026-07-21 03:55:08,23.9,72.6
2026-07-21 03:55:28,24.0,72.6
2026-07-21 03:55:48,24.0,72.6
2026-07-21 03:56:08,24.0,72.6
2026-07-21 03:56:28,24.0,72.5
2026-07-21 03:56:48,24.0,72.5
2026-07-21 03:57:08,24.0,72.5
2026-07-21 03:57:28,24.0,72.6
2026-07-21 03:57:48,24.0,72.5
2026-07-21 03:58:08,24.0,72.6
2026-07-21 03:58:28,24.0,72.6
2026-07-21 03:58:48,24.1,72.6
2026-07-21 03:59:08,24.1,72.5
2026-07-21 03:59:28,24.1,72.5
2026-07-21 03:59:48,24.1,72.5
2026-07-21 04:00:08,24.1,72.4
2026-07-21 04:00:28,24.1,72.4
2026-07-21 04:00:48,24.1,72.6
2026-07-21 04:01:08,24.1,72.6
2026-07-21 04:01:28,24.1,72.7
2026-07-21 04:01:48,24.0,
2026-07-21 04:01:49,,72.8
2026-07-21 04:02:08,24.0,72.8
2026-07-21 04:02:28,24.0,72.9
2026-07-21 04:02:48,24.0,73.0
2026-07-21 04:03:08,24.0,73.1
2026-07-21 04:03:28,24.0,73.2
2026-07-21 04:03:48,24.0,73.2
2026-07-21 04:04:08,24.0,73.3
2026-07-21 04:04:28,24.0,73.4
2026-07-21 04:04:49,24.0,73.5
2026-07-21 04:05:08,24.0,73.5
2026-07-21 04:05:29,24.0,73.5
2026-07-21 04:05:49,24.0,73.6
2026-07-21 04:06:09,24.0,73.5
2026-07-21 04:06:29,24.0,73.4
2026-07-21 04:06:49,24.0,73.4
2026-07-21 04:07:09,24.0,73.5
2026-07-21 04:07:29,24.0,73.6
2026-07-21 04:07:49,24.0,73.7
2026-07-21 04:08:09,24.0,73.9
2026-07-21 04:08:29,24.0,73.9
2026-07-21 04:08:49,24.0,73.9
2026-07-21 04:09:09,24.0,73.8
2026-07-21 04:09:29,24.0,73.7
2026-07-21 04:09:49,24.0,73.8
2026-07-21 04:10:09,24.0,73.9
2026-07-21 04:10:29,23.9,73.9
2026-07-21 04:10:49,23.9,74.0
2026-07-21 04:11:09,23.9,74.1
2026-07-21 04:11:29,23.9,74.1
2026-07-21 04:11:49,23.9,74.1
2026-07-21 04:12:09,23.9,74.1
2026-07-21 04:12:29,23.9,74.1
2026-07-21 04:12:49,23.9,74.1
2026-07-21 04:13:09,24.0,74.2
2026-07-21 04:13:29,24.0,74.3
2026-07-21 04:13:49,23.9,74.4
2026-07-21 04:14:09,24.0,74.5
2026-07-21 04:14:29,24.0,74.5
2026-07-21 04:14:49,24.0,74.5
2026-07-21 04:15:09,24.0,74.5
2026-07-21 04:15:29,24.0,74.5
2026-07-21 04:15:49,24.0,74.5
2026-07-21 04:16:09,24.0,74.5
2026-07-21 04:16:29,24.1,74.4
2026-07-21 04:16:49,24.1,74.3
2026-07-21 04:17:09,24.1,74.3
2026-07-21 04:17:29,24.1,74.3
2026-07-21 04:17:49,24.1,74.3
2026-07-21 04:18:09,24.1,74.4
2026-07-21 04:18:29,24.1,74.3
2026-07-21 04:18:49,24.1,74.4
2026-07-21 04:19:09,24.1,74.4
2026-07-21 04:19:29,24.1,74.6
2026-07-21 04:19:49,24.1,74.5
2026-07-21 04:20:09,24.0,74.6
2026-07-21 04:20:29,24.0,74.6
2026-07-21 04:20:49,24.0,74.7
2026-07-21 04:21:09,24.0,74.7
2026-07-21 04:21:29,24.0,74.9
2026-07-21 04:21:49,24.0,74.9
2026-07-21 04:22:09,23.9,74.9
2026-07-21 04:22:29,23.9,75.0
2026-07-21 04:22:49,23.9,75.0
2026-07-21 04:23:10,23.9,75.1
2026-07-21 04:23:30,23.9,75.1
2026-07-21 04:23:50,23.9,75.3
2026-07-21 04:24:10,23.9,75.3
2026-07-21 04:24:30,24.0,75.5
2026-07-21 04:24:50,24.0,75.4
2026-07-21 04:25:10,24.0,75.5
2026-07-21 04:25:30,24.0,75.4
2026-07-21 04:25:50,24.0,75.3
2026-07-21 04:26:10,24.0,75.3
2026-07-21 04:26:30,24.0,75.2
2026-07-21 04:26:50,24.0,75.3
2026-07-21 04:27:10,24.0,75.2
2026-07-21 04:27:30,24.0,75.1
2026-07-21 04:27:50,24.0,75.1
2026-07-21 04:28:10,24.0,75.2
2026-07-21 04:28:30,24.0,75.4
2026-07-21 04:28:50,23.9,75.5
2026-07-21 04:29:10,24.0,75.7
2026-07-21 04:29:30,24.0,75.8
2026-07-21 04:29:50,24.0,75.8
2026-07-21 04:30:10,23.9,75.8
2026-07-21 04:30:30,24.0,75.7
2026-07-21 04:30:50,24.0,75.7
2026-07-21 04:31:10,24.0,75.7
2026-07-21 04:31:30,24.0,75.7
2026-07-21 04:31:50,24.0,75.7
2026-07-21 04:32:10,24.0,75.8
2026-07-21 04:32:30,24.0,75.9
2026-07-21 04:32:50,24.0,76.0
2026-07-21 04:33:10,24.0,76.0
2026-07-21 04:33:30,24.0,76.0
2026-07-21 04:33:50,24.0,76.0
2026-07-21 04:34:10,24.0,76.0
2026-07-21 04:34:30,24.0,76.0
2026-07-21 04:34:50,24.0,75.9
2026-07-21 04:35:10,24.0,75.9
2026-07-21 04:35:30,24.0,75.9
2026-07-21 04:35:50,24.0,76.0
2026-07-21 04:36:10,24.0,76.0
2026-07-21 04:36:30,24.0,76.1
2026-07-21 04:36:50,24.0,76.1
2026-07-21 04:37:10,23.9,76.2
2026-07-21 04:37:30,24.0,76.3
2026-07-21 04:37:50,23.9,76.3
2026-07-21 04:38:10,23.9,76.4
2026-07-21 04:38:30,23.9,76.4
2026-07-21 04:38:50,23.9,76.4
2026-07-21 04:39:10,23.9,76.4
2026-07-21 04:39:30,23.9,76.5
2026-07-21 04:39:50,23.9,76.3
2026-07-21 04:40:10,23.9,76.4
2026-07-21 04:40:31,23.9,76.5
2026-07-21 04:40:51,23.9,76.5
2026-07-21 04:41:11,23.9,76.6
2026-07-21 04:41:31,23.9,76.5
2026-07-21 04:41:51,23.9,76.5
2026-07-21 04:42:11,24.0,76.5
2026-07-21 04:42:31,23.9,76.4
2026-07-21 04:42:51,23.9,76.4
2026-07-21 04:43:11,23.9,76.4
2026-07-21 04:43:31,23.9,76.4
2026-07-21 04:43:51,23.9,76.5
2026-07-21 04:44:11,24.0,76.4
2026-07-21 04:44:31,23.9,76.4
2026-07-21 04:44:51,23.9,76.5
2026-07-21 04:45:11,23.9,76.4
2026-07-21 04:45:31,24.0,76.5
2026-07-21 04:45:51,23.9,76.5
2026-07-21 04:46:11,23.9,76.5
2026-07-21 04:46:31,23.9,76.4
2026-07-21 04:46:51,23.9,76.5
2026-07-21 04:47:11,23.9,76.5
2026-07-21 04:47:31,23.9,76.5
2026-07-21 04:47:51,23.9,76.6
2026-07-21 04:48:11,23.9,76.5
2026-07-21 04:48:31,23.9,76.6
2026-07-21 04:48:51,23.9,76.6
2026-07-21 04:49:11,23.9,76.6
2026-07-21 04:49:31,23.9,76.6
2026-07-21 04:49:51,23.9,76.6
2026-07-21 04:50:11,23.9,76.6
2026-07-21 04:50:31,23.9,76.6
2026-07-21 04:50:51,23.9,
2026-07-21 04:50:57,,76.6
2026-07-21 04:51:13,23.9,76.6
2026-07-21 04:51:31,23.9,
2026-07-21 04:51:34,,76.7
2026-07-21 04:51:51,23.9,
2026-07-21 04:52:14,23.9,76.65
2026-07-21 04:52:31,23.9,76.5
2026-07-21 04:52:56,23.9,76.5
2026-07-21 04:53:11,23.9,76.4
2026-07-21 04:53:34,23.9,76.4
2026-07-21 04:53:51,23.9,76.4
2026-07-21 04:54:13,23.9,76.4
2026-07-21 04:54:31,23.9,76.4
2026-07-21 04:54:51,23.9,76.4
2026-07-21 04:55:11,23.9,76.4
2026-07-21 04:55:31,23.9,76.5
2026-07-21 04:55:51,23.9,76.6
2026-07-21 04:56:11,23.9,76.5
2026-07-21 04:56:31,23.9,76.5
2026-07-21 04:56:51,23.9,76.5
2026-07-21 04:57:11,23.9,76.4
2026-07-21 04:57:31,23.9,76.3
2026-07-21 04:57:51,23.9,
2026-07-21 04:57:52,,76.4
2026-07-21 04:58:12,23.9,76.4
2026-07-21 04:58:32,23.9,76.4
2026-07-21 04:58:52,23.9,76.5
2026-07-21 04:59:12,23.9,76.5
2026-07-21 04:59:32,23.9,76.5
2026-07-21 04:59:52,23.9,76.5
2026-07-21 05:00:12,23.9,76.5
2026-07-21 05:00:32,23.8,76.5
2026-07-21 05:00:52,23.8,76.6
2026-07-21 05:01:12,23.8,76.4
2026-07-21 05:01:32,23.8,76.5
2026-07-21 05:01:52,23.8,76.5
2026-07-21 05:02:12,23.8,76.5
2026-07-21 05:02:32,23.8,76.6
2026-07-21 05:02:52,23.8,76.5
2026-07-21 05:03:12,23.8,76.5
2026-07-21 05:03:32,23.8,76.4
2026-07-21 05:03:52,23.8,76.5
2026-07-21 05:04:12,23.8,76.5
2026-07-21 05:04:32,23.8,76.5
2026-07-21 05:04:52,23.8,76.5
2026-07-21 05:05:12,23.8,76.4
2026-07-21 05:05:32,23.8,76.4
2026-07-21 05:05:52,23.8,76.4
2026-07-21 05:06:12,23.8,76.4
2026-07-21 05:06:32,23.8,76.4
2026-07-21 05:06:52,23.8,76.5
2026-07-21 05:07:12,23.8,76.5
2026-07-21 05:07:32,23.8,76.6
2026-07-21 05:07:52,23.8,76.6
2026-07-21 05:08:12,23.8,76.6
2026-07-21 05:08:32,23.7,76.6
2026-07-21 05:08:52,23.8,76.6
2026-07-21 05:09:12,23.7,76.6
2026-07-21 05:09:32,23.7,76.6
2026-07-21 05:09:52,23.7,76.7
2026-07-21 05:10:12,23.7,76.7
2026-07-21 05:10:32,23.7,76.7
2026-07-21 05:10:52,23.7,76.7
2026-07-21 05:11:12,23.7,76.7
2026-07-21 05:11:32,23.7,76.7
2026-07-21 05:11:52,23.7,76.7
2026-07-21 05:12:12,23.8,76.7
2026-07-21 05:12:32,23.7,76.7
2026-07-21 05:12:52,23.7,76.7
2026-07-21 05:13:12,23.7,76.7
2026-07-21 05:13:32,23.7,76.7
2026-07-21 05:13:52,23.7,76.7
2026-07-21 05:14:12,23.7,76.7
2026-07-21 05:14:32,23.7,76.7
2026-07-21 05:14:52,23.7,76.8
2026-07-21 05:15:13,23.7,76.7
2026-07-21 05:15:33,23.7,76.8
2026-07-21 05:15:53,23.7,76.7
2026-07-21 05:16:13,23.7,76.7
2026-07-21 05:16:33,23.7,76.7
2026-07-21 05:16:53,23.7,76.7
2026-07-21 05:17:13,23.7,76.6
2026-07-21 05:17:33,23.7,76.5
2026-07-21 05:17:53,23.7,76.6
2026-07-21 05:18:13,23.7,76.5
2026-07-21 05:18:33,23.7,76.4
2026-07-21 05:18:53,23.7,76.5
2026-07-21 05:19:13,23.7,76.4
2026-07-21 05:19:33,23.7,76.4
2026-07-21 05:19:53,23.7,76.3
2026-07-21 05:20:13,23.7,76.2
2026-07-21 05:20:33,23.7,76.1
2026-07-21 05:20:53,23.7,76.0
2026-07-21 05:21:13,23.7,75.9
2026-07-21 05:21:33,23.7,75.9
2026-07-21 05:21:53,23.7,75.8
2026-07-21 05:22:13,23.7,75.7
2026-07-21 05:22:33,23.7,75.6
2026-07-21 05:22:53,23.7,75.5
2026-07-21 05:23:13,23.7,75.4
2026-07-21 05:23:33,23.7,75.3
2026-07-21 05:23:53,23.6,75.2
2026-07-21 05:24:13,23.6,75.2
2026-07-21 05:24:33,23.6,75.1
2026-07-21 05:24:53,23.6,75.2
2026-07-21 05:25:13,23.6,75.2
2026-07-21 05:25:33,23.6,75.2
2026-07-21 05:25:53,23.6,75.3
2026-07-21 05:26:13,23.5,75.2
2026-07-21 05:26:33,23.5,75.2
2026-07-21 05:26:53,23.6,75.1
2026-07-21 05:27:13,23.6,75.1
2026-07-21 05:27:33,23.6,74.9
2026-07-21 05:27:53,23.5,74.9
2026-07-21 05:28:13,23.6,74.8
2026-07-21 05:28:33,23.5,74.7
2026-07-21 05:28:53,23.6,74.7
2026-07-21 05:29:13,23.5,74.5
2026-07-21 05:29:33,23.5,74.5
2026-07-21 05:29:53,23.5,74.5
2026-07-21 05:30:13,23.5,74.5
2026-07-21 05:30:33,23.5,74.4
2026-07-21 05:30:53,23.5,74.2
2026-07-21 05:31:13,23.5,74.2
2026-07-21 05:31:33,23.5,74.2
2026-07-21 05:31:53,23.5,74.1
2026-07-21 05:32:13,23.5,74.0
2026-07-21 05:32:34,23.5,73.9
2026-07-21 05:32:54,23.5,73.8
2026-07-21 05:33:14,23.5,73.8
2026-07-21 05:33:34,23.5,73.7
2026-07-21 05:33:54,23.5,73.5
2026-07-21 05:34:14,23.5,73.6
2026-07-21 05:34:34,23.5,73.5
2026-07-21 05:34:54,23.5,73.4
2026-07-21 05:35:14,23.5,73.3
2026-07-21 05:35:34,23.5,73.2
2026-07-21 05:35:54,23.4,73.0
2026-07-21 05:36:14,23.4,73.1
2026-07-21 05:36:34,23.4,73.1
2026-07-21 05:36:54,23.4,73.0
2026-07-21 05:37:14,23.4,72.8
2026-07-21 05:37:34,23.4,72.8
2026-07-21 05:37:54,23.4,72.6
2026-07-21 05:38:14,23.4,72.6
2026-07-21 05:38:34,23.4,72.6
2026-07-21 05:38:54,23.4,72.5
2026-07-21 05:39:14,23.4,72.5
2026-07-21 05:39:34,23.4,72.6
2026-07-21 05:39:54,23.4,72.5
2026-07-21 05:40:14,23.4,72.5
2026-07-21 05:40:34,23.4,72.5
2026-07-21 05:40:54,23.4,72.3
2026-07-21 05:41:14,23.5,72.3
2026-07-21 05:41:34,23.4,72.1
2026-07-21 05:41:54,23.5,72.0
2026-07-21 05:42:14,23.5,72.0
2026-07-21 05:42:34,23.4,72.0
2026-07-21 05:42:54,23.5,72.0
2026-07-21 05:43:14,23.4,71.8
2026-07-21 05:43:34,23.5,71.7
2026-07-21 05:43:54,23.4,71.6
2026-07-21 05:44:14,23.4,71.6
2026-07-21 05:44:34,23.4,71.6
2026-07-21 05:44:54,23.4,71.6
2026-07-21 05:45:14,23.4,71.6
2026-07-21 05:45:34,23.4,71.5
2026-07-21 05:45:54,23.4,71.4
2026-07-21 05:46:14,23.4,71.4
2026-07-21 05:46:34,23.4,71.3
2026-07-21 05:46:54,23.4,71.1
2026-07-21 05:47:14,23.4,70.8
2026-07-21 05:47:34,23.4,70.8
2026-07-21 05:47:54,23.4,70.7
2026-07-21 05:48:14,23.4,70.8
2026-07-21 05:48:34,23.4,70.8
2026-07-21 05:48:54,23.4,70.7
2026-07-21 05:49:14,23.4,70.8
2026-07-21 05:49:34,23.4,70.7
2026-07-21 05:49:55,23.4,70.6
2026-07-21 05:50:15,23.4,70.6
2026-07-21 05:50:35,23.4,70.5
2026-07-21 05:50:55,23.4,70.5
2026-07-21 05:51:15,23.4,70.6
2026-07-21 05:51:35,23.4,70.5
2026-07-21 05:51:55,23.4,70.5
2026-07-21 05:52:15,23.4,70.5
2026-07-21 05:52:35,23.4,70.4
2026-07-21 05:52:55,23.4,70.4
2026-07-21 05:53:15,23.5,70.5
2026-07-21 05:53:35,23.4,70.3
2026-07-21 05:53:55,23.4,70.5
2026-07-21 05:54:15,23.5,70.5
2026-07-21 05:54:35,23.5,70.5
2026-07-21 05:54:55,23.5,70.5
2026-07-21 05:55:15,23.5,70.3
2026-07-21 05:55:35,23.5,70.3
2026-07-21 05:55:55,23.5,70.3
2026-07-21 05:56:15,23.5,70.1
2026-07-21 05:56:35,23.5,70.1
2026-07-21 05:56:55,23.5,70.0
2026-07-21 05:57:15,23.5,70.0
2026-07-21 05:57:35,23.5,70.0
2026-07-21 05:57:55,23.5,70.1
2026-07-21 05:58:15,23.5,70.1
2026-07-21 05:58:35,23.5,70.2
2026-07-21 05:58:55,23.4,70.1
2026-07-21 05:59:15,23.5,70.1
2026-07-21 05:59:35,23.5,70.1
2026-07-21 05:59:55,23.5,70.2
2026-07-21 06:00:15,23.5,70.1
2026-07-21 06:00:35,23.5,70.0
2026-07-21 06:00:55,23.5,70.0
2026-07-21 06:01:15,23.5,70.0
2026-07-21 06:01:35,23.5,70.0
2026-07-21 06:01:55,23.5,69.9
2026-07-21 06:02:29,23.5,69.9
2026-07-21 06:02:35,23.5,69.9
2026-07-21 06:02:55,23.5,69.9
2026-07-21 06:03:15,23.5,70.0
2026-07-21 06:03:35,23.5,70.0
2026-07-21 06:03:55,23.5,70.0
2026-07-21 06:04:15,23.5,70.0
2026-07-21 06:04:35,23.5,70.0
2026-07-21 06:04:55,23.5,70.1
2026-07-21 06:05:15,23.5,70.1
2026-07-21 06:05:35,23.5,70.2
2026-07-21 06:05:55,23.5,70.1
2026-07-21 06:06:15,23.5,70.1
2026-07-21 06:06:35,23.5,70.2
2026-07-21 06:06:55,23.5,70.2
2026-07-21 06:07:16,23.5,70.1
2026-07-21 06:07:36,23.5,69.9
2026-07-21 06:07:56,23.4,70.0
2026-07-21 06:08:16,23.4,70.0
2026-07-21 06:08:36,23.4,70.1
2026-07-21 06:08:56,23.4,70.1
2026-07-21 06:09:16,23.4,70.0
2026-07-21 06:09:36,23.4,70.1
2026-07-21 06:09:56,23.4,70.0
2026-07-21 06:10:16,23.4,70.1
2026-07-21 06:10:50,23.4,70.1
2026-07-21 06:10:56,23.4,70.1
2026-07-21 06:11:16,23.4,70.1
2026-07-21 06:11:36,23.4,70.1
2026-07-21 06:11:56,23.4,70.0
2026-07-21 06:12:16,23.4,70.0
2026-07-21 06:12:36,23.4,70.2
2026-07-21 06:12:56,23.3,70.2
2026-07-21 06:13:16,23.3,70.2
2026-07-21 06:13:50,23.4,70.2
2026-07-21 06:13:56,23.4,70.3
2026-07-21 06:14:16,23.4,70.2
2026-07-21 06:14:36,23.4,70.3
2026-07-21 06:14:56,23.4,70.3
2026-07-21 06:15:30,23.4,70.2
2026-07-21 06:15:36,23.4,70.2
2026-07-21 06:15:56,23.4,70.2
2026-07-21 06:16:16,23.4,70.2
2026-07-21 06:16:36,23.4,70.2
2026-07-21 06:16:56,23.4,70.2
2026-07-21 06:17:16,23.4,70.2
2026-07-21 06:17:36,23.4,70.2
2026-07-21 06:17:56,23.4,70.3
2026-07-21 06:18:16,23.4,70.2
2026-07-21 06:18:36,23.4,70.2
2026-07-21 06:18:56,23.4,70.2
2026-07-21 06:19:16,23.4,70.3
2026-07-21 06:19:36,23.4,70.3
2026-07-21 06:19:56,23.4,70.2
2026-07-21 06:20:16,23.4,70.3
2026-07-21 06:20:36,23.4,70.4
2026-07-21 06:20:56,23.4,70.4
2026-07-21 06:21:16,23.4,70.4
2026-07-21 06:21:36,23.4,70.3
2026-07-21 06:22:10,23.3,70.4
2026-07-21 06:22:16,23.3,70.5
2026-07-21 06:22:36,23.3,70.5
2026-07-21 06:22:56,23.3,70.6
2026-07-21 06:23:16,23.3,70.6
2026-07-21 06:23:37,23.3,70.6
2026-07-21 06:23:56,23.3,70.6
2026-07-21 06:24:16,23.3,70.6
2026-07-21 06:24:36,23.3,
2026-07-21 06:24:37,,70.6
2026-07-21 06:24:57,23.3,70.6
2026-07-21 06:25:17,23.3,70.5
2026-07-21 06:25:37,23.4,70.6
2026-07-21 06:25:57,23.3,70.6
2026-07-21 06:26:17,23.4,70.5
2026-07-21 06:26:37,23.3,70.5
2026-07-21 06:26:57,23.3,70.5
2026-07-21 06:27:17,23.3,70.5
2026-07-21 06:27:37,23.3,70.6
2026-07-21 06:27:57,23.3,70.6
2026-07-21 06:28:17,23.3,70.6
2026-07-21 06:28:37,23.3,70.7
2026-07-21 06:28:57,23.3,70.7
2026-07-21 06:29:17,23.3,70.8
2026-07-21 06:29:37,23.3,70.7
2026-07-21 06:29:57,23.3,70.8
2026-07-21 06:30:17,23.3,70.8
2026-07-21 06:30:37,23.3,70.8
2026-07-21 06:30:57,23.3,70.8
2026-07-21 06:31:17,23.3,70.8
2026-07-21 06:31:37,23.3,70.8
2026-07-21 06:31:57,23.3,70.8
2026-07-21 06:32:18,23.3,70.8
2026-07-21 06:32:37,23.3,70.8
2026-07-21 06:32:57,23.3,70.8
2026-07-21 06:33:17,23.4,70.8
2026-07-21 06:33:37,23.3,70.8
2026-07-21 06:34:02,23.3,70.9
2026-07-21 06:34:17,23.3,70.8
2026-07-21 06:34:37,23.4,70.9
2026-07-21 06:34:57,23.4,70.8
2026-07-21 06:35:17,23.4,70.9
2026-07-21 06:35:37,23.4,70.8
2026-07-21 06:35:57,23.4,70.8
2026-07-21 06:36:17,23.4,70.8
2026-07-21 06:36:37,23.4,70.8
2026-07-21 06:36:57,23.4,70.8
2026-07-21 06:37:17,23.4,70.8
2026-07-21 06:37:37,23.4,70.8
2026-07-21 06:37:57,23.4,70.8
2026-07-21 06:38:17,23.4,70.9
2026-07-21 06:38:37,23.4,70.9
2026-07-21 06:39:03,23.4,70.9
2026-07-21 06:39:17,23.5,70.9
2026-07-21 06:39:37,23.4,70.9
2026-07-21 06:39:57,23.4,70.9
2026-07-21 06:40:17,23.5,70.9
2026-07-21 06:40:37,23.4,70.9
2026-07-21 06:40:57,23.4,70.9
2026-07-21 06:41:17,23.4,70.9
2026-07-21 06:41:37,23.4,71.0
2026-07-21 06:41:58,23.4,71.0
2026-07-21 06:42:18,23.4,71.0
2026-07-21 06:42:38,23.4,71.1
2026-07-21 06:42:58,23.4,71.0
2026-07-21 06:43:18,23.4,71.0
2026-07-21 06:43:38,23.4,71.1
2026-07-21 06:43:58,23.4,71.1
2026-07-21 06:44:18,23.4,71.1
2026-07-21 06:44:38,23.4,71.1
2026-07-21 06:44:58,23.4,71.1
2026-07-21 06:45:18,23.5,71.1
2026-07-21 06:45:38,23.4,71.1
2026-07-21 06:45:58,23.5,71.1
2026-07-21 06:46:18,23.5,71.0
2026-07-21 06:46:38,23.5,71.1
2026-07-21 06:46:58,23.5,71.0
2026-07-21 06:47:18,23.5,71.0
2026-07-21 06:47:38,23.5,71.0
2026-07-21 06:47:58,23.5,71.0
2026-07-21 06:48:18,23.5,71.0
2026-07-21 06:48:38,23.5,71.0
2026-07-21 06:48:58,23.6,70.9
2026-07-21 06:49:18,23.6,71.0
2026-07-21 06:49:38,23.6,71.0
2026-07-21 06:49:58,23.6,71.1
2026-07-21 06:50:18,23.6,71.0
2026-07-21 06:50:38,23.6,71.0
2026-07-21 06:50:58,23.6,71.0
2026-07-21 06:51:18,23.6,71.0
2026-07-21 06:51:38,23.6,71.0
2026-07-21 06:51:58,23.6,70.9
2026-07-21 06:52:18,23.6,71.0
2026-07-21 06:52:38,23.6,71.0
2026-07-21 06:52:58,23.7,71.1
2026-07-21 06:53:18,23.7,71.0
2026-07-21 06:53:38,23.7,71.0
2026-07-21 06:53:58,23.7,71.1
2026-07-21 06:54:18,23.7,71.2
2026-07-21 06:54:38,23.7,71.3
2026-07-21 06:54:58,23.7,71.2
2026-07-21 06:55:18,23.8,71.2
2026-07-21 06:55:38,23.8,71.2
2026-07-21 06:55:58,23.8,71.1
2026-07-21 06:56:18,23.8,71.1
2026-07-21 06:56:38,23.8,70.9
2026-07-21 06:56:58,23.9,70.9
2026-07-21 06:57:18,23.8,70.9
2026-07-21 06:57:38,23.9,70.9
2026-07-21 06:57:58,23.9,71.0
2026-07-21 06:58:18,23.9,
2026-07-21 06:58:19,,71.0
2026-07-21 06:58:39,23.9,71.1
2026-07-21 06:58:59,23.9,71.0
2026-07-21 06:59:19,23.9,71.0
2026-07-21 06:59:39,23.9,71.0
2026-07-21 06:59:59,23.9,71.3
2026-07-21 07:00:19,23.9,71.4
2026-07-21 07:00:39,23.9,71.5
2026-07-21 07:00:59,23.9,71.5
2026-07-21 07:01:19,23.9,71.6
2026-07-21 07:01:39,23.9,71.9
2026-07-21 07:01:59,23.9,71.8
2026-07-21 07:02:19,23.9,71.9
2026-07-21 07:02:39,23.8,72.0
2026-07-21 07:02:59,23.8,72.3
2026-07-21 07:03:19,23.8,72.4
2026-07-21 07:03:39,23.8,72.8
2026-07-21 07:03:59,23.8,73.1
2026-07-21 07:04:19,23.9,73.4
2026-07-21 07:04:39,23.8,73.2
2026-07-21 07:04:59,23.8,73.5
2026-07-21 07:05:19,23.8,74.2
2026-07-21 07:05:39,23.7,74.8
2026-07-21 07:05:59,23.6,75.1
2026-07-21 07:06:19,23.6,75.3
2026-07-21 07:06:39,23.6,75.5
2026-07-21 07:06:59,23.5,76.1
2026-07-21 07:07:19,23.5,76.4
2026-07-21 07:07:39,23.5,76.8
2026-07-21 07:07:59,23.4,76.9
2026-07-21 07:08:19,23.4,77.0
2026-07-21 07:08:39,23.3,77.1
2026-07-21 07:08:59,23.3,77.3
2026-07-21 07:09:19,23.3,77.8
2026-07-21 07:09:39,23.3,78.1
2026-07-21 07:09:59,23.3,78.1
2026-07-21 07:10:19,23.3,78.0
2026-07-21 07:10:39,23.3,78.1
2026-07-21 07:10:59,23.3,78.3
2026-07-21 07:11:19,23.3,78.5
2026-07-21 07:11:39,23.3,78.7
2026-07-21 07:11:59,23.3,78.9
2026-07-21 07:12:19,23.2,79.0
2026-07-21 07:12:39,23.2,79.1
2026-07-21 07:12:59,23.2,79.2
2026-07-21 07:13:19,23.2,79.3
2026-07-21 07:13:39,23.2,79.4
2026-07-21 07:13:59,23.2,79.4
2026-07-21 07:14:19,23.2,79.5
2026-07-21 07:14:39,23.2,
2026-07-21 07:14:40,,79.6
2026-07-21 07:15:00,23.2,79.8
2026-07-21 07:15:20,23.2,79.9
2026-07-21 07:15:40,23.2,80.0
2026-07-21 07:16:00,23.1,80.1
2026-07-21 07:16:20,23.1,80.1
2026-07-21 07:16:40,23.1,80.2
2026-07-21 07:17:00,23.1,80.2
2026-07-21 07:17:20,23.1,80.3
2026-07-21 07:17:40,23.1,80.3
2026-07-21 07:18:00,23.1,80.4
2026-07-21 07:18:20,23.1,80.3
2026-07-21 07:18:40,23.1,80.3
2026-07-21 07:19:00,23.1,80.2
2026-07-21 07:19:20,23.1,80.1
2026-07-21 07:19:40,23.1,80.1
2026-07-21 07:20:00,23.1,80.1
2026-07-21 07:20:20,23.2,80.2
2026-07-21 07:20:40,23.2,80.2
2026-07-21 07:21:00,23.2,80.2
2026-07-21 07:21:20,23.2,80.2
2026-07-21 07:21:40,23.2,80.3
2026-07-21 07:22:00,23.2,80.3
2026-07-21 07:22:20,23.2,80.3
2026-07-21 07:22:40,23.2,80.4
2026-07-21 07:23:00,23.1,80.5
2026-07-21 07:23:20,23.1,80.6
2026-07-21 07:23:40,23.1,80.7
2026-07-21 07:24:00,23.1,80.8
2026-07-21 07:24:20,23.1,80.9
2026-07-21 07:24:40,23.1,80.8
2026-07-21 07:25:00,23.1,80.5
2026-07-21 07:25:20,23.2,80.5
2026-07-21 07:25:40,23.2,80.4
2026-07-21 07:26:00,23.2,80.4
2026-07-21 07:26:20,23.2,80.5
2026-07-21 07:26:40,23.2,80.5
2026-07-21 07:27:00,23.2,80.5
2026-07-21 07:27:20,23.2,80.6
2026-07-21 07:27:40,23.2,80.7
2026-07-21 07:28:00,23.2,80.8
2026-07-21 07:28:20,23.2,80.7
2026-07-21 07:28:40,23.2,80.9
2026-07-21 07:29:00,23.2,80.8
2026-07-21 07:29:20,23.3,80.8
2026-07-21 07:29:40,23.3,80.9
2026-07-21 07:30:00,23.3,80.7
2026-07-21 07:30:20,23.3,80.8
2026-07-21 07:30:40,23.3,80.8
2026-07-21 07:31:00,23.3,80.8
2026-07-21 07:31:20,23.3,80.8
2026-07-21 07:31:40,23.3,
2026-07-21 07:31:41,,80.6
2026-07-21 07:32:01,23.4,80.4
2026-07-21 07:32:21,23.4,80.2
2026-07-21 07:32:41,23.4,80.0
2026-07-21 07:33:01,23.4,79.8
2026-07-21 07:33:21,23.5,79.7
2026-07-21 07:33:41,23.5,79.6
2026-07-21 07:34:01,23.6,79.4
2026-07-21 07:34:21,23.6,79.2
2026-07-21 07:34:41,23.6,79.2
2026-07-21 07:35:01,23.7,79.0
2026-07-21 07:35:21,23.7,79.0
2026-07-21 07:35:41,23.7,79.1
2026-07-21 07:36:01,23.7,79.1
2026-07-21 07:36:21,23.7,78.9
2026-07-21 07:36:41,23.8,79.0
2026-07-21 07:37:01,23.8,78.9
2026-07-21 07:37:21,23.8,78.9
2026-07-21 07:37:41,23.8,78.8
2026-07-21 07:38:01,23.8,78.7
2026-07-21 07:38:21,23.8,78.6
2026-07-21 07:38:41,23.9,78.5
2026-07-21 07:39:01,23.9,78.5
2026-07-21 07:39:21,23.9,78.5
2026-07-21 07:39:41,23.9,78.4
2026-07-21 07:40:01,23.9,78.4
2026-07-21 07:40:21,23.9,78.4
2026-07-21 07:40:41,24.0,78.4
2026-07-21 07:41:01,23.9,78.3
2026-07-21 07:41:21,24.0,78.4
2026-07-21 07:41:41,24.0,78.3
2026-07-21 07:42:01,24.0,78.4
2026-07-21 07:42:21,24.0,78.6
2026-07-21 07:42:41,24.0,78.6
2026-07-21 07:43:01,24.0,78.5
2026-07-21 07:43:21,24.0,78.6
2026-07-21 07:43:41,23.9,78.9
2026-07-21 07:44:01,24.0,79.3
2026-07-21 07:44:21,24.0,79.1
2026-07-21 07:44:41,24.0,78.9
2026-07-21 07:45:01,24.0,78.8
2026-07-21 07:45:21,24.1,78.8
2026-07-21 07:45:41,24.1,78.7
2026-07-21 07:46:01,24.0,78.9
2026-07-21 07:46:21,24.0,79.0
2026-07-21 07:46:41,24.1,78.8
2026-07-21 07:47:01,24.1,78.8
2026-07-21 07:47:21,24.1,78.8
2026-07-21 07:47:41,24.1,78.7
2026-07-21 07:48:01,24.1,78.6
2026-07-21 07:48:21,24.1,78.3
2026-07-21 07:48:41,24.1,78.1
2026-07-21 07:49:01,24.1,78.2
2026-07-21 07:49:22,24.1,77.9
2026-07-21 07:49:42,24.1,77.8
2026-07-21 07:50:02,24.1,77.7
2026-07-21 07:50:22,24.1,77.6
2026-07-21 07:50:42,24.1,77.2
2026-07-21 07:51:02,24.1,77.1
2026-07-21 07:51:22,24.0,76.9
2026-07-21 07:51:42,24.1,76.7
2026-07-21 07:52:02,24.1,76.7
2026-07-21 07:52:22,24.0,76.7
2026-07-21 07:52:42,24.1,76.6
2026-07-21 07:53:02,24.0,76.4
2026-07-21 07:53:22,24.0,76.3
2026-07-21 07:53:42,24.1,76.3
2026-07-21 07:54:02,24.0,76.0
2026-07-21 07:54:22,24.0,75.9
2026-07-21 07:54:42,24.0,75.7
2026-07-21 07:55:02,24.0,75.5
2026-07-21 07:55:22,24.0,75.4
2026-07-21 07:55:42,24.1,75.4
2026-07-21 07:56:02,24.0,75.7
2026-07-21 07:56:22,24.1,75.5
2026-07-21 07:56:42,24.1,75.2
2026-07-21 07:57:02,24.1,75.1
2026-07-21 07:57:22,24.1,74.9
2026-07-21 07:57:42,24.1,74.8
2026-07-21 07:58:02,24.1,74.8
2026-07-21 07:58:22,24.1,74.6
2026-07-21 07:58:42,24.1,74.5
2026-07-21 07:59:02,24.1,74.3
2026-07-21 07:59:22,24.1,74.2
2026-07-21 07:59:42,24.1,74.2
2026-07-21 08:00:02,24.1,74.3
2026-07-21 08:00:22,24.1,74.1
2026-07-21 08:00:42,24.1,73.8
2026-07-21 08:01:02,24.1,73.7
2026-07-21 08:01:22,24.1,73.6
2026-07-21 08:01:42,24.1,73.6
2026-07-21 08:02:02,24.0,73.6
2026-07-21 08:02:22,24.0,73.7
2026-07-21 08:02:42,24.1,73.7
2026-07-21 08:03:02,24.1,73.6
2026-07-21 08:03:22,24.1,73.8
2026-07-21 08:03:42,24.1,73.8
2026-07-21 08:04:02,24.1,73.8
2026-07-21 08:04:22,24.1,73.6
2026-07-21 08:04:42,24.1,73.5
2026-07-21 08:05:02,24.1,73.4
2026-07-21 08:05:22,24.1,73.3
2026-07-21 08:05:43,24.2,73.3
2026-07-21 08:06:03,24.2,73.1
2026-07-21 08:06:23,24.2,73.0
2026-07-21 08:06:43,24.2,73.1
2026-07-21 08:07:03,24.2,72.9
2026-07-21 08:07:23,24.2,73.0
2026-07-21 08:07:43,24.2,73.1
2026-07-21 08:08:03,24.2,73.0
2026-07-21 08:08:23,24.2,72.9
2026-07-21 08:08:43,24.2,72.7
2026-07-21 08:09:03,24.2,72.7
2026-07-21 08:09:23,24.2,72.7
2026-07-21 08:09:43,24.2,72.7
2026-07-21 08:10:03,24.2,72.7
2026-07-21 08:10:23,24.2,72.6
2026-07-21 08:10:43,24.2,72.6
2026-07-21 08:11:03,24.3,72.5
2026-07-21 08:11:23,24.3,72.1
2026-07-21 08:11:43,24.3,72.0
2026-07-21 08:12:03,24.3,71.9
2026-07-21 08:12:23,24.3,71.8
2026-07-21 08:12:43,24.3,72.0
2026-07-21 08:13:03,24.3,71.9
2026-07-21 08:13:23,24.3,71.9
2026-07-21 08:13:43,24.4,71.7
2026-07-21 08:14:03,24.4,71.6
2026-07-21 08:14:23,24.4,71.6
2026-07-21 08:14:43,24.4,71.7
2026-07-21 08:15:03,24.4,71.7
2026-07-21 08:15:23,24.4,71.8
2026-07-21 08:15:43,24.4,71.7
2026-07-21 08:16:03,24.4,71.7
2026-07-21 08:16:23,24.3,71.8
2026-07-21 08:16:43,24.4,71.8
2026-07-21 08:17:03,24.3,71.9
2026-07-21 08:17:23,24.4,72.0
2026-07-21 08:17:50,24.4,71.8
2026-07-21 08:18:03,24.4,71.8
2026-07-21 08:18:23,24.4,71.9
2026-07-21 08:18:43,24.4,71.9
2026-07-21 08:19:03,24.4,72.0
2026-07-21 08:19:23,24.4,71.9
2026-07-21 08:19:43,24.4,71.8
2026-07-21 08:20:03,24.4,71.7
2026-07-21 08:20:23,24.4,71.6
2026-07-21 08:20:43,24.4,71.6
2026-07-21 08:21:03,24.4,71.6
2026-07-21 08:21:23,24.4,71.7
2026-07-21 08:21:43,24.4,71.6
2026-07-21 08:22:03,24.4,71.6
2026-07-21 08:22:23,24.4,71.7
2026-07-21 08:22:43,24.4,71.6
2026-07-21 08:23:03,24.4,71.6
2026-07-21 08:23:24,24.4,71.6
2026-07-21 08:23:44,24.4,71.5
2026-07-21 08:24:04,24.5,71.6
2026-07-21 08:24:38,24.6,71.5
2026-07-21 08:24:44,24.6,71.2
2026-07-21 08:25:10,24.6,71.0
2026-07-21 08:25:24,24.6,70.8
2026-07-21 08:25:44,24.6,70.8
2026-07-21 08:26:04,24.6,70.8
2026-07-21 08:26:24,24.6,70.8
2026-07-21 08:26:44,24.6,70.8
2026-07-21 08:27:04,24.6,70.9
2026-07-21 08:27:24,24.6,70.8
2026-07-21 08:27:44,24.6,70.8
2026-07-21 08:28:04,24.6,70.8
2026-07-21 08:28:24,24.6,71.1
2026-07-21 08:28:44,24.6,71.1
2026-07-21 08:29:04,24.6,71.2
2026-07-21 08:29:24,24.6,71.1
2026-07-21 08:29:44,24.6,71.1
2026-07-21 08:30:04,24.6,71.0
2026-07-21 08:30:24,24.6,70.9
2026-07-21 08:30:44,24.6,70.7
2026-07-21 08:31:11,24.6,70.7
2026-07-21 08:31:24,24.6,70.5
2026-07-21 08:31:44,24.6,70.5
2026-07-21 08:32:04,24.6,70.3
2026-07-21 08:32:24,24.6,70.1
2026-07-21 08:32:44,24.6,70.1
2026-07-21 08:33:04,24.6,69.7
2026-07-21 08:33:31,24.6,69.7
2026-07-21 08:33:44,24.6,69.1
2026-07-21 08:34:04,24.6,68.6
2026-07-21 08:34:24,24.6,68.4
2026-07-21 08:34:44,24.5,68.3
2026-07-21 08:35:04,24.5,68.4
2026-07-21 08:35:28,24.5,68.5
2026-07-21 08:35:44,24.5,68.5
2026-07-21 08:36:04,24.4,68.4
2026-07-21 08:36:24,24.4,68.5
2026-07-21 08:36:44,24.4,68.5
2026-07-21 08:37:04,24.4,68.4
2026-07-21 08:37:24,24.4,68.3
2026-07-21 08:37:44,24.5,68.4
2026-07-21 08:38:04,24.5,68.2
2026-07-21 08:38:24,24.5,68.2
2026-07-21 08:38:44,24.5,68.2
2026-07-21 08:39:42,24.5,68.2
2026-07-21 08:40:02,24.5,68.2
2026-07-21 08:40:22,24.5,68.0
2026-07-21 08:40:42,24.5,68.1
2026-07-21 08:41:02,24.5,68.1
2026-07-21 08:41:22,24.5,68.0
2026-07-21 08:41:42,24.5,68.1
2026-07-21 08:42:02,24.5,68.1
2026-07-21 08:42:22,24.5,68.3
2026-07-21 08:42:42,24.4,68.4
2026-07-21 08:43:02,24.4,68.5
2026-07-21 08:43:22,24.4,68.5
2026-07-21 08:43:42,24.4,68.6
2026-07-21 08:44:02,24.5,68.6
2026-07-21 08:44:22,24.4,68.7
2026-07-21 08:44:42,24.5,68.7
2026-07-21 08:45:02,24.5,68.5
2026-07-21 08:45:22,24.5,68.5
2026-07-21 08:45:42,24.5,68.3
2026-07-21 08:46:02,24.5,68.2
2026-07-21 08:46:22,24.5,68.1
2026-07-21 08:46:42,24.5,68.2
2026-07-21 08:47:02,24.5,68.2
2026-07-21 08:47:22,24.5,68.2
2026-07-21 08:47:42,24.5,68.1
2026-07-21 08:48:02,24.5,68.1
2026-07-21 08:48:22,24.5,68.0
2026-07-21 08:48:42,24.5,67.8
2026-07-21 08:49:02,24.6,
2026-07-21 08:49:03,,67.7
2026-07-21 08:49:22,24.5,67.7
2026-07-21 08:49:42,24.6,67.7
2026-07-21 08:50:02,24.6,67.8
2026-07-21 08:50:22,24.6,67.8
2026-07-21 08:50:42,24.6,67.9
2026-07-21 08:51:03,24.7,67.8
2026-07-21 08:51:22,24.7,
2026-07-21 08:51:23,,67.6
2026-07-21 08:51:43,24.8,67.4
2026-07-21 08:52:03,24.8,66.9
2026-07-21 08:52:23,24.8,66.6
2026-07-21 08:52:43,24.8,66.4
2026-07-21 08:53:03,24.8,66.0
2026-07-21 08:53:23,24.8,65.8
2026-07-21 08:53:43,24.8,65.8
2026-07-21 08:54:03,24.8,65.5
2026-07-21 08:54:23,24.8,65.5
2026-07-21 08:54:43,24.8,65.5
2026-07-21 08:55:03,24.8,65.4
2026-07-21 08:55:23,24.8,65.5
2026-07-21 08:55:43,24.7,65.4
2026-07-21 08:56:03,24.7,65.4
2026-07-21 08:56:23,24.7,65.5
2026-07-21 08:56:43,24.7,65.3
2026-07-21 08:57:03,24.7,65.4
2026-07-21 08:57:23,24.7,65.4
2026-07-21 08:57:43,24.7,65.4
2026-07-21 08:58:03,24.7,65.5
2026-07-21 08:58:23,24.7,65.3
2026-07-21 08:58:43,24.7,65.4
2026-07-21 08:59:03,24.7,65.5
2026-07-21 08:59:23,24.7,65.5
2026-07-21 08:59:43,24.7,65.6
2026-07-21 09:00:03,24.7,65.6
2026-07-21 09:00:23,24.7,65.7
2026-07-21 09:00:43,24.7,65.7
2026-07-21 09:01:03,24.7,65.7
2026-07-21 09:01:23,24.7,65.8
2026-07-21 09:01:43,24.7,65.9
2026-07-21 09:02:03,24.7,66.0
2026-07-21 09:02:23,24.7,66.1
2026-07-21 09:02:59,24.7,66.1
2026-07-21 09:03:03,24.7,66.1
2026-07-21 09:03:23,24.7,66.1
2026-07-21 09:03:43,24.7,66.1
2026-07-21 09:04:03,24.7,66.3
2026-07-21 09:04:23,24.8,66.2
2026-07-21 09:04:43,24.8,66.2
2026-07-21 09:05:03,24.8,66.0
2026-07-21 09:05:23,24.8,65.9
2026-07-21 09:05:43,24.8,65.8
2026-07-21 09:06:03,24.8,65.7
2026-07-21 09:06:23,24.9,65.5
2026-07-21 09:06:43,24.9,65.5
2026-07-21 09:07:03,24.9,65.4
2026-07-21 09:07:23,24.8,65.4
2026-07-21 09:07:44,24.8,65.4
2026-07-21 09:08:03,24.8,65.5
2026-07-21 09:08:24,24.8,65.6
2026-07-21 09:08:44,24.8,65.6
2026-07-21 09:09:04,24.8,65.5
2026-07-21 09:09:24,24.8,65.3
2026-07-21 09:09:44,24.7,65.2
2026-07-21 09:10:04,24.8,65.2
2026-07-21 09:10:24,24.8,65.3
2026-07-21 09:10:44,24.8,65.3
2026-07-21 09:11:04,24.8,65.3
2026-07-21 09:11:24,24.8,65.2
2026-07-21 09:11:44,24.8,65.2
2026-07-21 09:12:04,24.8,65.1
2026-07-21 09:12:24,24.8,65.1
2026-07-21 09:12:44,24.8,65.1
2026-07-21 09:13:04,24.8,65.2
2026-07-21 09:13:24,24.8,65.3
2026-07-21 09:13:44,24.8,65.2
2026-07-21 09:14:04,24.8,65.3
2026-07-21 09:14:24,24.8,65.3
2026-07-21 09:14:44,24.8,65.3
2026-07-21 09:15:04,24.8,65.2
2026-07-21 09:15:24,24.8,65.2
2026-07-21 09:15:44,24.9,65.2
2026-07-21 09:16:04,24.8,65.2
2026-07-21 09:16:24,24.9,65.3
2026-07-21 09:16:44,24.9,65.6
2026-07-21 09:17:04,25.0,
2026-07-21 09:17:05,,65.6
2026-07-21 09:17:24,25.0,65.5
2026-07-21 09:17:44,25.1,65.3
2026-07-21 09:18:04,25.1,65.2
2026-07-21 09:18:24,25.1,65.1
2026-07-21 09:18:44,25.1,65.0
2026-07-21 09:19:04,25.1,65.0
2026-07-21 09:19:24,25.1,65.0
2026-07-21 09:19:44,25.1,64.9
2026-07-21 09:20:04,25.1,65.0
2026-07-21 09:20:24,25.2,64.9
2026-07-21 09:20:44,25.2,64.9
2026-07-21 09:21:04,25.2,64.9
2026-07-21 09:21:24,25.2,64.9
2026-07-21 09:22:00,25.2,64.9
2026-07-21 09:22:04,25.2,64.8
2026-07-21 09:22:24,25.2,64.8
2026-07-21 09:22:44,25.2,65.1
2026-07-21 09:23:04,25.3,65.1
2026-07-21 09:23:24,25.3,64.9
2026-07-21 09:23:44,25.3,64.8
2026-07-21 09:24:04,25.4,64.9
2026-07-21 09:24:24,25.5,64.8
2026-07-21 09:24:44,25.5,64.6
2026-07-21 09:25:04,25.6,64.5
2026-07-21 09:25:24,25.6,64.4
2026-07-21 09:25:44,25.6,64.3
2026-07-21 09:26:05,25.6,64.3
2026-07-21 09:26:25,25.6,64.2
2026-07-21 09:26:48,25.7,64.1
2026-07-21 09:27:05,25.7,64.1
2026-07-21 09:27:25,25.7,64.0
2026-07-21 09:27:45,25.7,63.9
2026-07-21 09:28:05,25.7,63.9
2026-07-21 09:28:25,25.7,63.9
2026-07-21 09:28:45,25.7,63.8
2026-07-21 09:29:05,25.7,63.8
2026-07-21 09:29:25,25.7,64.0
2026-07-21 09:29:45,25.7,64.0
2026-07-21 09:30:05,25.6,64.0
2026-07-21 09:30:25,25.6,64.1
2026-07-21 09:30:45,25.6,64.3
2026-07-21 09:31:05,25.5,64.4
2026-07-21 09:31:25,25.5,64.3
2026-07-21 09:31:45,25.5,64.3
2026-07-21 09:32:05,25.5,64.5
2026-07-21 09:32:25,25.5,64.6
2026-07-21 09:32:45,25.5,64.9
2026-07-21 09:33:05,25.4,64.8
2026-07-21 09:33:25,25.4,64.8
2026-07-21 09:33:45,25.4,65.1
2026-07-21 09:34:05,25.4,65.1
2026-07-21 09:34:25,25.3,65.1
2026-07-21 09:34:45,25.3,65.1
2026-07-21 09:35:05,25.3,64.9
2026-07-21 09:35:25,25.3,64.9
2026-07-21 09:35:45,25.3,65.0
2026-07-21 09:36:05,25.3,65.0
2026-07-21 09:36:25,25.3,65.1
2026-07-21 09:36:45,25.4,65.0
2026-07-21 09:37:05,25.4,64.9
2026-07-21 09:37:25,25.4,64.9
2026-07-21 09:37:45,25.4,65.0
2026-07-21 09:38:05,25.4,64.9
2026-07-21 09:38:25,25.4,65.0
2026-07-21 09:38:45,25.4,65.0
2026-07-21 09:39:05,25.4,64.8
2026-07-21 09:39:25,25.4,64.8
2026-07-21 09:39:45,25.4,64.9
2026-07-21 09:40:05,25.4,64.9
2026-07-21 09:40:25,25.4,65.0
2026-07-21 09:40:45,25.5,64.9
2026-07-21 09:41:05,25.5,65.0
2026-07-21 09:41:25,25.5,65.0
2026-07-21 09:41:45,25.5,65.0
2026-07-21 09:42:05,25.5,65.0
2026-07-21 09:42:25,25.5,65.0
2026-07-21 09:42:45,25.6,64.9
2026-07-21 09:43:05,25.6,64.8
2026-07-21 09:43:25,25.6,64.6
2026-07-21 09:43:46,25.6,64.5
2026-07-21 09:44:06,25.7,64.3
2026-07-21 09:44:26,25.6,64.3
2026-07-21 09:44:46,25.6,64.2
2026-07-21 09:45:06,25.6,64.1
2026-07-21 09:45:26,25.6,64.0
2026-07-21 09:45:46,25.6,64.0
2026-07-21 09:46:06,25.6,64.0
2026-07-21 09:46:26,25.5,63.9
2026-07-21 09:46:46,25.5,64.0
2026-07-21 09:47:06,25.5,63.9
2026-07-21 09:47:26,25.5,63.9
2026-07-21 09:47:46,25.5,64.0
2026-07-21 09:48:06,25.5,64.0
2026-07-21 09:48:26,25.5,64.0
2026-07-21 09:48:46,25.5,64.0
2026-07-21 09:49:06,25.5,64.0
2026-07-21 09:49:26,25.5,63.9
2026-07-21 09:49:46,25.5,63.9
2026-07-21 09:50:06,25.5,64.0
2026-07-21 09:50:26,25.5,63.9
2026-07-21 09:50:46,25.5,63.9
2026-07-21 09:51:06,25.5,64.1
2026-07-21 09:51:26,25.6,64.3
2026-07-21 09:51:46,25.6,64.4
2026-07-21 09:52:06,25.6,64.3
2026-07-21 09:52:26,25.7,64.2
2026-07-21 09:52:46,25.7,64.2
2026-07-21 09:53:06,25.7,64.2
2026-07-21 09:53:26,25.6,64.3
2026-07-21 09:53:46,25.7,64.4
2026-07-21 09:54:06,25.7,64.6
2026-07-21 09:54:26,25.7,64.6
2026-07-21 09:54:46,25.7,64.6
2026-07-21 09:55:06,25.7,64.6
2026-07-21 09:55:26,25.7,64.6
2026-07-21 09:55:46,25.8,64.6
2026-07-21 09:56:06,25.7,64.5
2026-07-21 09:56:26,25.7,64.6
2026-07-21 09:56:46,25.7,64.8
2026-07-21 09:57:06,25.6,64.8
2026-07-21 09:57:26,25.6,65.0
2026-07-21 09:57:46,25.5,65.1
2026-07-21 09:58:06,25.5,65.2
2026-07-21 09:58:26,25.6,65.3
2026-07-21 09:58:46,25.5,65.4
2026-07-21 09:59:06,25.5,65.3
2026-07-21 09:59:26,25.5,65.3
2026-07-21 09:59:46,25.5,65.1
2026-07-21 10:00:06,25.5,65.0
2026-07-21 10:00:26,25.5,64.9
2026-07-21 10:00:47,25.5,64.8
2026-07-21 10:01:07,25.5,64.8
2026-07-21 10:01:27,25.5,64.8
2026-07-21 10:01:47,25.5,64.8
2026-07-21 10:02:07,25.6,64.8
2026-07-21 10:02:27,25.6,64.6
2026-07-21 10:02:47,25.6,64.5
2026-07-21 10:03:07,25.7,64.4
2026-07-21 10:03:27,25.7,64.0
2026-07-21 10:03:47,25.8,63.6
2026-07-21 10:04:07,25.8,63.1
2026-07-21 10:04:27,25.8,62.9
2026-07-21 10:04:47,25.8,62.7
2026-07-21 10:05:07,25.7,62.8
2026-07-21 10:05:27,25.7,62.8
2026-07-21 10:05:47,25.7,62.9
2026-07-21 10:06:07,25.7,63.0
2026-07-21 10:06:27,25.7,63.2
2026-07-21 10:06:47,25.7,63.3
2026-07-21 10:07:07,25.8,62.9
2026-07-21 10:07:27,25.8,62.6
2026-07-21 10:07:47,25.9,62.2
2026-07-21 10:08:07,25.9,61.8
2026-07-21 10:08:27,25.9,61.6
2026-07-21 10:08:47,25.8,61.6
2026-07-21 10:09:07,25.8,61.7
2026-07-21 10:09:27,25.8,61.8
2026-07-21 10:09:47,25.8,61.9
2026-07-21 10:10:07,25.8,62.0
2026-07-21 10:10:27,25.9,62.0
2026-07-21 10:10:47,25.9,62.0
2026-07-21 10:11:08,25.9,62.1
2026-07-21 10:11:27,26.0,62.1
2026-07-21 10:11:47,26.0,62.1
2026-07-21 10:12:07,26.0,62.0
2026-07-21 10:12:27,26.0,62.0
2026-07-21 10:12:47,26.0,62.2
2026-07-21 10:13:07,26.0,62.3
2026-07-21 10:13:27,26.0,62.3
2026-07-21 10:13:47,25.9,62.5
2026-07-21 10:14:07,25.9,62.8
2026-07-21 10:14:27,25.8,62.8
2026-07-21 10:14:47,25.8,63.0
2026-07-21 10:15:07,25.8,63.3
2026-07-21 10:15:27,25.8,63.5
2026-07-21 10:15:47,25.8,63.6
2026-07-21 10:16:07,25.7,63.7
2026-07-21 10:16:27,25.7,63.7
2026-07-21 10:16:47,25.7,63.9
2026-07-21 10:17:07,25.8,63.7
2026-07-21 10:17:28,25.8,63.5
2026-07-21 10:17:47,25.8,63.3
2026-07-21 10:18:07,25.8,63.2
2026-07-21 10:18:28,25.8,63.3
2026-07-21 10:18:48,25.8,63.2
2026-07-21 10:19:08,25.7,63.4
2026-07-21 10:19:28,25.7,63.4
2026-07-21 10:19:48,25.6,63.4
2026-07-21 10:20:08,25.6,63.3
2026-07-21 10:20:28,25.6,63.3
2026-07-21 10:20:48,25.6,63.4
2026-07-21 10:21:08,25.6,63.5
2026-07-21 10:21:28,25.6,63.6
2026-07-21 10:21:48,25.6,63.8
2026-07-21 10:22:08,25.7,64.0
2026-07-21 10:22:28,25.7,63.8
2026-07-21 10:22:48,25.8,63.7
2026-07-21 10:23:08,25.8,63.6
2026-07-21 10:23:28,25.7,63.4
2026-07-21 10:23:48,25.7,63.2
2026-07-21 10:24:08,25.8,62.9
2026-07-21 10:24:28,25.8,62.5
2026-07-21 10:24:48,25.8,62.3
2026-07-21 10:25:08,25.8,62.2
2026-07-21 10:25:28,25.7,62.1
2026-07-21 10:25:48,25.7,62.0
2026-07-21 10:26:08,25.7,62.1
2026-07-21 10:26:28,25.7,62.1
2026-07-21 10:26:48,25.7,62.2
2026-07-21 10:27:08,25.7,62.3
2026-07-21 10:27:28,25.7,62.5
2026-07-21 10:27:48,25.7,62.7
2026-07-21 10:28:08,25.7,62.7
2026-07-21 10:28:28,25.7,62.7
2026-07-21 10:28:48,25.7,62.8
2026-07-21 10:29:08,25.7,62.7
2026-07-21 10:29:28,25.7,62.6
2026-07-21 10:29:48,25.8,62.6
2026-07-21 10:30:08,25.8,62.8
2026-07-21 10:30:28,25.8,62.8
2026-07-21 10:30:48,25.8,62.9
2026-07-21 10:31:08,25.8,62.9
2026-07-21 10:31:28,25.8,62.9
2026-07-21 10:31:48,25.9,62.7
2026-07-21 10:32:08,25.9,62.8
2026-07-21 10:32:28,25.9,62.9
2026-07-21 10:32:48,25.9,63.0
2026-07-21 10:33:08,25.8,63.2
2026-07-21 10:33:28,25.8,63.3
2026-07-21 10:33:48,25.8,63.3
2026-07-21 10:34:08,25.7,63.5
2026-07-21 10:34:28,25.7,63.4
2026-07-21 10:34:49,25.7,63.4
2026-07-21 10:35:08,25.7,63.6
2026-07-21 10:35:29,25.7,63.7
2026-07-21 10:35:49,25.7,63.8
2026-07-21 10:36:09,25.7,63.9
2026-07-21 10:36:29,25.7,64.0
2026-07-21 10:36:49,25.7,64.1
2026-07-21 10:37:09,25.8,64.0
2026-07-21 10:37:29,25.8,63.8
2026-07-21 10:37:49,25.9,63.8
2026-07-21 10:38:09,25.9,63.7
2026-07-21 10:38:29,26.0,63.5
2026-07-21 10:38:49,26.0,63.5
2026-07-21 10:39:09,26.0,63.3
2026-07-21 10:39:29,26.1,63.3
2026-07-21 10:39:49,26.1,63.3
2026-07-21 10:40:09,26.2,63.2
2026-07-21 10:40:29,26.2,63.1
2026-07-21 10:40:49,26.2,63.1
2026-07-21 10:41:09,26.2,63.1
2026-07-21 10:41:29,26.2,63.1
2026-07-21 10:41:49,26.2,63.1
2026-07-21 10:42:09,26.1,63.1
2026-07-21 10:42:29,26.2,63.2
2026-07-21 10:42:49,26.2,63.2
2026-07-21 10:43:09,26.1,63.3
2026-07-21 10:43:29,26.1,63.4
2026-07-21 10:43:49,26.1,63.4
2026-07-21 10:44:09,26.2,63.4
2026-07-21 10:44:29,26.2,63.4
2026-07-21 10:44:49,26.2,63.5
2026-07-21 10:45:09,26.2,63.4
2026-07-21 10:45:29,26.1,63.5
2026-07-21 10:45:49,26.1,63.5
2026-07-21 10:46:09,26.1,63.4
2026-07-21 10:46:29,26.1,63.6
2026-07-21 10:46:49,26.1,63.8
2026-07-21 10:47:09,26.1,63.7
2026-07-21 10:47:29,26.1,63.8
2026-07-21 10:47:49,26.1,63.8
2026-07-21 10:48:09,26.1,64.0
2026-07-21 10:48:29,26.1,
2026-07-21 10:48:31,,64.1
2026-07-21 10:49:27,26.1,64.1
2026-07-21 10:49:32,26.2,64.05
2026-07-21 10:49:49,26.2,64.0
2026-07-21 10:50:09,26.2,64.0
2026-07-21 10:50:29,26.2,64.0
2026-07-21 10:50:49,26.2,64.0
2026-07-21 10:51:09,26.2,64.2
2026-07-21 10:51:29,26.2,64.2
2026-07-21 10:51:49,26.2,64.1
2026-07-21 10:52:10,26.2,64.1
2026-07-21 10:52:29,26.2,64.1
2026-07-21 10:52:50,26.2,64.1
2026-07-21 10:53:10,26.2,64.2
2026-07-21 10:53:30,26.2,64.1
2026-07-21 10:53:50,26.2,64.2
2026-07-21 10:54:10,26.2,64.1
2026-07-21 10:54:30,26.1,64.2
2026-07-21 10:54:50,26.2,64.2
2026-07-21 10:55:10,26.2,64.3
2026-07-21 10:55:30,26.2,64.3
2026-07-21 10:55:50,26.2,64.5
2026-07-21 10:56:10,26.2,64.4
2026-07-21 10:56:30,26.2,64.3
2026-07-21 10:56:50,26.3,64.3
2026-07-21 10:57:10,26.3,64.3
2026-07-21 10:57:30,26.3,64.2
2026-07-21 10:57:50,26.3,64.0
2026-07-21 10:58:10,26.3,64.0
2026-07-21 10:58:30,26.3,63.9
2026-07-21 10:58:50,26.3,63.9
2026-07-21 10:59:10,26.3,63.8
2026-07-21 10:59:30,26.3,63.8
2026-07-21 10:59:50,26.3,63.7
2026-07-21 11:00:10,26.3,64.0
2026-07-21 11:00:30,26.4,64.1
2026-07-21 11:00:50,26.5,64.0
2026-07-21 11:01:10,26.6,63.8
2026-07-21 11:01:30,26.6,63.6
2026-07-21 11:01:50,26.6,63.5
2026-07-21 11:02:10,26.6,63.4
2026-07-21 11:02:30,26.7,63.3
2026-07-21 11:02:50,26.7,63.2
2026-07-21 11:03:10,26.7,63.2
2026-07-21 11:03:30,26.7,63.1
2026-07-21 11:03:50,26.7,63.1
2026-07-21 11:04:10,26.7,63.1
2026-07-21 11:04:34,26.7,63.2
2026-07-21 11:04:50,26.7,63.1
2026-07-21 11:05:11,26.7,63.1
2026-07-21 11:05:30,26.7,63.1
2026-07-21 11:05:50,26.7,63.2
2026-07-21 11:06:10,26.7,63.2
2026-07-21 11:06:30,26.7,63.2
2026-07-21 11:06:50,26.7,63.2
2026-07-21 11:07:10,26.7,63.3
2026-07-21 11:07:30,26.7,63.4
2026-07-21 11:07:50,26.7,63.5
2026-07-21 11:08:10,26.6,63.5
2026-07-21 11:08:30,26.6,63.5
2026-07-21 11:08:50,26.6,63.6
2026-07-21 11:09:10,26.6,63.6
2026-07-21 11:09:30,26.6,63.7
2026-07-21 11:09:51,26.6,63.7
2026-07-21 11:10:10,26.6,63.9
2026-07-21 11:10:31,26.6,63.8
2026-07-21 11:10:51,26.7,63.8
2026-07-21 11:11:11,26.7,63.5
2026-07-21 11:11:31,26.8,63.5
2026-07-21 11:11:51,26.7,63.5
2026-07-21 11:12:11,26.7,63.4
2026-07-21 11:12:31,26.7,63.5
2026-07-21 11:12:51,26.7,63.5
2026-07-21 11:13:11,26.7,63.6
2026-07-21 11:13:31,26.7,63.6
2026-07-21 11:13:51,26.6,63.5
2026-07-21 11:14:11,26.6,63.6
2026-07-21 11:14:31,26.6,63.7
2026-07-21 11:14:51,26.6,63.7
2026-07-21 11:15:11,26.6,63.7
2026-07-21 11:15:31,26.6,63.7
2026-07-21 11:15:51,26.6,63.8
2026-07-21 11:16:11,26.6,63.8
2026-07-21 11:16:31,26.6,63.8
2026-07-21 11:16:51,26.6,63.7
2026-07-21 11:17:11,26.6,63.7
2026-07-21 11:17:31,26.6,63.8
2026-07-21 11:17:51,26.6,64.0
2026-07-21 11:18:11,26.7,64.1
2026-07-21 11:18:31,26.7,64.1
2026-07-21 11:18:51,26.7,64.0
2026-07-21 11:19:11,26.7,64.0
2026-07-21 11:19:31,26.7,63.9
2026-07-21 11:19:51,26.7,63.9
2026-07-21 11:20:11,26.7,63.8
2026-07-21 11:20:31,26.7,63.8
2026-07-21 11:20:51,26.7,63.8
2026-07-21 11:21:11,26.7,63.8
2026-07-21 11:21:31,26.8,63.8
2026-07-21 11:21:51,26.7,63.7
2026-07-21 11:22:11,26.8,63.8
2026-07-21 11:22:31,26.8,63.8
2026-07-21 11:22:51,26.7,63.8
2026-07-21 11:23:11,26.7,63.9
2026-07-21 11:23:31,26.7,63.9
2026-07-21 11:23:51,26.7,63.9
2026-07-21 11:24:11,26.7,63.9
2026-07-21 11:24:31,26.7,63.9
2026-07-21 11:24:51,26.7,63.8
2026-07-21 11:25:11,26.7,63.8
2026-07-21 11:25:31,26.7,63.7
2026-07-21 11:25:51,26.7,63.7
2026-07-21 11:26:11,26.7,63.6
2026-07-21 11:26:31,26.7,63.6
2026-07-21 11:26:51,26.7,63.8
2026-07-21 11:27:12,26.7,63.7
2026-07-21 11:27:31,26.7,63.7
2026-07-21 11:27:52,26.7,63.6
2026-07-21 11:28:12,26.7,63.7
2026-07-21 11:28:32,26.7,63.6
2026-07-21 11:28:52,26.7,63.6
2026-07-21 11:29:12,26.7,63.6
2026-07-21 11:29:32,26.7,63.7
2026-07-21 11:29:52,26.7,63.7
2026-07-21 11:30:12,26.7,63.8
2026-07-21 11:30:32,26.7,63.9
2026-07-21 11:30:52,26.7,63.9
2026-07-21 11:31:12,26.7,63.9
2026-07-21 11:31:32,26.7,64.0
2026-07-21 11:31:52,26.7,64.0
2026-07-21 11:32:12,26.7,64.1
2026-07-21 11:32:32,26.6,64.2
2026-07-21 11:32:52,26.6,64.4
2026-07-21 11:33:12,26.6,64.4
2026-07-21 11:33:32,26.6,64.5
2026-07-21 11:33:52,26.6,64.6
2026-07-21 11:34:12,26.6,64.7
2026-07-21 11:34:32,26.6,64.8
2026-07-21 11:34:52,26.7,64.8
2026-07-21 11:35:12,26.7,64.8
2026-07-21 11:35:32,26.7,64.8
2026-07-21 11:35:52,26.7,64.8
2026-07-21 11:36:12,26.7,64.8
2026-07-21 11:36:32,26.7,64.7
2026-07-21 11:36:52,26.7,64.8
2026-07-21 11:37:12,26.7,64.8
2026-07-21 11:37:32,26.8,64.7
2026-07-21 11:37:52,26.8,64.7
2026-07-21 11:38:12,26.7,64.7
2026-07-21 11:38:32,26.7,64.8
2026-07-21 11:38:52,26.7,64.7
2026-07-21 11:39:12,26.7,64.9
2026-07-21 11:39:32,26.7,64.9
2026-07-21 11:39:52,26.7,65.0
2026-07-21 11:40:12,26.7,65.1
2026-07-21 11:40:32,26.6,65.2
2026-07-21 11:40:52,26.6,65.3
2026-07-21 11:41:12,26.6,65.4
2026-07-21 11:41:32,26.7,65.4
2026-07-21 11:41:52,26.7,65.4
2026-07-21 11:42:12,26.7,65.4
2026-07-21 11:42:32,26.8,65.3
2026-07-21 11:42:52,26.8,65.2
2026-07-21 11:43:12,26.8,65.1
2026-07-21 11:43:33,26.8,65.0
2026-07-21 11:43:52,26.8,65.0
2026-07-21 11:44:13,26.8,64.9
2026-07-21 11:44:33,26.8,65.0
2026-07-21 11:44:53,26.8,64.9
2026-07-21 11:45:13,26.8,65.0
2026-07-21 11:45:33,26.8,65.0
2026-07-21 11:45:53,26.8,65.0
2026-07-21 11:46:13,26.8,65.1
2026-07-21 11:46:33,26.7,64.9
2026-07-21 11:46:53,26.7,64.8
2026-07-21 11:47:13,26.8,64.8
2026-07-21 11:47:33,26.7,64.7
2026-07-21 11:47:53,26.7,64.5
2026-07-21 11:48:13,26.7,64.5
2026-07-21 11:48:33,26.7,64.5
2026-07-21 11:48:53,26.7,64.5
2026-07-21 11:49:13,26.7,64.5
2026-07-21 11:49:33,26.7,64.7
2026-07-21 11:49:53,26.7,64.8
2026-07-21 11:50:13,26.7,64.8
2026-07-21 11:50:33,26.6,65.0
2026-07-21 11:50:53,26.6,65.2
2026-07-21 11:51:13,26.6,65.1
2026-07-21 11:51:33,26.6,65.1
2026-07-21 11:51:53,26.5,65.1
2026-07-21 11:52:13,26.5,64.9
2026-07-21 11:52:33,26.5,65.0
2026-07-21 11:52:53,26.5,65.0
2026-07-21 11:53:13,26.5,65.0
2026-07-21 11:53:33,26.6,65.1
2026-07-21 11:53:53,26.5,64.9
2026-07-21 11:54:13,26.6,64.9
2026-07-21 11:54:33,26.6,64.9
2026-07-21 11:54:53,26.6,64.9
2026-07-21 11:55:13,26.6,64.8
2026-07-21 11:55:33,26.7,64.8
2026-07-21 11:55:53,26.7,64.7
2026-07-21 11:56:13,26.7,64.6
2026-07-21 11:56:33,26.8,64.6
2026-07-21 11:56:53,26.8,64.5
2026-07-21 11:57:13,26.8,64.5
2026-07-21 11:57:33,26.8,64.5
2026-07-21 11:57:53,26.9,64.5
2026-07-21 11:58:13,26.9,64.5
2026-07-21 11:58:33,26.9,64.5
2026-07-21 11:58:53,27.0,64.4
2026-07-21 11:59:13,27.0,64.3
2026-07-21 11:59:33,27.0,64.3
2026-07-21 11:59:53,27.0,64.3
2026-07-21 12:00:13,27.0,64.2
2026-07-21 12:00:33,27.0,64.2
2026-07-21 12:00:54,27.0,64.2
2026-07-21 12:01:13,27.0,64.1
2026-07-21 12:01:34,27.0,64.1
2026-07-21 12:01:54,27.0,64.1
2026-07-21 12:02:14,27.0,64.0
2026-07-21 12:02:34,27.0,64.2
2026-07-21 12:02:54,27.1,64.1
2026-07-21 12:03:14,27.1,64.1
2026-07-21 12:03:34,27.1,64.0
2026-07-21 12:03:54,27.1,64.0
2026-07-21 12:04:14,27.1,64.0
2026-07-21 12:04:34,27.1,64.0
2026-07-21 12:04:54,27.1,63.9
2026-07-21 12:05:14,27.1,64.0
2026-07-21 12:05:34,27.1,64.0
2026-07-21 12:05:54,27.1,64.0
2026-07-21 12:06:14,27.1,64.0
2026-07-21 12:06:34,27.1,64.0
2026-07-21 12:06:54,27.1,64.0
2026-07-21 12:07:14,27.1,64.0
2026-07-21 12:07:34,27.1,63.9
2026-07-21 12:07:54,27.1,63.8
2026-07-21 12:08:14,27.1,63.8
2026-07-21 12:08:34,27.1,63.7
2026-07-21 12:08:54,27.1,63.7
2026-07-21 12:09:14,27.1,63.8
2026-07-21 12:09:34,27.1,64.0
2026-07-21 12:09:54,27.1,64.0
2026-07-21 12:10:14,27.1,63.9
2026-07-21 12:10:34,27.1,64.0
2026-07-21 12:10:54,27.1,63.9
2026-07-21 12:11:14,27.1,63.9
2026-07-21 12:11:34,27.2,63.9
2026-07-21 12:11:54,27.2,64.0
2026-07-21 12:12:14,27.2,64.0
2026-07-21 12:12:34,27.2,64.0
2026-07-21 12:12:54,27.2,64.1
2026-07-21 12:13:14,27.1,64.2
2026-07-21 12:13:34,27.1,64.1
2026-07-21 12:13:54,27.1,64.2
2026-07-21 12:14:14,27.1,64.1
2026-07-21 12:14:34,27.1,64.2
2026-07-21 12:14:54,27.1,64.3
2026-07-21 12:15:14,27.1,64.3
2026-07-21 12:15:34,27.0,64.2
2026-07-21 12:15:54,27.0,64.2
2026-07-21 12:16:14,27.0,64.2
2026-07-21 12:16:34,27.0,64.3
2026-07-21 12:16:54,27.0,64.4
2026-07-21 12:17:14,27.0,64.6
2026-07-21 12:17:34,26.9,64.6
2026-07-21 12:17:54,26.9,64.6
2026-07-21 12:18:15,26.9,64.5
2026-07-21 12:18:35,26.9,64.5
2026-07-21 12:18:55,26.9,64.6
2026-07-21 12:19:15,26.9,64.7
2026-07-21 12:19:35,26.9,64.8
2026-07-21 12:19:55,26.9,64.9
2026-07-21 12:20:15,26.8,65.0
2026-07-21 12:20:35,26.8,65.0
2026-07-21 12:20:55,26.8,65.2
2026-07-21 12:21:15,26.8,65.3
2026-07-21 12:21:35,26.8,65.4
2026-07-21 12:21:55,26.7,65.2
2026-07-21 12:22:15,26.8,65.3
2026-07-21 12:22:35,26.8,65.0
2026-07-21 12:22:55,26.8,64.9
2026-07-21 12:23:15,26.8,64.8
2026-07-21 12:23:35,26.8,64.7
2026-07-21 12:23:55,26.8,64.5
2026-07-21 12:24:15,26.9,64.5
2026-07-21 12:24:35,26.9,64.5
2026-07-21 12:24:55,26.9,64.4
2026-07-21 12:25:15,26.9,64.4
2026-07-21 12:25:35,26.9,64.5
2026-07-21 12:25:55,26.9,64.4
2026-07-21 12:26:15,26.9,64.3
2026-07-21 12:26:35,26.9,64.2
2026-07-21 12:26:55,26.9,64.3
2026-07-21 12:27:15,26.9,64.2
2026-07-21 12:27:35,26.9,64.2
2026-07-21 12:27:55,27.0,64.2
2026-07-21 12:28:15,26.9,64.0
2026-07-21 12:28:35,27.0,64.0
2026-07-21 12:28:55,27.0,64.0
2026-07-21 12:29:15,27.0,64.1
2026-07-21 12:29:35,27.0,64.0
2026-07-21 12:29:55,27.0,64.0
2026-07-21 12:30:15,27.0,64.0
2026-07-21 12:30:35,27.0,64.0
2026-07-21 12:30:55,27.0,64.0
2026-07-21 12:31:15,27.0,63.8
2026-07-21 12:31:35,27.0,63.8
2026-07-21 12:31:55,27.0,63.9
2026-07-21 12:32:15,27.0,63.9
2026-07-21 12:32:35,26.9,64.1
2026-07-21 12:32:55,26.9,64.1
2026-07-21 12:33:15,26.9,64.2
2026-07-21 12:33:35,26.9,64.2
2026-07-21 12:33:55,26.8,64.3
2026-07-21 12:34:15,26.8,64.3
2026-07-21 12:34:35,26.8,64.3
2026-07-21 12:34:56,26.8,64.2
2026-07-21 12:35:15,26.8,64.3
2026-07-21 12:35:36,26.8,64.4
2026-07-21 12:35:56,26.8,64.3
2026-07-21 12:36:16,26.8,64.4
2026-07-21 12:36:36,26.8,64.5
2026-07-21 12:36:56,26.8,64.6
2026-07-21 12:37:16,26.8,64.5
2026-07-21 12:37:36,26.9,64.6
2026-07-21 12:37:56,26.8,64.5
2026-07-21 12:38:16,26.8,64.5
2026-07-21 12:38:36,26.8,64.6
2026-07-21 12:38:56,26.8,64.8
2026-07-21 12:39:16,26.8,64.8
2026-07-21 12:39:36,26.8,64.8
2026-07-21 12:39:56,26.8,64.8
2026-07-21 12:40:16,26.8,65.0
2026-07-21 12:40:36,26.7,65.1
2026-07-21 12:40:56,26.7,65.2
2026-07-21 12:41:16,26.7,65.3
2026-07-21 12:41:36,26.7,65.2
2026-07-21 12:41:56,26.7,65.2
2026-07-21 12:42:16,26.7,65.2
2026-07-21 12:42:36,26.7,65.2
2026-07-21 12:42:56,26.6,65.1
2026-07-21 12:43:16,26.7,65.2
2026-07-21 12:43:36,26.7,65.1
2026-07-21 12:43:56,26.7,65.1
2026-07-21 12:44:16,26.7,65.0
2026-07-21 12:44:36,26.7,64.9
2026-07-21 12:44:56,26.7,64.8
2026-07-21 12:45:16,26.8,64.6
2026-07-21 12:45:36,26.8,64.5
2026-07-21 12:45:56,26.8,64.5
2026-07-21 12:46:16,26.8,64.5
2026-07-21 12:46:36,26.9,64.6
2026-07-21 12:46:56,26.9,64.5
2026-07-21 12:47:16,26.9,64.4
2026-07-21 12:47:36,26.9,64.6
2026-07-21 12:47:56,26.9,64.6
2026-07-21 12:48:16,26.9,64.5
2026-07-21 12:48:36,26.9,64.7
2026-07-21 12:48:56,26.9,64.7
2026-07-21 12:49:16,26.9,64.5
2026-07-21 12:49:36,26.9,64.5
2026-07-21 12:49:56,26.9,64.5
2026-07-21 12:50:16,26.9,64.5
2026-07-21 12:50:36,26.9,64.4
2026-07-21 12:50:56,26.9,64.5
2026-07-21 12:51:16,26.9,64.7
2026-07-21 12:51:36,26.9,64.7
2026-07-21 12:51:56,26.9,64.6
2026-07-21 12:52:16,26.9,64.6
2026-07-21 12:52:36,27.0,64.5
2026-07-21 12:52:56,27.0,64.6
2026-07-21 12:53:16,27.0,
2026-07-21 12:53:17,,64.5
2026-07-21 12:53:36,27.1,64.5
2026-07-21 12:53:57,27.1,64.5
2026-07-21 12:54:17,27.1,64.5
2026-07-21 12:54:37,27.1,64.5
2026-07-21 12:54:57,27.1,64.6
2026-07-21 12:55:17,27.1,64.7
2026-07-21 12:55:37,27.1,64.5
2026-07-21 12:55:57,27.1,64.5
2026-07-21 12:56:17,27.1,64.5
2026-07-21 12:56:37,27.1,64.4
2026-07-21 12:56:57,27.1,64.3
2026-07-21 12:57:17,27.2,64.3
2026-07-21 12:57:37,27.2,64.3
2026-07-21 12:57:57,27.2,64.4
2026-07-21 12:58:17,27.2,64.4
2026-07-21 12:58:37,27.2,64.4
2026-07-21 12:58:57,27.2,64.3
2026-07-21 12:59:17,27.2,64.2
2026-07-21 12:59:37,27.2,64.2
2026-07-21 12:59:57,27.2,64.2
2026-07-21 13:00:17,27.2,64.4
2026-07-21 13:00:37,27.2,64.4
2026-07-21 13:00:57,27.1,64.4
2026-07-21 13:01:17,27.1,64.3
2026-07-21 13:01:37,27.1,64.4
2026-07-21 13:01:57,27.1,64.3
2026-07-21 13:02:17,27.2,64.3
2026-07-21 13:02:37,27.2,64.2
2026-07-21 13:02:57,27.2,64.2
2026-07-21 13:03:17,27.2,64.2
2026-07-21 13:03:37,27.2,64.1
2026-07-21 13:03:57,27.2,64.1
2026-07-21 13:04:17,27.2,64.1
2026-07-21 13:04:37,27.2,64.1
2026-07-21 13:04:57,27.2,63.9
2026-07-21 13:05:17,27.2,63.9
2026-07-21 13:05:37,27.2,63.8
2026-07-21 13:05:57,27.2,63.8
2026-07-21 13:06:17,27.2,63.8
2026-07-21 13:06:37,27.3,63.7
2026-07-21 13:06:57,27.3,63.7
2026-07-21 13:07:17,27.3,63.6
2026-07-21 13:07:37,27.3,63.7
2026-07-21 13:07:57,27.4,63.8
2026-07-21 13:08:17,27.3,63.7
2026-07-21 13:08:37,27.4,63.7
2026-07-21 13:08:57,27.4,63.5
2026-07-21 13:09:18,27.4,63.4
2026-07-21 13:09:37,27.4,63.4
2026-07-21 13:09:57,27.4,63.5
2026-07-21 13:10:18,27.3,63.4
2026-07-21 13:10:37,27.3,63.4
2026-07-21 13:10:58,27.3,63.4
2026-07-21 13:11:18,27.3,63.4
2026-07-21 13:11:38,27.3,63.5
2026-07-21 13:11:58,27.3,63.6
2026-07-21 13:12:18,27.2,63.6
2026-07-21 13:12:38,27.2,63.7
2026-07-21 13:12:58,27.2,63.7
2026-07-21 13:13:18,27.2,63.7
2026-07-21 13:13:38,27.1,63.8
2026-07-21 13:13:58,27.1,63.9
2026-07-21 13:14:18,27.1,64.0
2026-07-21 13:14:38,27.1,63.9
2026-07-21 13:14:58,27.0,63.8
2026-07-21 13:15:18,27.1,63.9
2026-07-21 13:15:38,27.1,64.1
2026-07-21 13:15:58,27.0,64.0
2026-07-21 13:16:18,27.0,63.9
2026-07-21 13:16:38,27.0,63.8
2026-07-21 13:16:58,27.1,63.7
2026-07-21 13:17:18,27.1,63.7
2026-07-21 13:17:38,27.1,63.7
2026-07-21 13:17:58,27.1,63.6
2026-07-21 13:18:18,27.1,63.6
2026-07-21 13:18:38,27.1,63.6
2026-07-21 13:18:59,27.1,63.7
2026-07-21 13:19:18,27.1,63.9
2026-07-21 13:19:38,27.1,64.0
2026-07-21 13:19:58,27.1,64.1
2026-07-21 13:20:18,27.1,63.9
2026-07-21 13:20:38,27.1,63.8
2026-07-21 13:20:58,27.1,63.7
2026-07-21 13:21:18,27.2,63.8
2026-07-21 13:21:38,27.2,63.9
2026-07-21 13:21:58,27.2,63.9
2026-07-21 13:22:18,27.2,63.9
2026-07-21 13:22:38,27.2,63.9
2026-07-21 13:22:58,27.2,63.9
2026-07-21 13:23:18,27.2,63.9
2026-07-21 13:23:38,27.1,63.9
2026-07-21 13:23:58,27.1,63.9
2026-07-21 13:24:18,27.2,63.8
2026-07-21 13:24:38,27.2,63.9
2026-07-21 13:24:58,27.2,63.9
2026-07-21 13:25:19,27.2,63.8
2026-07-21 13:25:38,27.2,
2026-07-21 13:25:39,,64.0
2026-07-21 13:25:58,27.2,63.9
2026-07-21 13:26:19,27.2,63.9
2026-07-21 13:26:39,27.2,63.8
2026-07-21 13:26:59,27.2,63.8
2026-07-21 13:27:19,27.2,63.9
2026-07-21 13:27:39,27.1,64.0
2026-07-21 13:27:59,27.1,63.9
2026-07-21 13:28:19,27.1,64.1
2026-07-21 13:28:39,27.1,64.2
2026-07-21 13:28:59,27.1,64.2
2026-07-21 13:29:19,27.0,64.2
2026-07-21 13:29:39,27.0,64.3
2026-07-21 13:29:59,27.1,64.2
2026-07-21 13:30:19,27.1,64.2
2026-07-21 13:30:39,27.1,64.2
2026-07-21 13:30:59,27.1,64.2
2026-07-21 13:32:00,27.2,64.2
2026-07-21 13:32:20,27.2,64.2
2026-07-21 13:32:40,27.2,64.2
2026-07-21 13:33:00,27.2,64.1
2026-07-21 13:33:20,27.2,64.0
2026-07-21 13:35:43,27.2,64.0
2026-07-21 13:36:03,27.3,63.7
2026-07-21 13:36:23,27.3,63.7
2026-07-21 13:36:43,27.3,63.5
2026-07-21 13:37:04,27.3,63.5
2026-07-21 13:37:24,27.3,63.4
2026-07-21 13:37:44,27.3,63.5
2026-07-21 13:38:04,27.3,63.6
2026-07-21 13:38:24,27.2,63.8
2026-07-21 13:38:44,27.2,63.8
2026-07-21 13:39:04,27.2,63.8
2026-07-21 13:39:24,27.2,63.6
2026-07-21 13:40:25,27.2,63.7
2026-07-21 13:40:45,27.2,64.0
2026-07-21 13:41:05,27.1,64.1
2026-07-21 13:41:25,27.2,64.0
2026-07-21 13:41:45,27.2,63.9
2026-07-21 13:42:05,27.2,63.9
2026-07-21 13:42:25,27.2,63.9
2026-07-21 13:42:45,27.2,64.2
2026-07-21 13:43:05,27.2,64.3
2026-07-21 13:43:25,27.1,64.4
2026-07-21 13:43:45,27.1,64.5
2026-07-21 13:44:05,27.1,64.2
2026-07-21 13:44:25,27.1,64.1
2026-07-21 13:44:45,27.1,64.2
2026-07-21 13:45:05,27.1,64.2
2026-07-21 13:45:25,27.1,64.2
2026-07-21 13:45:45,27.1,64.3
2026-07-21 13:46:05,27.1,64.4
2026-07-21 13:46:25,27.1,64.4
2026-07-21 13:46:45,27.1,64.3
2026-07-21 13:47:05,27.1,64.5
2026-07-21 13:47:25,27.1,64.4
2026-07-21 13:47:45,27.1,64.3
2026-07-21 13:48:05,27.1,64.3
2026-07-21 13:48:25,27.1,64.3
2026-07-21 13:48:45,27.1,64.5
2026-07-21 13:49:05,27.1,64.7
2026-07-21 13:49:25,27.1,64.7
2026-07-21 13:49:46,27.1,64.7
2026-07-21 13:50:06,27.1,64.7
2026-07-21 13:50:26,27.0,64.8
2026-07-21 13:50:46,27.0,64.8
2026-07-21 13:51:06,27.0,64.8
2026-07-21 13:51:26,27.0,64.9
2026-07-21 13:51:46,27.0,64.8
2026-07-21 13:52:06,27.0,64.8
2026-07-21 13:52:26,27.0,64.8
2026-07-21 13:52:46,27.0,64.8
2026-07-21 13:53:06,27.0,64.7
2026-07-21 13:53:26,27.0,64.8
2026-07-21 13:53:46,27.1,64.8
2026-07-21 13:54:06,27.1,64.8
2026-07-21 13:54:26,27.1,64.6
2026-07-21 13:54:46,27.1,64.6
2026-07-21 13:55:06,27.1,64.6
2026-07-21 13:55:26,27.1,64.5
2026-07-21 13:55:46,27.1,64.5
2026-07-21 13:56:06,27.1,64.7
2026-07-21 13:56:26,27.1,64.7
2026-07-21 13:56:46,27.1,64.8
2026-07-21 13:57:06,27.1,64.7
2026-07-21 13:57:26,27.1,64.7
2026-07-21 13:57:46,27.1,64.6
2026-07-21 13:58:06,27.1,64.7
2026-07-21 13:58:26,27.1,64.6
2026-07-21 13:58:46,27.1,64.5
2026-07-21 13:59:06,27.2,64.7
2026-07-21 13:59:26,27.2,64.6
2026-07-21 13:59:46,27.2,64.6
2026-07-21 14:00:06,27.2,64.6
2026-07-21 14:00:26,27.2,64.6
2026-07-21 14:00:46,27.2,64.5
2026-07-21 14:01:06,27.2,64.5
2026-07-21 14:01:26,27.1,64.6
2026-07-21 14:01:46,27.2,64.6
2026-07-21 14:02:06,27.2,64.7
2026-07-21 14:02:26,27.1,64.8
2026-07-21 14:02:46,27.1,64.6
2026-07-21 14:03:06,27.2,64.5
2026-07-21 14:03:26,27.2,64.4
2026-07-21 14:03:46,27.2,64.6
2026-07-21 14:04:06,27.2,64.6
2026-07-21 14:04:26,27.1,64.8
2026-07-21 14:04:46,27.1,65.0
2026-07-21 14:05:06,27.1,65.0
2026-07-21 14:05:26,27.1,65.2
2026-07-21 14:05:46,27.0,64.9
2026-07-21 14:06:06,27.0,64.8
2026-07-21 14:06:26,27.0,65.0
2026-07-21 14:06:47,27.0,65.0
2026-07-21 14:07:07,27.0,65.0
2026-07-21 14:07:27,27.0,65.0
2026-07-21 14:07:47,27.0,65.1
2026-07-21 14:08:07,27.0,65.1
2026-07-21 14:08:27,27.0,65.2
2026-07-21 14:08:47,27.0,65.1
2026-07-21 14:09:07,27.0,65.1
2026-07-21 14:09:27,27.0,65.1
2026-07-21 14:09:47,27.0,64.9
2026-07-21 14:10:07,27.1,64.9
2026-07-21 14:10:27,27.1,64.9
2026-07-21 14:10:47,27.1,64.8
2026-07-21 14:11:07,27.1,64.8
2026-07-21 14:11:27,27.1,64.7
2026-07-21 14:11:47,27.2,64.5
2026-07-21 14:12:07,27.2,64.5
2026-07-21 14:12:27,27.2,64.5
2026-07-21 14:12:47,27.2,64.5
2026-07-21 14:13:07,27.2,64.5
2026-07-21 14:13:27,27.2,64.4
2026-07-21 14:13:47,27.2,64.5
2026-07-21 14:14:07,27.2,64.5
2026-07-21 14:14:27,27.2,64.5
2026-07-21 14:14:47,27.1,64.5
2026-07-21 14:15:07,27.1,64.5
2026-07-21 14:15:27,27.2,64.6
2026-07-21 14:15:47,27.2,64.5
2026-07-21 14:16:07,27.2,64.6
2026-07-21 14:16:27,27.2,64.6
2026-07-21 14:16:47,27.1,64.7
2026-07-21 14:17:07,27.1,64.6
2026-07-21 14:17:27,27.1,64.8
2026-07-21 14:17:47,27.1,64.8
2026-07-21 14:18:07,27.1,64.9
2026-07-21 14:18:27,27.1,64.8
2026-07-21 14:18:47,27.1,64.8
2026-07-21 14:19:07,27.1,64.8
2026-07-21 14:19:27,27.1,64.8
2026-07-21 14:19:47,27.1,64.8
2026-07-21 14:20:07,27.1,64.7
2026-07-21 14:20:27,27.1,64.7
2026-07-21 14:20:47,27.1,64.6
2026-07-21 14:21:07,27.1,64.6
2026-07-21 14:21:27,27.1,64.6
2026-07-21 14:21:47,27.1,64.7
2026-07-21 14:22:07,27.1,64.7
2026-07-21 14:22:27,27.0,64.7
2026-07-21 14:22:47,27.0,64.7
2026-07-21 14:23:07,27.0,64.7
2026-07-21 14:23:27,27.0,64.7
2026-07-21 14:23:47,27.0,64.7
2026-07-21 14:24:07,27.0,64.6
2026-07-21 14:24:28,27.0,64.7
2026-07-21 14:24:48,27.0,64.7
2026-07-21 14:25:08,27.0,64.7
2026-07-21 14:25:28,27.0,64.7
2026-07-21 14:25:48,27.0,64.7
2026-07-21 14:26:08,27.0,64.8
2026-07-21 14:26:28,27.0,64.8
2026-07-21 14:26:48,27.0,64.8
2026-07-21 14:27:08,27.0,64.8
2026-07-21 14:27:28,27.0,64.8
2026-07-21 14:27:48,27.0,64.8
2026-07-21 14:28:08,27.0,64.9
2026-07-21 14:28:28,27.0,64.9
2026-07-21 14:28:48,27.0,64.8
2026-07-21 14:29:08,27.0,64.9
2026-07-21 14:29:28,27.0,64.9
2026-07-21 14:29:48,27.0,65.0
2026-07-21 14:30:08,27.0,65.0
2026-07-21 14:30:28,27.0,65.0
2026-07-21 14:30:48,27.0,65.0
2026-07-21 14:31:08,27.0,65.0
2026-07-21 14:31:28,27.0,65.1
2026-07-21 14:31:48,27.0,65.0
2026-07-21 14:32:08,27.0,65.0
2026-07-21 14:32:28,27.0,65.0
2026-07-21 14:32:48,27.0,65.1
2026-07-21 14:33:08,27.0,65.2
2026-07-21 14:33:28,27.0,65.1
2026-07-21 14:33:48,26.9,65.2
2026-07-21 14:34:08,26.9,65.3
2026-07-21 14:34:28,26.9,65.3
2026-07-21 14:34:48,26.9,65.4
2026-07-21 14:35:08,26.9,65.7
2026-07-21 14:35:28,26.8,65.7
2026-07-21 14:35:48,26.8,65.7
2026-07-21 14:36:08,26.8,65.7
2026-07-21 14:36:28,26.8,65.7
2026-07-21 14:36:48,26.8,65.7
2026-07-21 14:37:08,26.8,65.7
2026-07-21 14:37:28,26.8,65.8
2026-07-21 14:37:48,26.8,65.8
2026-07-21 14:38:08,26.8,65.8
2026-07-21 14:38:28,26.8,66.0
2026-07-21 14:38:48,26.8,66.0
2026-07-21 14:39:08,26.8,66.1
2026-07-21 14:39:28,26.8,66.1
2026-07-21 14:39:48,26.8,66.1
2026-07-21 14:40:08,26.7,66.1
2026-07-21 14:40:28,26.7,66.0
2026-07-21 14:40:48,26.7,66.0
2026-07-21 14:41:09,26.8,66.0
2026-07-21 14:41:28,26.8,65.9
2026-07-21 14:41:49,26.8,65.9
2026-07-21 14:42:09,26.8,65.8
2026-07-21 14:42:29,26.8,65.8
2026-07-21 14:42:49,26.8,65.8
2026-07-21 14:43:09,26.8,66.0
2026-07-21 14:43:29,26.7,65.8
2026-07-21 14:43:49,26.8,65.7
2026-07-21 14:44:09,26.8,65.7
2026-07-21 14:44:29,26.8,65.7
2026-07-21 14:44:49,26.8,65.7
2026-07-21 14:45:09,26.8,65.9
2026-07-21 14:45:29,26.8,65.9
2026-07-21 14:45:49,26.8,65.8
2026-07-21 14:46:09,26.7,65.9
2026-07-21 14:46:29,26.8,66.0
2026-07-21 14:46:49,26.7,66.1
2026-07-21 14:47:09,26.7,66.2
2026-07-21 14:47:29,26.7,66.1
2026-07-21 14:47:49,26.7,66.1
2026-07-21 14:48:09,26.7,66.0
2026-07-21 14:48:29,26.7,66.0
2026-07-21 14:48:49,26.7,65.9
2026-07-21 14:49:09,26.7,65.7
2026-07-21 14:49:29,26.7,65.7
2026-07-21 14:49:49,26.7,65.6
2026-07-21 14:50:09,26.7,65.6
2026-07-21 14:50:29,26.7,65.6
2026-07-21 14:50:49,26.8,65.4
2026-07-21 14:51:09,26.8,65.5
2026-07-21 14:51:29,26.8,65.6
2026-07-21 14:51:49,26.8,65.5
2026-07-21 14:52:09,26.8,65.5
2026-07-21 14:52:29,26.8,65.6
2026-07-21 14:52:49,26.8,65.6
2026-07-21 14:53:09,26.8,65.6
2026-07-21 14:53:29,26.8,65.7
2026-07-21 14:53:49,26.7,65.8
2026-07-21 14:54:09,26.7,65.8
2026-07-21 14:54:29,26.7,65.8
2026-07-21 14:54:49,26.7,65.8
2026-07-21 14:55:09,26.7,65.7
2026-07-21 14:55:29,26.7,65.9
2026-07-21 14:55:49,26.7,66.0
2026-07-21 14:56:09,26.7,66.0
2026-07-21 14:56:29,26.7,66.1
2026-07-21 14:56:49,26.7,66.0
2026-07-21 14:57:09,26.7,65.9
2026-07-21 14:57:29,26.7,65.9
2026-07-21 14:57:49,26.7,65.9
2026-07-21 14:58:09,26.7,65.9
2026-07-21 14:58:30,26.7,66.1
2026-07-21 14:58:49,26.7,66.1
2026-07-21 14:59:10,26.7,66.1
2026-07-21 14:59:30,26.7,66.1
2026-07-21 14:59:50,26.7,65.9
2026-07-21 15:00:10,26.7,66.0
2026-07-21 15:00:30,26.7,65.9
2026-07-21 15:00:50,26.7,65.9
2026-07-21 15:01:10,26.7,65.8
2026-07-21 15:01:30,26.8,65.8
2026-07-21 15:01:50,26.8,65.7
2026-07-21 15:02:10,26.8,65.6
2026-07-21 15:02:30,26.8,65.5
2026-07-21 15:02:50,26.8,65.6
2026-07-21 15:03:10,26.8,65.6
2026-07-21 15:03:30,26.9,65.6
2026-07-21 15:03:50,26.9,65.5
2026-07-21 15:04:10,26.9,65.5
2026-07-21 15:04:30,26.9,65.6
2026-07-21 15:04:50,26.9,65.6
2026-07-21 15:05:10,26.9,65.7
2026-07-21 15:05:30,26.9,65.7
2026-07-21 15:05:50,27.0,65.7
2026-07-21 15:06:10,26.9,65.6
2026-07-21 15:06:30,26.9,65.4
2026-07-21 15:06:50,26.9,65.4
2026-07-21 15:07:10,26.9,65.4
2026-07-21 15:07:30,26.9,65.4
2026-07-21 15:07:50,26.9,65.4
2026-07-21 15:08:10,26.9,65.4
2026-07-21 15:08:30,26.9,65.4
2026-07-21 15:08:50,26.9,65.3
2026-07-21 15:09:10,26.9,65.4
2026-07-21 15:09:30,26.9,65.4
2026-07-21 15:09:50,26.9,65.6
2026-07-21 15:10:10,26.9,65.8
2026-07-21 15:10:30,26.9,65.8
2026-07-21 15:10:50,26.9,65.7
2026-07-21 15:11:10,26.9,65.7
2026-07-21 15:11:30,26.9,65.7
2026-07-21 15:11:50,26.9,65.7
2026-07-21 15:12:10,26.9,65.6
2026-07-21 15:12:30,26.9,65.7
2026-07-21 15:12:50,26.9,65.6
2026-07-21 15:13:10,26.9,65.7
2026-07-21 15:13:30,26.9,65.6
2026-07-21 15:13:50,26.9,65.6
2026-07-21 15:14:10,26.9,65.7
2026-07-21 15:14:30,26.9,65.7
2026-07-21 15:14:50,26.9,65.8
2026-07-21 15:15:10,26.9,65.8
2026-07-21 15:15:30,26.9,65.7
2026-07-21 15:15:50,26.8,65.8
2026-07-21 15:16:10,26.8,65.8
2026-07-21 15:16:30,26.8,65.7
2026-07-21 15:16:50,26.8,65.7
2026-07-21 15:17:10,26.8,
2026-07-21 15:17:11,,65.7
2026-07-21 15:17:31,26.8,65.8
2026-07-21 15:17:51,26.9,65.9
2026-07-21 15:18:11,26.9,65.9
2026-07-21 15:18:31,26.9,65.8
2026-07-21 15:18:51,26.9,65.9
2026-07-21 15:19:11,26.9,65.8
2026-07-21 15:19:31,26.9,65.7
2026-07-21 15:19:51,26.9,65.8
2026-07-21 15:20:11,26.9,65.8
2026-07-21 15:20:31,26.9,65.8
2026-07-21 15:20:51,26.9,65.9
2026-07-21 15:21:11,26.8,65.9
2026-07-21 15:21:31,26.9,66.0
2026-07-21 15:21:51,26.8,65.9
2026-07-21 15:22:11,26.8,65.9
2026-07-21 15:22:31,26.8,66.0
2026-07-21 15:22:51,26.8,66.1
2026-07-21 15:23:11,26.9,66.1
2026-07-21 15:23:31,26.9,66.2
2026-07-21 15:23:51,26.9,66.3
2026-07-21 15:24:11,26.9,66.2
2026-07-21 15:24:31,26.8,66.3
2026-07-21 15:24:51,26.9,66.4
2026-07-21 15:25:11,26.9,66.5
2026-07-21 15:25:31,26.9,66.4
2026-07-21 15:25:51,26.9,66.4
2026-07-21 15:26:11,26.9,66.4
2026-07-21 15:26:31,26.9,66.2
2026-07-21 15:26:51,26.9,66.1
2026-07-21 15:27:11,27.0,66.1
2026-07-21 15:27:31,26.9,66.1
2026-07-21 15:27:51,26.9,66.0
2026-07-21 15:28:11,26.9,66.2
2026-07-21 15:28:31,26.9,66.1
2026-07-21 15:28:51,26.9,66.2
2026-07-21 15:29:11,26.9,66.3
2026-07-21 15:29:31,26.9,66.3
2026-07-21 15:29:51,26.9,66.4
2026-07-21 15:30:11,26.9,66.4
2026-07-21 15:30:31,26.8,66.5
2026-07-21 15:30:51,26.8,66.3
2026-07-21 15:31:11,26.8,66.3
2026-07-21 15:31:31,26.8,66.3
2026-07-21 15:31:51,26.8,66.4
2026-07-21 15:32:11,26.8,66.4
2026-07-21 15:32:31,26.8,66.4
2026-07-21 15:32:51,26.8,66.5
2026-07-21 15:33:11,26.8,66.5
2026-07-21 15:33:31,26.8,66.6
2026-07-21 15:33:51,26.8,66.6
2026-07-21 15:34:11,26.8,66.6
2026-07-21 15:34:31,26.7,66.7
2026-07-21 15:34:52,26.8,66.6
2026-07-21 15:35:12,26.7,66.6
2026-07-21 15:35:32,26.7,66.7
2026-07-21 15:35:52,26.7,66.7
2026-07-21 15:36:12,26.7,66.6
2026-07-21 15:36:32,26.7,66.6
2026-07-21 15:36:52,26.7,66.6
2026-07-21 15:37:12,26.7,66.5
2026-07-21 15:37:32,26.7,66.7
2026-07-21 15:37:52,26.7,66.6
2026-07-21 15:38:12,26.7,66.6
2026-07-21 15:38:32,26.7,66.4
2026-07-21 15:38:52,26.7,66.4
2026-07-21 15:39:12,26.7,66.3
2026-07-21 15:39:32,26.7,66.3
2026-07-21 15:39:52,26.8,66.2
2026-07-21 15:40:12,26.8,66.1
2026-07-21 15:40:32,26.8,66.0
2026-07-21 15:40:52,26.8,66.0
2026-07-21 15:41:12,26.8,66.1
2026-07-21 15:41:32,26.8,65.9
2026-07-21 15:41:52,26.8,65.9
2026-07-21 15:42:12,26.8,65.9
2026-07-21 15:42:32,26.8,65.9
2026-07-21 15:42:52,26.8,65.9
2026-07-21 15:43:12,26.8,65.8
2026-07-21 15:43:32,26.8,65.7
2026-07-21 15:43:52,26.8,65.7
2026-07-21 15:44:12,26.8,65.7
2026-07-21 15:44:32,26.9,65.7
2026-07-21 15:44:52,26.9,65.6
2026-07-21 15:45:12,26.9,65.6
2026-07-21 15:45:32,26.9,65.7
2026-07-21 15:45:52,26.9,65.6
2026-07-21 15:46:12,26.9,65.6
2026-07-21 15:46:32,26.9,65.5
2026-07-21 15:46:52,26.9,65.5
2026-07-21 15:47:12,26.9,65.5
2026-07-21 15:47:32,26.9,65.4
2026-07-21 15:47:52,26.8,65.6
2026-07-21 15:48:12,26.8,65.5
2026-07-21 15:48:32,26.8,65.6
2026-07-21 15:48:52,26.8,65.6
2026-07-21 15:49:12,26.8,65.7
2026-07-21 15:49:32,26.8,65.7
2026-07-21 15:49:52,26.8,65.7
2026-07-21 15:50:12,26.8,65.9
2026-07-21 15:50:32,26.8,65.8
2026-07-21 15:50:52,26.8,65.8
2026-07-21 15:51:12,26.7,65.9
2026-07-21 15:51:32,26.8,65.8
2026-07-21 15:51:52,26.8,65.8
2026-07-21 15:52:13,26.8,65.8
2026-07-21 15:52:33,26.8,65.8
2026-07-21 15:52:53,26.7,65.9
2026-07-21 15:53:13,26.7,65.8
2026-07-21 15:53:33,26.7,65.9
2026-07-21 15:53:53,26.7,65.7
2026-07-21 15:54:13,26.7,65.6
2026-07-21 15:54:33,26.8,65.5
2026-07-21 15:54:53,26.7,65.6
2026-07-21 15:55:13,26.8,65.5
2026-07-21 15:55:33,26.8,65.4
2026-07-21 15:55:53,26.7,65.3
2026-07-21 15:56:13,26.7,65.4
2026-07-21 15:56:33,26.8,65.3
2026-07-21 15:56:53,26.8,65.4
2026-07-21 15:57:13,26.8,65.5
2026-07-21 15:57:33,26.8,65.5
2026-07-21 15:57:53,26.8,65.6
2026-07-21 15:58:13,26.8,65.5
2026-07-21 15:58:33,26.8,65.4
2026-07-21 15:58:53,26.8,65.4
2026-07-21 15:59:13,26.8,65.4
2026-07-21 15:59:33,26.8,65.4
2026-07-21 15:59:53,26.8,65.3
2026-07-21 16:00:13,26.8,65.3
2026-07-21 16:00:33,26.8,65.4
2026-07-21 16:00:53,26.8,65.4
2026-07-21 16:01:13,26.8,65.5
2026-07-21 16:01:33,26.8,65.4
2026-07-21 16:01:53,26.8,65.3
2026-07-21 16:02:13,26.8,65.4
2026-07-21 16:02:33,26.8,65.3
2026-07-21 16:02:53,26.8,65.2
2026-07-21 16:03:13,26.8,65.3
2026-07-21 16:03:33,26.8,65.4
2026-07-21 16:03:53,26.8,65.4
2026-07-21 16:04:13,26.8,65.4
2026-07-21 16:04:33,26.8,65.4
2026-07-21 16:04:53,26.8,65.4
2026-07-21 16:05:13,26.8,65.4
2026-07-21 16:05:33,26.8,65.4
2026-07-21 16:05:53,26.8,65.5
2026-07-21 16:06:13,26.8,65.4
2026-07-21 16:06:33,26.8,65.4
2026-07-21 16:06:53,26.8,65.3
2026-07-21 16:07:13,26.8,65.3
2026-07-21 16:07:33,26.8,65.2
2026-07-21 16:07:53,26.7,65.2
2026-07-21 16:08:14,26.7,65.1
2026-07-21 16:08:33,26.7,65.0
2026-07-21 16:08:53,26.7,65.0
2026-07-21 16:09:14,26.7,65.1
2026-07-21 16:09:34,26.7,64.9
2026-07-21 16:09:54,26.7,64.9
2026-07-21 16:10:14,26.7,64.9
2026-07-21 16:10:34,26.7,64.8
2026-07-21 16:10:54,26.7,64.9
2026-07-21 16:11:14,26.7,64.9
2026-07-21 16:11:34,26.7,65.0
2026-07-21 16:11:54,26.7,65.0
2026-07-21 16:12:14,26.7,65.0
2026-07-21 16:12:34,26.7,65.0
2026-07-21 16:12:54,26.7,64.9
2026-07-21 16:13:14,26.7,64.9
2026-07-21 16:13:34,26.7,65.0
2026-07-21 16:13:54,26.7,65.0
2026-07-21 16:14:14,26.7,65.1
2026-07-21 16:14:34,26.7,64.9
2026-07-21 16:14:54,26.7,64.9
2026-07-21 16:15:14,26.7,64.9
2026-07-21 16:15:34,26.7,64.8
2026-07-21 16:15:54,26.7,64.8
2026-07-21 16:16:14,26.7,64.8
2026-07-21 16:16:34,26.7,64.8
2026-07-21 16:16:54,26.7,64.8
2026-07-21 16:17:14,26.7,64.7
2026-07-21 16:17:34,26.6,64.8
2026-07-21 16:17:54,26.7,64.6
2026-07-21 16:18:14,26.7,64.7
2026-07-21 16:18:34,26.7,64.7
2026-07-21 16:18:54,26.7,64.7
2026-07-21 16:19:14,26.7,64.8
2026-07-21 16:19:35,26.7,64.7
2026-07-21 16:19:54,26.7,64.7
2026-07-21 16:20:14,26.6,64.8
2026-07-21 16:20:34,26.6,64.7
2026-07-21 16:20:54,26.6,64.8
2026-07-21 16:21:14,26.6,64.8
2026-07-21 16:21:34,26.6,64.9
2026-07-21 16:21:54,26.7,64.9
2026-07-21 16:22:14,26.7,64.9
2026-07-21 16:22:34,26.7,64.8
2026-07-21 16:22:54,26.6,64.9
2026-07-21 16:23:14,26.7,64.9
2026-07-21 16:23:34,26.7,64.8
2026-07-21 16:23:54,26.6,64.9
2026-07-21 16:24:14,26.7,64.8
2026-07-21 16:24:35,26.7,64.8
2026-07-21 16:24:54,26.7,64.7
2026-07-21 16:25:15,26.7,64.7
2026-07-21 16:25:35,26.7,64.7
2026-07-21 16:25:55,26.6,64.7
2026-07-21 16:26:15,26.6,64.6
2026-07-21 16:26:35,26.6,64.6
2026-07-21 16:26:55,26.5,64.7
2026-07-21 16:27:15,26.5,64.8
2026-07-21 16:27:35,26.5,64.9
2026-07-21 16:27:55,26.4,64.9
2026-07-21 16:28:15,26.4,64.9
2026-07-21 16:28:35,26.4,64.9
2026-07-21 16:28:55,26.4,64.9
2026-07-21 16:29:15,26.4,65.1
2026-07-21 16:29:35,26.4,65.2
2026-07-21 16:29:55,26.4,65.2
2026-07-21 16:30:15,26.4,65.4
2026-07-21 16:30:35,26.4,65.5
2026-07-21 16:30:55,26.4,65.5
2026-07-21 16:31:15,26.3,65.7
2026-07-21 16:31:35,26.3,65.8
2026-07-21 16:31:55,26.3,65.6
2026-07-21 16:32:15,26.3,65.7
2026-07-21 16:32:35,26.3,65.6
2026-07-21 16:32:55,26.3,65.5
2026-07-21 16:33:15,26.3,65.4
2026-07-21 16:33:35,26.3,65.3
2026-07-21 16:33:55,26.3,65.3
2026-07-21 16:34:15,26.3,65.3
2026-07-21 16:34:35,26.3,65.3
2026-07-21 16:34:55,26.3,65.2
2026-07-21 16:35:15,26.3,65.2
2026-07-21 16:35:35,26.3,65.2
2026-07-21 16:35:55,26.3,65.2
2026-07-21 16:36:15,26.3,65.2
2026-07-21 16:36:35,26.3,65.3
2026-07-21 16:36:55,26.3,65.4
2026-07-21 16:37:15,26.3,65.4
2026-07-21 16:37:35,26.3,65.5
2026-07-21 16:37:55,26.2,65.5
2026-07-21 16:38:15,26.3,65.5
2026-07-21 16:38:36,26.3,65.5
2026-07-21 16:38:55,26.2,65.5
2026-07-21 16:39:15,26.2,65.4
2026-07-21 16:39:35,26.2,65.4
2026-07-21 16:39:55,26.3,65.4
2026-07-21 16:40:15,26.3,65.5
2026-07-21 16:40:35,26.3,65.5
2026-07-21 16:40:55,26.3,65.5
2026-07-21 16:41:16,26.3,65.5
2026-07-21 16:41:35,26.3,65.4
2026-07-21 16:41:56,26.3,65.4
2026-07-21 16:42:15,26.3,65.5
2026-07-21 16:42:36,26.3,65.6
2026-07-21 16:42:56,26.2,65.6
2026-07-21 16:43:16,26.3,65.7
2026-07-21 16:43:36,26.3,65.6
2026-07-21 16:43:56,26.2,65.6
2026-07-21 16:44:16,26.2,65.5
2026-07-21 16:44:36,26.2,65.5
2026-07-21 16:44:56,26.2,65.5
2026-07-21 16:45:16,26.2,65.5
2026-07-21 16:45:36,26.2,65.5
2026-07-21 16:45:56,26.2,65.6
2026-07-21 16:46:16,26.1,65.6
2026-07-21 16:46:36,26.2,65.5
2026-07-21 16:46:56,26.1,65.5
2026-07-21 16:47:16,26.2,65.5
2026-07-21 16:47:36,26.1,65.6
2026-07-21 16:47:56,26.2,65.7
2026-07-21 16:48:16,26.1,65.6
2026-07-21 16:48:36,26.1,65.6
2026-07-21 16:48:56,26.1,65.5
2026-07-21 16:49:16,26.1,65.5
2026-07-21 16:49:36,26.1,65.4
2026-07-21 16:49:56,26.1,65.4
2026-07-21 16:50:16,26.1,65.4
2026-07-21 16:50:36,26.0,65.4
2026-07-21 16:50:56,26.0,65.5
2026-07-21 16:51:16,26.0,65.4
2026-07-21 16:51:36,26.0,65.5
2026-07-21 16:51:56,26.0,65.6
2026-07-21 16:52:16,26.0,65.5
2026-07-21 16:52:36,26.0,65.5
2026-07-21 16:52:56,25.9,65.6
2026-07-21 16:53:16,26.0,65.5
2026-07-21 16:53:36,26.0,65.5
2026-07-21 16:53:56,25.9,65.5
2026-07-21 16:54:16,25.9,65.4
2026-07-21 16:54:36,25.9,65.4
2026-07-21 16:54:56,26.0,65.4
2026-07-21 16:55:16,25.9,65.4
2026-07-21 16:55:36,25.9,65.4
2026-07-21 16:55:56,25.9,65.4
2026-07-21 16:56:16,25.9,65.4
2026-07-21 16:56:36,25.9,65.4
2026-07-21 16:56:56,25.9,65.4
2026-07-21 16:57:16,25.9,65.3
2026-07-21 16:57:36,25.9,65.4
2026-07-21 16:57:57,25.9,65.5
2026-07-21 16:58:17,25.9,65.5
2026-07-21 16:58:37,25.9,65.5
2026-07-21 16:58:56,25.9,65.6
2026-07-21 16:59:17,25.9,65.6
2026-07-21 16:59:36,25.9,65.7
2026-07-21 16:59:57,25.9,65.7
2026-07-21 17:00:18,25.9,65.7
2026-07-21 17:00:37,25.9,65.7
2026-07-21 17:00:57,25.9,65.7
2026-07-21 17:01:17,25.9,65.7
2026-07-21 17:01:37,25.9,65.8
2026-07-21 17:01:57,25.9,65.8
2026-07-21 17:02:17,25.9,65.8
2026-07-21 17:02:37,25.9,65.9
2026-07-21 17:02:57,26.0,65.8
2026-07-21 17:03:17,26.0,65.8
2026-07-21 17:03:37,26.0,65.7
2026-07-21 17:03:57,26.0,65.7
2026-07-21 17:04:17,26.0,65.7
2026-07-21 17:04:37,26.0,65.7
2026-07-21 17:04:57,26.0,65.5
2026-07-21 17:05:17,26.0,65.6
2026-07-21 17:05:37,26.0,65.5
2026-07-21 17:05:57,26.1,65.5
2026-07-21 17:06:17,26.1,65.5
2026-07-21 17:06:37,26.1,65.5
2026-07-21 17:06:57,26.1,65.5
2026-07-21 17:07:17,26.1,65.4
2026-07-21 17:07:37,26.1,65.4
2026-07-21 17:07:57,26.1,65.4
2026-07-21 17:08:17,26.1,65.3
2026-07-21 17:08:37,26.1,65.4
2026-07-21 17:08:57,26.1,65.3
2026-07-21 17:09:17,26.1,65.3
2026-07-21 17:09:37,26.1,65.2
2026-07-21 17:09:57,26.1,65.1
2026-07-21 17:10:17,26.1,65.2
2026-07-21 17:10:37,26.1,65.2
2026-07-21 17:10:57,26.1,65.2
2026-07-21 17:11:17,26.1,65.2
2026-07-21 17:11:37,26.1,65.2
2026-07-21 17:11:57,26.1,65.2
2026-07-21 17:12:17,26.1,65.2
2026-07-21 17:12:37,26.1,65.2
2026-07-21 17:12:57,26.1,65.1
2026-07-21 17:13:17,26.1,65.1
2026-07-21 17:13:37,26.1,65.1
2026-07-21 17:13:57,26.1,65.1
2026-07-21 17:14:17,26.1,65.2
2026-07-21 17:14:37,26.1,65.1
2026-07-21 17:14:57,26.1,65.2
2026-07-21 17:15:17,26.1,65.1
2026-07-21 17:15:37,26.1,65.1
2026-07-21 17:15:57,26.1,65.1
2026-07-21 17:16:17,26.1,65.0
2026-07-21 17:16:38,26.1,65.0
2026-07-21 17:16:57,26.1,65.1
2026-07-21 17:17:18,26.1,65.0
2026-07-21 17:17:38,26.1,64.9
2026-07-21 17:17:58,26.1,64.9
2026-07-21 17:18:18,26.1,64.9
2026-07-21 17:18:38,26.1,64.9
2026-07-21 17:18:58,26.0,64.9
2026-07-21 17:19:18,26.0,64.8
2026-07-21 17:19:38,26.1,64.8
2026-07-21 17:19:58,26.0,64.9
2026-07-21 17:20:18,26.0,64.9
2026-07-21 17:20:38,26.0,64.8
2026-07-21 17:20:58,26.0,64.9
2026-07-21 17:21:18,26.0,64.9
2026-07-21 17:21:38,26.1,64.9
2026-07-21 17:21:58,26.0,64.9
2026-07-21 17:22:18,26.0,65.0
2026-07-21 17:22:38,26.0,64.9
2026-07-21 17:22:58,26.0,64.9
2026-07-21 17:23:18,26.0,64.9
2026-07-21 17:23:38,26.0,64.8
2026-07-21 17:23:58,26.0,64.8
2026-07-21 17:24:18,26.1,64.8
2026-07-21 17:24:38,26.1,64.8
2026-07-21 17:24:58,26.1,64.8
2026-07-21 17:25:18,26.1,64.7
2026-07-21 17:25:38,26.1,64.8
2026-07-21 17:25:58,26.1,64.8
2026-07-21 17:26:18,26.1,64.7
2026-07-21 17:26:38,26.1,64.8
2026-07-21 17:26:58,26.1,64.7
2026-07-21 17:27:18,26.1,64.7
2026-07-21 17:27:38,26.1,64.7
2026-07-21 17:27:58,26.1,64.7
2026-07-21 17:28:18,26.1,64.6
2026-07-21 17:28:38,26.0,64.6
2026-07-21 17:28:58,26.0,64.7
2026-07-21 17:29:18,26.0,64.7
2026-07-21 17:29:38,26.0,64.7
2026-07-21 17:29:58,26.0,64.7
2026-07-21 17:30:18,26.0,64.7
2026-07-21 17:30:38,26.0,64.7
2026-07-21 17:30:58,26.0,64.6
2026-07-21 17:31:18,26.0,64.6
2026-07-21 17:31:38,26.0,64.7
2026-07-21 17:31:58,26.0,64.6
2026-07-21 17:32:18,26.0,64.6
2026-07-21 17:32:38,26.0,64.6
2026-07-21 17:32:58,26.0,64.6
2026-07-21 17:33:19,26.0,64.5
2026-07-21 17:33:38,26.0,64.6
2026-07-21 17:33:59,26.0,64.6
2026-07-21 17:34:18,25.9,64.5
2026-07-21 17:34:39,26.0,64.5
2026-07-21 17:34:59,25.9,64.6
2026-07-21 17:35:19,25.9,64.5
2026-07-21 17:35:39,25.9,64.6
2026-07-21 17:35:59,25.9,64.6
2026-07-21 17:36:19,25.9,64.6
2026-07-21 17:36:39,25.9,64.6
2026-07-21 17:36:59,25.9,64.6
2026-07-21 17:37:19,25.9,64.6
2026-07-21 17:37:39,25.9,64.6
2026-07-21 17:37:59,25.9,64.5
2026-07-21 17:38:19,25.9,64.5
2026-07-21 17:38:39,25.9,64.6
2026-07-21 17:38:59,25.9,64.6
2026-07-21 17:39:19,25.9,64.6
2026-07-21 17:39:39,25.9,64.5
2026-07-21 17:39:59,25.9,64.5
2026-07-21 17:40:19,25.9,64.5
2026-07-21 17:40:39,25.9,64.5
2026-07-21 17:40:59,25.9,64.6
2026-07-21 17:41:19,25.9,64.6
2026-07-21 17:41:39,25.9,64.6
2026-07-21 17:41:59,25.9,
2026-07-21 17:42:01,,64.6
2026-07-21 17:42:19,25.9,64.6
2026-07-21 17:42:39,25.9,64.8
2026-07-21 17:42:59,25.9,64.8
2026-07-21 17:43:19,25.9,64.6
2026-07-21 17:43:39,25.9,64.7
2026-07-21 17:43:59,25.9,64.7
2026-07-21 17:44:19,25.9,64.8
2026-07-21 17:44:39,25.9,64.6
2026-07-21 17:44:59,25.9,64.5
2026-07-21 17:45:19,25.8,64.6
2026-07-21 17:45:40,25.8,64.7
2026-07-21 17:45:59,25.8,64.7
2026-07-21 17:46:19,25.8,65.2
2026-07-21 17:46:39,25.8,65.2
2026-07-21 17:46:59,25.8,65.0
2026-07-21 17:47:19,25.8,65.0
2026-07-21 17:47:39,25.8,64.9
2026-07-21 17:47:59,25.8,64.9
2026-07-21 17:48:19,25.8,64.9
2026-07-21 17:48:39,25.8,64.8
2026-07-21 17:48:59,25.8,64.6
2026-07-21 17:49:19,25.8,65.0
2026-07-21 17:49:40,25.8,65.0
2026-07-21 17:49:59,25.8,64.8
2026-07-21 17:50:19,25.8,65.1
2026-07-21 17:50:39,25.8,65.0
2026-07-21 17:50:59,25.8,64.9
2026-07-21 17:51:19,25.8,64.9
2026-07-21 17:51:39,25.8,64.8
2026-07-21 17:51:59,25.8,64.8
2026-07-21 17:52:19,25.8,64.8
2026-07-21 17:52:40,25.7,64.7
2026-07-21 17:53:00,25.8,64.7
2026-07-21 17:53:20,25.8,64.8
2026-07-21 17:53:40,25.8,64.8
2026-07-21 17:54:00,25.8,64.6
2026-07-21 17:54:20,25.7,64.7
2026-07-21 17:54:40,25.7,64.7
2026-07-21 17:55:00,25.7,64.6
2026-07-21 17:55:20,25.7,64.7
2026-07-21 17:55:40,25.7,64.8
2026-07-21 17:56:00,25.7,64.8
2026-07-21 17:56:20,25.8,64.7
2026-07-21 17:56:40,25.8,64.7
2026-07-21 17:57:00,25.8,64.6
2026-07-21 17:57:20,25.7,65.0
2026-07-21 17:57:40,25.7,65.1
2026-07-21 17:58:00,25.7,65.1
2026-07-21 17:58:20,25.8,65.0
2026-07-21 17:58:40,25.7,65.0
2026-07-21 17:59:00,25.7,65.4
2026-07-21 17:59:20,25.7,65.1
2026-07-21 17:59:40,25.7,65.2
2026-07-21 18:00:00,25.7,65.2
2026-07-21 18:00:20,25.7,65.1
2026-07-21 18:00:40,25.7,
2026-07-21 18:00:41,,65.0
2026-07-21 18:01:00,25.7,65.4
2026-07-21 18:01:20,25.7,65.7
2026-07-21 18:01:40,25.7,65.7
2026-07-21 18:02:00,25.7,65.2
2026-07-21 18:02:20,25.7,65.4
2026-07-21 18:02:40,25.7,65.4
2026-07-21 18:03:00,25.7,65.5
2026-07-21 18:03:20,25.7,65.9
2026-07-21 18:03:40,25.7,65.9
2026-07-21 18:04:00,25.7,65.8
2026-07-21 18:04:20,25.7,65.9
2026-07-21 18:04:40,25.7,66.1
2026-07-21 18:05:00,25.7,65.8
2026-07-21 18:05:20,25.7,65.7
2026-07-21 18:05:40,25.7,65.6
2026-07-21 18:06:00,25.7,65.6
2026-07-21 18:06:20,25.7,65.8
2026-07-21 18:06:40,25.8,65.6
2026-07-21 18:07:00,25.8,65.4
2026-07-21 18:07:20,25.8,65.4
2026-07-21 18:07:40,25.8,65.2
2026-07-21 18:08:00,25.8,65.2
2026-07-21 18:08:20,25.8,65.2
2026-07-21 18:08:41,25.8,65.6
2026-07-21 18:09:00,25.8,65.7
2026-07-21 18:09:20,25.8,65.6
2026-07-21 18:09:41,25.8,65.5
2026-07-21 18:10:01,25.8,65.4
2026-07-21 18:10:21,25.8,65.4
2026-07-21 18:10:41,25.8,65.4
2026-07-21 18:11:01,25.8,65.6
2026-07-21 18:11:21,25.8,65.6
2026-07-21 18:11:41,25.8,65.7
2026-07-21 18:12:01,25.8,65.6
2026-07-21 18:12:21,25.8,65.6
2026-07-21 18:12:41,25.8,65.5
2026-07-21 18:13:01,25.9,65.6
2026-07-21 18:13:21,25.8,65.7
2026-07-21 18:13:41,25.8,65.8
2026-07-21 18:14:01,25.8,65.8
2026-07-21 18:14:21,25.8,65.7
2026-07-21 18:14:41,25.8,65.8
2026-07-21 18:15:01,25.8,65.7
2026-07-21 18:15:21,25.8,65.6
2026-07-21 18:15:41,25.7,65.7
2026-07-21 18:16:01,25.7,65.7
2026-07-21 18:16:21,25.8,65.8
2026-07-21 18:16:41,25.7,65.8
2026-07-21 18:17:01,25.7,65.8
2026-07-21 18:17:21,25.7,65.8
2026-07-21 18:17:41,25.7,65.6
2026-07-21 18:18:01,25.7,65.6
2026-07-21 18:18:21,25.7,65.7
2026-07-21 18:18:41,25.7,65.8
2026-07-21 18:19:01,25.7,65.7
2026-07-21 18:19:21,25.7,65.6
2026-07-21 18:19:41,25.7,65.5
2026-07-21 18:20:01,25.7,65.5
2026-07-21 18:20:21,25.7,65.3
2026-07-21 18:20:41,25.6,65.6
2026-07-21 18:21:01,25.6,65.4
2026-07-21 18:21:21,25.6,65.4
2026-07-21 18:21:41,25.6,65.3
2026-07-21 18:22:01,25.6,65.5
2026-07-21 18:22:21,25.6,65.7
2026-07-21 18:22:41,25.5,65.8
2026-07-21 18:23:01,25.5,65.7
2026-07-21 18:23:21,25.5,65.9
2026-07-21 18:23:41,25.5,66.2
2026-07-21 18:24:01,25.5,66.0
2026-07-21 18:24:21,25.5,65.9
2026-07-21 18:24:41,25.5,65.9
2026-07-21 18:25:01,25.5,66.0
2026-07-21 18:25:21,25.5,66.0
2026-07-21 18:25:41,25.5,65.8
2026-07-21 18:26:01,25.5,
2026-07-21 18:26:02,,65.7
2026-07-21 18:26:22,25.5,65.6
2026-07-21 18:26:42,25.5,65.4
2026-07-21 18:27:02,25.5,65.2
2026-07-21 18:27:22,25.5,65.5
2026-07-21 18:27:42,25.5,65.4
2026-07-21 18:28:02,25.5,65.0
2026-07-21 18:28:22,25.5,65.0
2026-07-21 18:28:42,25.5,65.0
2026-07-21 18:29:02,25.5,65.0
2026-07-21 18:29:22,25.5,65.3
2026-07-21 18:29:42,25.5,65.0
2026-07-21 18:30:02,25.5,64.8
2026-07-21 18:30:22,25.5,64.7
2026-07-21 18:30:42,25.5,65.0
2026-07-21 18:31:02,25.5,65.0
2026-07-21 18:31:22,25.5,65.3
2026-07-21 18:31:42,25.4,65.2
2026-07-21 18:32:02,25.5,65.0
2026-07-21 18:32:22,25.5,65.0
2026-07-21 18:32:42,25.5,64.9
2026-07-21 18:33:02,25.5,65.3
2026-07-21 18:33:22,25.5,65.3
2026-07-21 18:33:42,25.5,65.0
2026-07-21 18:34:02,25.5,64.9
2026-07-21 18:34:22,25.5,64.9
2026-07-21 18:34:42,25.4,64.8
2026-07-21 18:35:02,25.4,64.8
2026-07-21 18:35:22,25.4,64.9
2026-07-21 18:35:42,25.4,64.7
2026-07-21 18:36:02,25.4,64.7
2026-07-21 18:36:22,25.4,64.8
2026-07-21 18:36:42,25.5,64.9
2026-07-21 18:37:02,25.4,64.7
2026-07-21 18:37:22,25.4,64.7
2026-07-21 18:37:42,25.5,64.8
2026-07-21 18:38:02,25.4,64.9
2026-07-21 18:38:22,25.5,64.9
2026-07-21 18:38:42,25.4,64.5
2026-07-21 18:39:02,25.5,64.6
2026-07-21 18:39:22,25.4,64.5
2026-07-21 18:39:42,25.4,64.4
2026-07-21 18:40:02,25.4,64.7
2026-07-21 18:40:22,25.5,64.7
2026-07-21 18:40:42,25.4,64.5
2026-07-21 18:41:02,25.5,64.5
2026-07-21 18:41:22,25.4,64.5
2026-07-21 18:41:42,25.4,64.3
2026-07-21 18:42:02,25.4,64.3
2026-07-21 18:42:22,25.4,64.2
2026-07-21 18:42:42,25.4,64.3
2026-07-21 18:43:02,25.4,64.3
2026-07-21 18:43:22,25.4,64.3
2026-07-21 18:43:42,25.4,64.2
2026-07-21 18:44:02,25.4,64.2
2026-07-21 18:44:23,25.4,64.3
2026-07-21 18:44:43,25.4,64.3
2026-07-21 18:45:03,25.4,64.4
2026-07-21 18:45:23,25.4,64.3
2026-07-21 18:45:43,25.4,64.2
2026-07-21 18:46:03,25.4,64.2
2026-07-21 18:46:23,25.4,64.2
2026-07-21 18:46:43,25.4,64.2
2026-07-21 18:47:03,25.4,64.3
2026-07-21 18:47:23,25.4,64.3
2026-07-21 18:47:43,25.4,64.2
2026-07-21 18:48:03,25.4,64.2
2026-07-21 18:48:23,25.4,64.1
2026-07-21 18:48:43,25.4,64.2
2026-07-21 18:49:03,25.4,64.0
2026-07-21 18:49:23,25.4,64.0
2026-07-21 18:49:43,25.4,64.0
2026-07-21 18:50:03,25.4,64.0
2026-07-21 18:50:23,25.4,64.0
2026-07-21 18:50:43,25.4,64.1
2026-07-21 18:51:03,25.4,64.0
2026-07-21 18:51:23,25.4,64.0
2026-07-21 18:51:43,25.4,64.1
2026-07-21 18:52:03,25.4,64.0
2026-07-21 18:52:23,25.4,64.0
2026-07-21 18:52:43,25.4,64.0
2026-07-21 18:53:03,25.4,64.1
2026-07-21 18:53:23,25.3,64.1
2026-07-21 18:53:43,25.4,64.1
2026-07-21 18:54:03,25.4,64.1
2026-07-21 18:54:23,25.4,64.2
2026-07-21 18:54:43,25.4,
2026-07-21 18:54:46,,64.1
2026-07-21 18:55:03,25.4,64.0
2026-07-21 18:55:23,25.4,64.1
2026-07-21 18:55:43,25.4,64.0
2026-07-21 18:56:03,25.4,64.0
2026-07-21 18:56:23,25.4,64.1
2026-07-21 18:56:43,25.4,64.1
2026-07-21 18:57:03,25.3,64.1
2026-07-21 18:57:23,25.3,64.1
2026-07-21 18:57:43,25.3,64.1
2026-07-21 18:58:03,25.4,64.2
2026-07-21 18:58:23,25.4,64.3
2026-07-21 18:58:43,25.4,64.3
2026-07-21 18:59:03,25.3,64.2
2026-07-21 18:59:23,25.3,64.2
2026-07-21 18:59:43,25.3,64.1
2026-07-21 19:00:03,25.3,64.2
2026-07-21 19:00:23,25.3,64.3
2026-07-21 19:00:43,25.3,
2026-07-21 19:00:44,,64.3
2026-07-21 19:01:03,25.3,64.3
2026-07-21 19:01:24,25.3,64.2
2026-07-21 19:01:44,25.3,64.2
2026-07-21 19:02:03,25.3,64.1
2026-07-21 19:02:24,25.3,64.1
2026-07-21 19:02:44,25.3,64.2
2026-07-21 19:03:04,25.3,64.2
2026-07-21 19:03:24,25.3,64.2
2026-07-21 19:03:44,25.3,64.2
2026-07-21 19:04:04,25.3,64.1
2026-07-21 19:04:24,25.3,64.2
2026-07-21 19:04:44,25.3,64.2
2026-07-21 19:05:04,25.3,64.1
2026-07-21 19:05:24,25.3,64.2
2026-07-21 19:05:44,25.3,64.4
2026-07-21 19:06:04,25.3,64.5
2026-07-21 19:06:24,25.3,64.5
2026-07-21 19:06:44,25.3,64.4
2026-07-21 19:07:04,25.3,64.4
2026-07-21 19:07:24,25.3,64.5
2026-07-21 19:07:44,25.3,64.4
2026-07-21 19:08:04,25.3,64.3
2026-07-21 19:08:24,25.3,64.4
2026-07-21 19:08:44,25.3,64.3
2026-07-21 19:09:04,25.3,64.3
2026-07-21 19:09:24,25.3,64.3
2026-07-21 19:09:44,25.3,64.4
2026-07-21 19:10:04,25.3,64.6
2026-07-21 19:10:24,25.3,64.7
2026-07-21 19:10:44,25.3,65.0
2026-07-21 19:11:04,25.3,65.3
2026-07-21 19:11:24,25.3,65.4
2026-07-21 19:11:44,25.3,65.5
2026-07-21 19:12:04,25.2,65.6
2026-07-21 19:12:24,25.3,65.7
2026-07-21 19:12:44,25.3,65.7
2026-07-21 19:13:04,25.3,65.5
2026-07-21 19:13:24,25.3,65.3
2026-07-21 19:13:44,25.3,65.2
2026-07-21 19:14:04,25.3,65.0
2026-07-21 19:14:24,25.3,65.0
2026-07-21 19:14:44,25.3,64.9
2026-07-21 19:15:04,25.3,64.8
2026-07-21 19:15:24,25.3,64.7
2026-07-21 19:15:44,25.3,64.7
2026-07-21 19:16:04,25.3,64.7
2026-07-21 19:16:24,25.3,64.8
2026-07-21 19:16:44,25.3,64.8
2026-07-21 19:17:04,25.3,64.8
2026-07-21 19:17:24,25.3,64.8
2026-07-21 19:17:44,25.3,64.7
2026-07-21 19:18:04,25.3,64.7
2026-07-21 19:18:24,25.2,64.7
2026-07-21 19:18:45,25.2,64.7
2026-07-21 19:19:04,25.2,64.8
2026-07-21 19:19:25,25.2,64.8
2026-07-21 19:19:45,25.2,64.8
2026-07-21 19:20:05,25.2,64.8
2026-07-21 19:20:25,25.2,64.8
2026-07-21 19:20:45,25.2,64.7
2026-07-21 19:21:05,25.2,64.7
2026-07-21 19:21:25,25.2,64.6
2026-07-21 19:21:45,25.2,64.7
2026-07-21 19:22:05,25.2,64.6
2026-07-21 19:22:25,25.2,64.7
2026-07-21 19:22:45,25.2,64.7
2026-07-21 19:23:05,25.2,64.8
2026-07-21 19:23:25,25.2,64.8
2026-07-21 19:23:45,25.2,64.5
2026-07-21 19:24:05,25.2,64.5
2026-07-21 19:24:25,25.2,64.5
2026-07-21 19:24:45,25.2,64.4
2026-07-21 19:25:05,25.2,64.3
2026-07-21 19:25:25,25.2,64.3
2026-07-21 19:25:45,25.1,64.3
2026-07-21 19:26:05,25.1,64.4
2026-07-21 19:26:25,25.1,64.4
2026-07-21 19:26:45,25.1,64.4
2026-07-21 19:27:05,25.1,64.5
2026-07-21 19:27:25,25.1,64.4
2026-07-21 19:27:45,25.1,64.6
2026-07-21 19:28:05,25.1,64.7
2026-07-21 19:28:25,25.1,64.6
2026-07-21 19:28:45,25.1,64.6
2026-07-21 19:29:05,25.1,64.5
2026-07-21 19:29:25,25.1,64.5
2026-07-21 19:29:45,25.1,64.6
2026-07-21 19:30:05,25.1,64.6
2026-07-21 19:30:25,25.1,64.5
2026-07-21 19:30:45,25.1,64.6
2026-07-21 19:31:05,25.1,64.6
2026-07-21 19:31:25,25.1,64.6
2026-07-21 19:31:45,25.1,64.6
2026-07-21 19:32:05,25.1,64.6
2026-07-21 19:32:25,25.1,64.6
2026-07-21 19:32:45,25.1,64.5
2026-07-21 19:33:05,25.1,64.6
2026-07-21 19:33:25,25.1,64.7
2026-07-21 19:33:45,25.1,64.7
2026-07-21 19:34:05,25.1,64.7
2026-07-21 19:34:25,25.1,64.8
2026-07-21 19:34:45,25.1,64.9
2026-07-21 19:35:05,25.1,64.9
2026-07-21 19:35:25,25.1,65.1
2026-07-21 19:35:45,25.1,65.2
2026-07-21 19:36:06,25.1,65.0
2026-07-21 19:36:25,25.1,65.0
2026-07-21 19:36:46,25.1,64.9
2026-07-21 19:37:06,25.1,64.9
2026-07-21 19:37:26,25.1,64.9
2026-07-21 19:37:46,25.1,64.9
2026-07-21 19:38:06,25.1,65.0
2026-07-21 19:38:26,25.1,65.2
2026-07-21 19:38:46,25.1,65.6
2026-07-21 19:39:06,25.1,65.5
2026-07-21 19:39:26,25.1,65.5
2026-07-21 19:39:46,25.1,65.7
2026-07-21 19:40:06,25.1,65.8
2026-07-21 19:40:26,25.1,65.6
2026-07-21 19:40:46,25.1,65.6
2026-07-21 19:41:06,25.1,65.6
2026-07-21 19:41:26,25.1,65.4
2026-07-21 19:41:46,25.1,65.4
2026-07-21 19:42:06,25.1,65.4
2026-07-21 19:42:26,25.1,65.4
2026-07-21 19:42:46,25.1,65.4
2026-07-21 19:43:06,25.1,65.4
2026-07-21 19:43:26,25.1,65.3
2026-07-21 19:43:46,25.1,65.3
2026-07-21 19:44:06,25.1,65.2
2026-07-21 19:44:26,25.1,65.3
2026-07-21 19:44:46,25.1,65.2
2026-07-21 19:45:06,25.1,65.2
2026-07-21 19:45:26,25.1,65.2
2026-07-21 19:45:46,25.1,65.2
2026-07-21 19:46:06,25.0,65.1
2026-07-21 19:46:26,25.1,65.1
2026-07-21 19:46:46,25.1,65.0
2026-07-21 19:47:06,25.1,65.1
2026-07-21 19:47:26,25.1,65.0
2026-07-21 19:47:46,25.1,65.0
2026-07-21 19:48:06,25.1,65.1
2026-07-21 19:48:26,25.1,65.0
2026-07-21 19:48:46,25.0,65.0
2026-07-21 19:49:06,25.0,65.1
2026-07-21 19:49:26,25.1,65.1
2026-07-21 19:49:46,25.0,65.1
2026-07-21 19:50:06,25.1,65.0
2026-07-21 19:50:26,25.0,65.0
2026-07-21 19:50:46,25.1,65.0
2026-07-21 19:51:06,25.1,65.0
2026-07-21 19:51:26,25.0,65.1
2026-07-21 19:51:46,25.1,65.0
2026-07-21 19:52:06,25.1,65.0
2026-07-21 19:52:26,25.0,65.0
2026-07-21 19:52:46,25.0,65.0
2026-07-21 19:53:06,25.0,65.0
2026-07-21 19:53:27,25.0,65.0
2026-07-21 19:53:46,25.0,65.1
2026-07-21 19:54:07,25.0,65.1
2026-07-21 19:54:27,25.0,65.0
2026-07-21 19:54:47,25.0,65.0
2026-07-21 19:55:07,25.0,65.0
2026-07-21 19:55:27,25.0,65.0
2026-07-21 19:55:47,25.0,65.0
2026-07-21 19:56:07,25.0,65.1
2026-07-21 19:56:27,25.0,65.1
2026-07-21 19:56:47,25.0,65.1
2026-07-21 19:57:07,25.0,65.1
2026-07-21 19:57:27,25.0,65.2
2026-07-21 19:57:47,25.0,65.2
2026-07-21 19:58:07,25.0,65.3
2026-07-21 19:58:27,25.0,65.2
2026-07-21 19:58:47,25.0,65.1
2026-07-21 19:59:07,25.0,65.1
2026-07-21 19:59:27,25.0,65.1
2026-07-21 19:59:47,25.0,65.1
2026-07-21 20:00:07,24.9,65.2
2026-07-21 20:00:27,24.9,65.2
2026-07-21 20:00:47,25.0,65.2
2026-07-21 20:01:07,24.9,65.2
2026-07-21 20:01:27,25.0,65.4
2026-07-21 20:01:47,25.0,65.3
2026-07-21 20:02:07,24.9,65.4
2026-07-21 20:02:27,24.9,65.3
2026-07-21 20:02:47,24.9,65.3
2026-07-21 20:03:07,24.9,65.4
2026-07-21 20:03:27,25.0,65.3
2026-07-21 20:03:47,24.9,65.3
2026-07-21 20:04:07,24.9,65.3
2026-07-21 20:04:27,24.9,65.3
2026-07-21 20:04:47,24.9,65.4
2026-07-21 20:05:07,25.0,65.4
2026-07-21 20:05:27,24.9,65.4
2026-07-21 20:05:47,24.9,65.4
2026-07-21 20:06:07,24.9,65.4
2026-07-21 20:06:27,24.9,65.4
2026-07-21 20:06:47,24.9,65.3
2026-07-21 20:07:07,24.9,65.4
2026-07-21 20:07:27,24.9,65.4
2026-07-21 20:07:47,24.9,65.3
2026-07-21 20:08:07,24.9,65.3
2026-07-21 20:08:27,24.9,65.3
2026-07-21 20:08:47,24.9,65.2
2026-07-21 20:09:07,24.9,65.2
2026-07-21 20:09:27,24.9,65.2
2026-07-21 20:09:47,24.9,65.2
2026-07-21 20:10:07,24.9,65.2
2026-07-21 20:10:27,24.9,65.2
2026-07-21 20:10:48,24.9,65.2
2026-07-21 20:11:07,24.9,65.2
2026-07-21 20:11:28,24.9,65.0
2026-07-21 20:11:48,24.9,65.1
2026-07-21 20:12:08,24.9,65.1
2026-07-21 20:12:28,24.9,65.1
2026-07-21 20:12:48,24.9,65.1
2026-07-21 20:13:08,24.8,65.1
2026-07-21 20:13:28,24.9,65.0
2026-07-21 20:13:48,24.8,65.0
2026-07-21 20:14:08,24.8,65.0
2026-07-21 20:14:28,24.9,65.0
2026-07-21 20:14:48,24.9,65.1
2026-07-21 20:15:08,24.9,65.0
2026-07-21 20:15:28,24.9,65.0
2026-07-21 20:15:48,24.9,64.9
2026-07-21 20:16:08,24.9,64.9
2026-07-21 20:16:28,24.9,64.9
2026-07-21 20:16:48,24.8,64.8
2026-07-21 20:17:08,24.9,64.8
2026-07-21 20:17:28,24.8,64.8
2026-07-21 20:17:48,24.9,64.8
2026-07-21 20:18:08,24.8,64.8
2026-07-21 20:18:28,24.9,64.8
2026-07-21 20:18:48,24.9,64.7
2026-07-21 20:19:08,24.9,64.7
2026-07-21 20:19:28,24.8,64.7
2026-07-21 20:19:48,24.8,64.5
2026-07-21 20:20:08,24.8,64.4
2026-07-21 20:20:28,24.8,64.4
2026-07-21 20:20:48,24.8,64.3
2026-07-21 20:21:08,24.8,64.3
2026-07-21 20:21:28,24.8,64.2
2026-07-21 20:21:48,24.8,64.1
2026-07-21 20:22:08,24.8,64.1
2026-07-21 20:22:28,24.8,64.2
2026-07-21 20:22:48,24.8,64.2
2026-07-21 20:23:08,24.8,64.2
2026-07-21 20:23:28,24.8,63.9
2026-07-21 20:23:48,24.8,63.8
2026-07-21 20:24:08,24.8,63.8
2026-07-21 20:24:28,24.8,63.3
2026-07-21 20:24:48,24.8,62.9
2026-07-21 20:25:08,24.8,62.9
2026-07-21 20:25:33,24.8,62.7
2026-07-21 20:25:48,24.8,62.6
2026-07-21 20:26:08,24.8,62.7
2026-07-21 20:26:28,24.7,62.5
2026-07-21 20:26:49,24.7,62.5
2026-07-21 20:27:08,24.8,62.4
2026-07-21 20:27:28,24.7,62.2
2026-07-21 20:27:48,24.7,62.2
2026-07-21 20:28:08,24.7,62.1
2026-07-21 20:28:28,24.7,62.0
2026-07-21 20:28:48,24.7,62.1
2026-07-21 20:29:09,24.8,62.2
2026-07-21 20:29:29,24.8,61.9
2026-07-21 20:29:49,24.8,61.8
2026-07-21 20:30:09,24.8,62.0
2026-07-21 20:30:29,24.8,62.5
2026-07-21 20:30:49,24.8,62.5
2026-07-21 20:31:09,24.8,62.4
2026-07-21 20:31:29,24.8,62.1
2026-07-21 20:31:49,24.8,62.0
2026-07-21 20:32:09,24.8,61.7
2026-07-21 20:32:29,24.8,61.6
2026-07-21 20:32:49,24.8,61.3
2026-07-21 20:33:09,24.8,61.4
2026-07-21 20:33:29,24.8,61.2
2026-07-21 20:33:49,24.8,61.2
2026-07-21 20:34:09,24.8,60.9
2026-07-21 20:34:29,24.8,61.1
2026-07-21 20:34:49,24.8,60.8
2026-07-21 20:35:09,24.7,60.7
2026-07-21 20:35:29,24.7,60.8
2026-07-21 20:35:49,24.7,60.8
2026-07-21 20:36:09,24.8,60.9
2026-07-21 20:36:29,24.7,60.8
2026-07-21 20:36:49,24.7,60.5
2026-07-21 20:37:09,24.7,60.4
2026-07-21 20:37:29,24.7,60.2
2026-07-21 20:37:49,24.7,59.9
2026-07-21 20:38:09,24.7,59.7
2026-07-21 20:38:29,24.6,59.6
2026-07-21 20:38:49,24.6,59.5
2026-07-21 20:39:09,24.6,59.4
2026-07-21 20:39:29,24.6,59.5
2026-07-21 20:39:49,24.6,59.5
2026-07-21 20:40:09,24.6,59.5
2026-07-21 20:40:29,24.6,59.5
2026-07-21 20:40:49,24.6,59.3
2026-07-21 20:41:09,24.6,59.2
2026-07-21 20:41:29,24.6,59.2
2026-07-21 20:41:49,24.6,59.2
2026-07-21 20:42:09,24.6,59.3
2026-07-21 20:42:29,24.6,59.2
2026-07-21 20:42:49,24.6,59.0
2026-07-21 20:43:09,24.6,58.8
2026-07-21 20:43:29,24.6,58.9
2026-07-21 20:43:49,24.5,58.8
2026-07-21 20:44:09,24.5,58.7
2026-07-21 20:44:29,24.5,58.7
2026-07-21 20:44:49,24.6,58.7
2026-07-21 20:45:09,24.6,58.8
2026-07-21 20:45:29,24.6,58.8
2026-07-21 20:45:49,24.6,58.7
2026-07-21 20:46:09,24.5,58.8
2026-07-21 20:46:30,24.5,58.7
2026-07-21 20:46:49,24.6,58.9
2026-07-21 20:47:10,24.6,59.1
2026-07-21 20:47:30,24.6,59.0
2026-07-21 20:47:50,24.6,58.9
2026-07-21 20:48:10,24.6,59.2
2026-07-21 20:48:30,24.6,59.2
2026-07-21 20:48:50,24.6,59.2
2026-07-21 20:49:10,24.7,59.5
2026-07-21 20:49:30,24.6,59.7
2026-07-21 20:49:50,24.7,59.6
2026-07-21 20:50:10,24.7,59.5
2026-07-21 20:50:30,24.7,59.4
2026-07-21 20:50:50,24.7,59.5
2026-07-21 20:51:10,24.7,60.0
2026-07-21 20:51:30,24.7,60.0
2026-07-21 20:51:50,24.7,59.6
2026-07-21 20:52:10,24.7,59.4
2026-07-21 20:52:30,24.7,59.4
2026-07-21 20:52:50,24.7,59.5
2026-07-21 20:53:10,24.7,59.8
2026-07-21 20:53:30,24.7,59.8
2026-07-21 20:53:50,24.7,59.6
2026-07-21 20:54:10,24.7,59.5
2026-07-21 20:54:30,24.7,59.4
2026-07-21 20:54:50,24.7,59.5
2026-07-21 20:55:10,24.6,59.8
2026-07-21 20:55:30,24.6,60.1
2026-07-21 20:55:50,24.7,60.0
2026-07-21 20:56:10,24.6,60.1
2026-07-21 20:56:30,24.7,59.9
2026-07-21 20:56:50,24.7,59.8
2026-07-21 20:57:10,24.7,59.7
2026-07-21 20:57:30,24.6,59.7
2026-07-21 20:57:50,24.6,60.0
2026-07-21 20:58:10,24.7,60.0
2026-07-21 20:58:30,24.7,60.0
2026-07-21 20:58:50,24.7,59.8
2026-07-21 20:59:10,24.7,59.6
2026-07-21 20:59:30,24.6,59.8
2026-07-21 20:59:50,24.7,59.8
2026-07-21 21:00:10,24.7,59.8
2026-07-21 21:00:30,24.6,59.8
2026-07-21 21:00:50,24.7,59.7
2026-07-21 21:01:10,24.7,59.8
2026-07-21 21:01:30,24.7,59.7
2026-07-21 21:01:50,24.6,59.8
2026-07-21 21:02:10,24.7,59.9
2026-07-21 21:02:30,24.7,59.9
2026-07-21 21:02:50,24.7,60.0
2026-07-21 21:03:10,24.7,59.9
2026-07-21 21:03:30,24.7,59.8
2026-07-21 21:03:51,24.7,59.8
2026-07-21 21:04:10,24.7,59.9
2026-07-21 21:04:30,24.7,
2026-07-21 21:04:31,,60.0
2026-07-21 21:04:51,24.7,59.9
2026-07-21 21:05:11,24.7,59.8
2026-07-21 21:05:31,24.7,59.7
2026-07-21 21:05:51,24.7,59.7
2026-07-21 21:06:11,24.7,59.8
2026-07-21 21:06:31,24.7,59.8
2026-07-21 21:06:51,24.7,59.7
2026-07-21 21:07:11,24.7,59.9
2026-07-21 21:07:31,24.7,60.0
2026-07-21 21:07:51,24.7,60.0
2026-07-21 21:08:11,24.7,59.9
2026-07-21 21:08:31,24.7,60.1
2026-07-21 21:08:51,24.7,60.3
2026-07-21 21:09:11,24.7,60.6
2026-07-21 21:09:31,24.7,60.5
2026-07-21 21:09:51,24.7,60.6
2026-07-21 21:10:11,24.7,60.9
2026-07-21 21:10:31,24.7,60.7
2026-07-21 21:10:51,24.7,60.7
2026-07-21 21:11:11,24.7,60.6
2026-07-21 21:11:31,24.7,60.6
2026-07-21 21:11:51,24.6,60.8
2026-07-21 21:12:11,24.7,60.8
2026-07-21 21:12:31,24.7,60.8
2026-07-21 21:12:51,24.7,60.9
2026-07-21 21:13:11,24.7,60.7
2026-07-21 21:13:31,24.7,60.8
2026-07-21 21:13:51,24.7,60.7
2026-07-21 21:14:11,24.7,60.8
2026-07-21 21:14:31,24.7,60.8
2026-07-21 21:14:51,24.7,60.8
2026-07-21 21:15:11,24.7,60.7
2026-07-21 21:15:31,24.7,60.8
2026-07-21 21:15:51,24.7,60.9
2026-07-21 21:16:11,24.7,61.0
2026-07-21 21:16:31,24.7,60.7
2026-07-21 21:16:51,24.7,60.9
2026-07-21 21:17:11,24.7,61.1
2026-07-21 21:17:31,24.6,61.1
2026-07-21 21:17:51,24.7,61.1
2026-07-21 21:18:11,24.7,61.1
2026-07-21 21:18:31,24.7,60.9
2026-07-21 21:18:51,24.7,60.9
2026-07-21 21:19:11,24.6,60.9
2026-07-21 21:19:31,24.7,60.9
2026-07-21 21:19:51,24.7,60.9
2026-07-21 21:20:12,24.7,60.8
2026-07-21 21:20:31,24.7,60.8
2026-07-21 21:20:52,24.7,60.8
2026-07-21 21:21:12,24.7,60.8
2026-07-21 21:21:32,24.7,60.8
2026-07-21 21:21:52,24.7,60.6
2026-07-21 21:22:12,24.7,60.4
2026-07-21 21:22:32,24.7,60.3
2026-07-21 21:22:52,24.7,60.3
2026-07-21 21:23:12,24.6,60.2
2026-07-21 21:23:34,24.6,60.2
2026-07-21 21:23:52,24.6,60.2
2026-07-21 21:24:12,24.6,60.2
2026-07-21 21:24:32,24.6,60.2
2026-07-21 21:24:52,24.6,60.3
2026-07-21 21:25:12,24.6,60.4
2026-07-21 21:25:32,24.6,60.3
2026-07-21 21:25:52,24.5,60.4
2026-07-21 21:26:12,24.6,60.4
2026-07-21 21:26:32,24.6,60.3
2026-07-21 21:26:52,24.6,60.2
2026-07-21 21:27:12,24.6,60.2
2026-07-21 21:27:32,24.6,60.1
2026-07-21 21:27:52,24.6,60.3
2026-07-21 21:28:12,24.6,60.3
2026-07-21 21:28:32,24.6,60.3
2026-07-21 21:28:52,24.6,60.2
2026-07-21 21:29:12,24.6,60.2
2026-07-21 21:29:32,24.6,60.1
2026-07-21 21:29:52,24.6,60.1
2026-07-21 21:30:12,24.6,60.1
2026-07-21 21:30:32,24.6,60.2
2026-07-21 21:30:52,24.6,60.1
2026-07-21 21:31:12,24.6,60.1
2026-07-21 21:31:32,24.6,60.1
2026-07-21 21:31:52,24.5,60.1
2026-07-21 21:32:12,24.6,60.1
2026-07-21 21:32:32,24.6,60.2
2026-07-21 21:32:52,24.6,60.2
2026-07-21 21:33:12,24.6,60.1
2026-07-21 21:33:32,24.6,60.1
2026-07-21 21:33:52,24.6,60.0
2026-07-21 21:34:12,24.6,59.9
2026-07-21 21:34:32,24.6,59.9
2026-07-21 21:34:52,24.6,59.9
2026-07-21 21:35:12,24.6,
2026-07-21 21:35:13,,60.0
2026-07-21 21:35:32,24.6,60.0
2026-07-21 21:35:52,24.6,59.9
2026-07-21 21:36:12,24.6,59.9
2026-07-21 21:36:33,24.6,59.9
2026-07-21 21:36:52,24.6,60.0
2026-07-21 21:37:13,24.6,60.0
2026-07-21 21:37:33,24.6,59.8
2026-07-21 21:37:53,24.6,59.8
2026-07-21 21:38:13,24.5,59.9
2026-07-21 21:38:33,24.5,60.0
2026-07-21 21:38:53,24.6,60.0
2026-07-21 21:39:13,24.6,59.9
2026-07-21 21:39:33,24.6,59.9
2026-07-21 21:39:53,24.5,59.9
2026-07-21 21:40:13,24.5,59.8
2026-07-21 21:40:33,24.5,59.6
2026-07-21 21:40:53,24.5,59.7
2026-07-21 21:41:13,24.5,59.8
2026-07-21 21:41:33,24.5,59.8
2026-07-21 21:41:53,24.5,59.9
2026-07-21 21:42:13,24.5,59.8
2026-07-21 21:42:33,24.5,59.9
2026-07-21 21:42:53,24.5,60.0
2026-07-21 21:43:13,24.5,60.2
2026-07-21 21:43:33,24.5,60.1
2026-07-21 21:43:53,24.5,60.2
2026-07-21 21:44:13,24.5,60.3
2026-07-21 21:44:33,24.5,60.3
2026-07-21 21:44:53,24.5,60.3
2026-07-21 21:45:13,24.5,60.2
2026-07-21 21:45:33,24.5,60.4
2026-07-21 21:45:53,24.5,60.6
2026-07-21 21:46:13,24.5,60.4
2026-07-21 21:46:33,24.5,60.5
2026-07-21 21:46:53,24.5,60.5
2026-07-21 21:47:13,24.5,60.7
2026-07-21 21:47:33,24.5,60.6
2026-07-21 21:47:53,24.5,60.5
2026-07-21 21:48:13,24.5,60.5
2026-07-21 21:48:33,24.5,60.6
2026-07-21 21:48:53,24.5,60.6
2026-07-21 21:49:13,24.5,60.6
2026-07-21 21:49:33,24.6,60.6
2026-07-21 21:49:53,24.6,60.7
2026-07-21 21:50:13,24.6,60.7
2026-07-21 21:50:33,24.5,60.6
2026-07-21 21:50:53,24.5,60.7
2026-07-21 21:51:13,24.5,60.8
2026-07-21 21:51:33,24.5,60.9
2026-07-21 21:51:53,24.6,61.0
2026-07-21 21:52:13,24.6,60.9
2026-07-21 21:52:33,24.5,60.8
2026-07-21 21:52:53,24.6,
2026-07-21 21:52:54,,60.8
2026-07-21 21:53:13,24.5,60.8
2026-07-21 21:53:33,24.6,60.8
2026-07-21 21:53:53,24.5,60.9
2026-07-21 21:54:14,24.5,61.0
2026-07-21 21:54:34,24.5,61.2
2026-07-21 21:54:54,24.5,61.3
2026-07-21 21:55:14,24.5,61.2
2026-07-21 21:55:34,24.5,61.3
2026-07-21 21:55:54,24.5,61.2
2026-07-21 21:56:14,24.5,61.4
2026-07-21 21:56:34,24.5,61.5
2026-07-21 21:56:54,24.5,61.7
2026-07-21 21:57:14,24.5,61.6
2026-07-21 21:57:34,24.5,
2026-07-21 21:57:36,,61.7
2026-07-21 21:57:54,24.5,61.8
2026-07-21 21:58:14,24.5,61.8
2026-07-21 21:58:34,24.5,62.0
2026-07-21 21:58:54,24.5,62.1
2026-07-21 21:59:14,24.5,62.2
2026-07-21 21:59:34,24.5,62.4
2026-07-21 21:59:54,24.5,62.4
2026-07-21 22:00:14,24.5,62.4
2026-07-21 22:00:34,24.5,62.4
2026-07-21 22:00:54,24.5,62.4
2026-07-21 22:01:14,24.5,62.5
2026-07-21 22:01:34,24.5,62.6
2026-07-21 22:01:54,24.5,62.6
2026-07-21 22:02:14,24.5,62.6
2026-07-21 22:02:34,24.5,62.5
2026-07-21 22:02:54,24.5,62.5
2026-07-21 22:03:14,24.5,62.6
2026-07-21 22:03:34,24.6,62.6
2026-07-21 22:03:54,24.5,62.5
2026-07-21 22:04:14,24.5,62.6
2026-07-21 22:04:34,24.6,62.7
2026-07-21 22:04:54,24.5,62.8
2026-07-21 22:05:14,24.5,62.9
2026-07-21 22:05:34,24.5,63.1
2026-07-21 22:05:54,24.6,63.1
2026-07-21 22:06:14,24.5,63.2
2026-07-21 22:06:34,24.6,63.4
2026-07-21 22:06:54,24.6,63.5
2026-07-21 22:07:14,24.6,63.5
2026-07-21 22:07:34,24.6,63.5
2026-07-21 22:07:54,24.6,63.6
2026-07-21 22:08:14,24.6,63.6
2026-07-21 22:08:34,24.6,63.6
2026-07-21 22:08:54,24.6,63.5
2026-07-21 22:09:14,24.6,63.6
2026-07-21 22:09:34,24.6,63.7
2026-07-21 22:09:55,24.6,63.8
2026-07-21 22:10:15,24.6,63.8
2026-07-21 22:10:35,24.6,64.0
2026-07-21 22:10:55,24.6,64.0
2026-07-21 22:11:14,24.6,
2026-07-21 22:11:15,,64.0
2026-07-21 22:11:35,24.6,64.1
2026-07-21 22:11:55,24.6,64.2
2026-07-21 22:12:15,24.6,64.3
2026-07-21 22:12:35,24.6,64.4
2026-07-21 22:12:55,24.6,64.7
2026-07-21 22:13:15,24.6,64.8
2026-07-21 22:13:35,24.6,64.8
2026-07-21 22:13:55,24.6,64.8
2026-07-21 22:14:15,24.6,64.9
2026-07-21 22:14:35,24.6,64.9
2026-07-21 22:14:55,24.6,64.9
2026-07-21 22:15:15,24.6,65.1
2026-07-21 22:15:35,24.6,
2026-07-21 22:15:36,,65.2
2026-07-21 22:15:55,24.6,65.2
2026-07-21 22:16:15,24.5,65.3
2026-07-21 22:16:35,24.5,65.3
2026-07-21 22:16:55,24.6,65.4
2026-07-21 22:17:15,24.6,65.4
2026-07-21 22:17:35,24.5,65.5
2026-07-21 22:17:55,24.5,65.5
2026-07-21 22:18:15,24.5,65.7
2026-07-21 22:18:35,24.5,65.6
2026-07-21 22:18:55,24.5,65.8
2026-07-21 22:19:15,24.5,65.8
2026-07-21 22:19:35,24.5,65.9
2026-07-21 22:19:55,24.5,66.1
2026-07-21 22:20:15,24.5,66.1
2026-07-21 22:20:35,24.5,66.3
2026-07-21 22:20:55,24.5,66.2
2026-07-21 22:21:15,24.4,66.3
2026-07-21 22:21:35,24.4,66.3
2026-07-21 22:21:55,24.4,66.4
2026-07-21 22:22:15,24.4,66.4
2026-07-21 22:22:35,24.5,66.4
2026-07-21 22:22:55,24.5,66.5
2026-07-21 22:23:15,24.4,66.5
2026-07-21 22:23:35,24.4,66.5
2026-07-21 22:23:55,24.4,66.6
2026-07-21 22:24:15,24.4,66.5
2026-07-21 22:24:35,24.5,66.6
2026-07-21 22:24:55,24.5,66.7
2026-07-21 22:25:15,24.4,66.7
2026-07-21 22:25:35,24.4,66.6
2026-07-21 22:25:55,24.4,66.6
2026-07-21 22:26:15,24.4,66.7
2026-07-21 22:26:35,24.4,66.8
2026-07-21 22:26:55,24.4,66.8
2026-07-21 22:27:15,24.4,66.7
2026-07-21 22:27:35,24.5,66.8
2026-07-21 22:27:56,24.4,66.8
2026-07-21 22:28:15,24.4,66.8
2026-07-21 22:28:35,24.4,67.0
2026-07-21 22:28:56,24.4,66.9
2026-07-21 22:29:16,24.5,66.9
2026-07-21 22:29:36,24.4,66.9
2026-07-21 22:29:56,24.4,66.9
2026-07-21 22:30:16,24.4,66.9
2026-07-21 22:30:36,24.5,66.8
2026-07-21 22:30:56,24.5,66.8
2026-07-21 22:31:16,24.5,66.8
2026-07-21 22:31:36,24.4,66.8
2026-07-21 22:31:56,24.5,66.9
2026-07-21 22:32:16,24.5,66.9
2026-07-21 22:32:36,24.5,66.9
2026-07-21 22:32:56,24.5,66.8
2026-07-21 22:33:16,24.4,66.8
2026-07-21 22:33:36,24.5,67.0
2026-07-21 22:33:56,24.5,66.9
2026-07-21 22:34:16,24.5,67.0
2026-07-21 22:34:36,24.5,67.0
2026-07-21 22:34:56,24.4,67.0
2026-07-21 22:35:16,24.4,67.0
2026-07-21 22:35:36,24.4,66.9
2026-07-21 22:35:56,24.4,66.9
2026-07-21 22:36:16,24.4,66.9
2026-07-21 22:36:36,24.4,67.1
2026-07-21 22:36:56,24.4,67.1
2026-07-21 22:37:16,24.4,67.1
2026-07-21 22:37:36,24.4,67.1
2026-07-21 22:37:56,24.4,67.2
2026-07-21 22:38:16,24.4,67.2
2026-07-21 22:38:36,24.4,67.3
2026-07-21 22:38:56,24.4,67.2
2026-07-21 22:39:16,24.4,67.2
2026-07-21 22:39:36,24.4,67.2
2026-07-21 22:39:56,24.4,67.2
2026-07-21 22:40:16,24.4,67.2
2026-07-21 22:40:37,24.4,67.3
2026-07-21 22:40:56,24.4,67.3
2026-07-21 22:41:16,24.3,67.4
2026-07-21 22:41:36,24.4,67.3
2026-07-21 22:41:56,24.4,67.4
2026-07-21 22:42:16,24.4,67.4
2026-07-21 22:42:36,24.4,67.4
2026-07-21 22:42:56,24.4,67.4
2026-07-21 22:43:16,24.4,67.4
2026-07-21 22:43:36,24.4,67.4
2026-07-21 22:43:56,24.4,67.4
2026-07-21 22:44:16,24.4,67.5
2026-07-21 22:44:36,24.4,67.5
2026-07-21 22:44:56,24.3,67.6
2026-07-21 22:45:16,24.4,67.5
2026-07-21 22:45:37,24.4,67.5
2026-07-21 22:45:56,24.4,67.4
2026-07-21 22:46:17,24.4,67.6
2026-07-21 22:46:37,24.3,67.5
2026-07-21 22:46:57,24.3,67.6
2026-07-21 22:47:17,24.3,67.5
2026-07-21 22:47:37,24.3,67.6
2026-07-21 22:47:57,24.3,67.7
2026-07-21 22:48:17,24.2,67.7
2026-07-21 22:48:37,24.3,67.7
2026-07-21 22:48:57,24.2,67.7
2026-07-21 22:49:17,24.2,67.8
2026-07-21 22:49:37,24.2,67.8
2026-07-21 22:49:57,24.2,67.8
2026-07-21 22:50:17,24.2,67.9
2026-07-21 22:50:37,24.2,67.9
2026-07-21 22:50:57,24.2,67.9
2026-07-21 22:51:17,24.2,68.0
2026-07-21 22:51:37,24.3,68.0
2026-07-21 22:51:57,24.3,68.0
2026-07-21 22:52:17,24.2,68.0
2026-07-21 22:52:37,24.2,68.1
2026-07-21 22:52:57,24.3,68.0
2026-07-21 22:53:17,24.2,68.0
2026-07-21 22:53:37,24.2,68.1
2026-07-21 22:53:57,24.2,68.2
2026-07-21 22:54:17,24.2,68.2
2026-07-21 22:54:37,24.2,68.2
2026-07-21 22:54:57,24.2,68.2
2026-07-21 22:55:17,24.2,68.2
2026-07-21 22:55:37,24.2,68.2
2026-07-21 22:55:57,24.2,68.1
2026-07-21 22:56:17,24.2,68.0
2026-07-21 22:56:37,24.2,68.1
2026-07-21 22:56:57,24.2,68.1
2026-07-21 22:57:17,24.2,68.3
2026-07-21 22:57:37,24.2,68.3
2026-07-21 22:57:57,24.2,68.2
2026-07-21 22:58:17,24.2,68.1
2026-07-21 22:58:37,24.2,68.1
2026-07-21 22:58:57,24.2,68.2
2026-07-21 22:59:17,24.2,68.2
2026-07-21 22:59:37,24.2,68.2
2026-07-21 22:59:57,24.2,68.3
2026-07-21 23:00:17,24.2,68.3
2026-07-21 23:00:37,24.2,68.3
2026-07-21 23:00:57,24.2,68.3
2026-07-21 23:01:18,24.2,68.4
2026-07-21 23:01:37,24.2,68.4
2026-07-21 23:01:57,24.2,68.4
2026-07-21 23:02:17,24.2,68.4
2026-07-21 23:02:37,24.2,68.3
2026-07-21 23:02:58,24.2,68.5
2026-07-21 23:03:17,24.2,68.5
2026-07-21 23:03:38,24.2,68.5
2026-07-21 23:03:58,24.2,68.6
2026-07-21 23:04:18,24.1,68.5
2026-07-21 23:04:38,24.2,68.6
2026-07-21 23:04:58,24.2,68.6
2026-07-21 23:05:18,24.2,68.6
2026-07-21 23:05:38,24.2,68.7
2026-07-21 23:05:58,24.1,68.7
2026-07-21 23:06:18,24.2,68.7
2026-07-21 23:06:38,24.1,68.7
2026-07-21 23:06:58,24.1,68.7
2026-07-21 23:07:18,24.1,68.7
2026-07-21 23:07:38,24.1,68.7
2026-07-21 23:07:58,24.1,68.8
2026-07-21 23:08:18,24.1,68.8
2026-07-21 23:08:38,24.1,68.9
2026-07-21 23:08:58,24.1,68.9
2026-07-21 23:09:18,24.1,68.9
2026-07-21 23:09:38,24.1,68.9
2026-07-21 23:09:58,24.1,68.9
2026-07-21 23:10:18,24.1,69.0
2026-07-21 23:10:38,24.1,69.0
2026-07-21 23:10:58,24.1,68.9
2026-07-21 23:11:18,24.1,69.0
2026-07-21 23:11:38,24.1,69.0
2026-07-21 23:11:58,24.0,69.1
2026-07-21 23:12:18,24.0,69.1
2026-07-21 23:12:38,24.0,69.0
2026-07-21 23:12:58,24.0,69.1
2026-07-21 23:13:18,24.1,69.1
2026-07-21 23:13:38,24.1,69.4
2026-07-21 23:13:58,24.1,69.4
2026-07-21 23:14:18,24.1,69.5
2026-07-21 23:14:38,24.1,69.4
2026-07-21 23:14:58,24.1,69.4
2026-07-21 23:15:18,24.1,69.4
2026-07-21 23:15:38,24.1,69.3
2026-07-21 23:15:58,24.1,69.2
2026-07-21 23:16:18,24.1,69.2
2026-07-21 23:16:38,24.1,69.2
2026-07-21 23:16:58,24.1,69.2
2026-07-21 23:17:18,24.1,69.2
2026-07-21 23:17:38,24.1,69.1
2026-07-21 23:17:58,24.1,69.1
2026-07-21 23:18:18,24.1,69.1
2026-07-21 23:18:38,24.1,69.0
2026-07-21 23:18:58,24.1,69.1
2026-07-21 23:19:19,24.1,69.0
2026-07-21 23:19:38,24.1,69.1
2026-07-21 23:19:58,24.1,69.0
2026-07-21 23:20:18,24.1,69.0
2026-07-21 23:20:38,24.1,69.0
2026-07-21 23:20:59,24.1,69.0
2026-07-21 23:21:19,24.1,69.0
2026-07-21 23:21:39,24.1,69.0
2026-07-21 23:21:59,24.1,69.0
2026-07-21 23:22:19,24.1,69.0
2026-07-21 23:22:39,24.1,69.0
2026-07-21 23:22:59,24.1,69.1
2026-07-21 23:23:19,24.1,69.1
2026-07-21 23:23:39,24.0,69.1
2026-07-21 23:23:59,24.0,69.2
2026-07-21 23:24:19,24.1,69.1
2026-07-21 23:24:39,24.1,69.1
2026-07-21 23:24:59,24.1,69.2
2026-07-21 23:25:19,24.1,69.1
2026-07-21 23:25:39,24.0,69.2
2026-07-21 23:25:59,24.1,69.3
2026-07-21 23:26:19,24.0,69.2
2026-07-21 23:26:39,24.0,69.4
2026-07-21 23:26:59,24.0,69.5
2026-07-21 23:27:19,24.0,69.5
2026-07-21 23:27:39,24.0,69.6
2026-07-21 23:27:59,24.0,69.5
2026-07-21 23:28:19,24.0,69.4
2026-07-21 23:28:39,24.0,69.3
2026-07-21 23:28:59,24.0,69.3
2026-07-21 23:29:19,24.0,69.3
2026-07-21 23:29:39,24.0,69.4
2026-07-21 23:29:59,24.0,69.4
2026-07-21 23:30:19,24.0,69.4
2026-07-21 23:30:39,24.0,69.2
2026-07-21 23:30:59,24.0,69.2
2026-07-21 23:31:19,24.0,69.2
2026-07-21 23:31:39,24.0,69.3
2026-07-21 23:31:59,24.0,69.3
2026-07-21 23:32:19,24.0,69.3
2026-07-21 23:32:39,24.1,69.6
2026-07-21 23:32:59,24.0,69.5
2026-07-21 23:33:19,24.0,69.4
2026-07-21 23:33:39,24.0,69.5
2026-07-21 23:33:59,24.0,69.6
2026-07-21 23:34:19,24.0,69.5
2026-07-21 23:34:39,24.0,69.5
2026-07-21 23:34:59,24.0,69.4
2026-07-21 23:35:19,24.0,69.3
2026-07-21 23:35:39,24.0,69.2
2026-07-21 23:35:59,24.0,69.3
2026-07-21 23:36:20,24.0,69.4
2026-07-21 23:36:40,24.0,69.4
2026-07-21 23:36:59,24.0,69.5
2026-07-21 23:37:20,24.0,69.5
2026-07-21 23:37:40,24.0,69.5
2026-07-21 23:38:00,24.0,69.3
2026-07-21 23:38:20,24.0,69.4
2026-07-21 23:38:40,24.0,69.6
2026-07-21 23:39:00,24.0,69.5
2026-07-21 23:39:20,24.1,69.3
2026-07-21 23:39:40,24.1,69.2
2026-07-21 23:40:00,24.0,69.0
2026-07-21 23:40:20,24.0,68.9
2026-07-21 23:40:40,24.0,69.0
2026-07-21 23:41:00,24.0,69.0
2026-07-21 23:41:20,24.0,69.0
2026-07-21 23:41:40,24.0,68.8
2026-07-21 23:42:00,24.0,68.8
2026-07-21 23:42:20,24.0,68.8
2026-07-21 23:42:40,24.0,68.7
2026-07-21 23:43:00,24.1,68.7
2026-07-21 23:43:20,24.0,68.6
2026-07-21 23:43:40,24.1,68.6
2026-07-21 23:44:00,24.0,68.6
2026-07-21 23:44:20,24.1,68.7
2026-07-21 23:44:40,24.1,68.4
2026-07-21 23:45:00,24.1,68.1
2026-07-21 23:45:20,24.1,67.9
2026-07-21 23:45:41,24.1,67.7
2026-07-21 23:46:00,24.1,67.6
2026-07-21 23:46:20,24.1,67.6
2026-07-21 23:46:40,24.0,67.6
2026-07-21 23:47:00,24.0,67.5
2026-07-21 23:47:20,24.0,67.4
2026-07-21 23:47:40,24.0,67.4
2026-07-21 23:48:00,24.0,67.4
2026-07-21 23:48:20,24.0,67.5
2026-07-21 23:48:40,24.1,67.3
2026-07-21 23:49:00,24.1,67.2
2026-07-21 23:49:20,24.1,67.2
2026-07-21 23:49:40,24.1,67.2
2026-07-21 23:50:00,24.1,67.3
2026-07-21 23:50:20,24.1,67.2
2026-07-21 23:50:40,24.1,66.9
2026-07-21 23:51:00,24.1,66.8
2026-07-21 23:51:20,24.1,66.4
2026-07-21 23:51:40,24.1,66.1
2026-07-21 23:52:00,24.1,66.2
2026-07-21 23:52:20,24.1,66.2
2026-07-21 23:52:40,24.1,66.2
2026-07-21 23:53:00,24.1,66.2
2026-07-21 23:53:20,24.1,66.1
2026-07-21 23:53:40,24.1,66.0
2026-07-21 23:54:00,24.1,66.0
2026-07-21 23:54:20,24.1,66.0
2026-07-21 23:54:40,24.1,66.0
2026-07-21 23:55:00,24.1,
2026-07-21 23:55:01,,65.9
2026-07-21 23:55:21,24.1,65.9
2026-07-21 23:55:41,24.1,65.9
2026-07-21 23:56:01,24.1,65.9
2026-07-21 23:56:21,24.1,65.7
2026-07-21 23:56:41,24.1,65.7
2026-07-21 23:57:01,24.1,65.8
2026-07-21 23:57:21,24.0,65.8
2026-07-21 23:57:41,24.0,65.8
2026-07-21 23:58:01,24.1,65.9
2026-07-21 23:58:21,24.1,65.8
2026-07-21 23:58:41,24.1,65.8
2026-07-21 23:59:01,24.1,65.7
2026-07-21 23:59:21,24.1,65.6
2026-07-21 23:59:41,24.1,65.6
2026-07-22 00:00:01,24.1,65.7
2026-07-22 00:00:21,24.1,65.6
2026-07-22 00:00:41,24.0,65.4
2026-07-22 00:01:01,24.0,65.6
2026-07-22 00:01:21,24.0,65.6
2026-07-22 00:01:41,24.0,65.6
2026-07-22 00:02:01,24.0,65.7
2026-07-22 00:02:21,24.0,65.6
2026-07-22 00:02:41,24.0,65.5
2026-07-22 00:03:01,24.0,65.5
2026-07-22 00:03:21,24.0,65.5
2026-07-22 00:03:41,24.0,65.6
2026-07-22 00:04:01,24.0,65.4
2026-07-22 00:04:21,24.0,65.2
2026-07-22 00:04:41,24.0,65.1
2026-07-22 00:05:01,24.0,65.1
2026-07-22 00:05:21,24.0,65.1
2026-07-22 00:05:41,24.0,65.2
2026-07-22 00:06:01,24.0,65.1
2026-07-22 00:06:21,24.0,65.1
2026-07-22 00:06:41,24.0,65.0
2026-07-22 00:07:01,24.0,65.0
2026-07-22 00:07:21,24.0,65.1
2026-07-22 00:07:41,24.0,65.1
2026-07-22 00:08:01,24.0,65.0
2026-07-22 00:08:21,24.0,65.0
2026-07-22 00:08:41,24.0,65.0
2026-07-22 00:09:01,24.0,65.2
2026-07-22 00:09:21,24.0,65.1
2026-07-22 00:09:41,24.0,65.1
2026-07-22 00:10:01,24.0,65.0
2026-07-22 00:10:21,24.0,64.9
2026-07-22 00:10:41,24.0,64.7
2026-07-22 00:11:01,24.0,64.7
2026-07-22 00:11:21,24.0,64.8
2026-07-22 00:11:42,23.9,64.7
2026-07-22 00:12:02,23.9,64.8
2026-07-22 00:12:22,23.9,64.7
2026-07-22 00:12:42,23.9,64.9
2026-07-22 00:13:02,24.0,65.0
2026-07-22 00:13:22,24.0,64.9
2026-07-22 00:13:42,24.0,64.8
2026-07-22 00:14:02,24.0,64.4
2026-07-22 00:14:22,24.0,64.3
2026-07-22 00:14:42,24.0,64.2
2026-07-22 00:15:02,24.0,64.3
2026-07-22 00:15:22,24.0,64.3
2026-07-22 00:15:42,24.0,64.4
2026-07-22 00:16:02,23.9,64.3
2026-07-22 00:16:22,24.0,64.4
2026-07-22 00:16:42,23.9,64.3
2026-07-22 00:17:02,23.9,64.4
2026-07-22 00:17:22,23.9,64.3
2026-07-22 00:17:42,23.9,64.4
2026-07-22 00:18:02,23.9,64.4
2026-07-22 00:18:22,23.9,64.4
2026-07-22 00:18:42,23.9,64.4
2026-07-22 00:19:02,23.9,64.4
2026-07-22 00:19:22,23.9,64.4
2026-07-22 00:19:42,23.9,64.4
2026-07-22 00:20:02,23.9,64.4
2026-07-22 00:20:22,23.9,64.5
2026-07-22 00:20:42,23.9,64.5
2026-07-22 00:21:02,23.9,64.6
2026-07-22 00:21:22,23.9,64.6
2026-07-22 00:21:42,23.9,64.7
2026-07-22 00:22:02,23.9,64.6
2026-07-22 00:22:22,23.9,64.5
2026-07-22 00:22:42,23.9,64.3
2026-07-22 00:23:02,23.9,64.2
2026-07-22 00:23:22,23.9,64.2
2026-07-22 00:23:42,23.9,64.2
2026-07-22 00:24:02,23.8,64.1
2026-07-22 00:24:22,23.8,64.2
2026-07-22 00:24:42,23.8,64.2
2026-07-22 00:25:02,23.7,64.2
2026-07-22 00:25:22,23.8,64.3
2026-07-22 00:25:42,23.7,64.3
2026-07-22 00:26:02,23.7,64.3
2026-07-22 00:26:22,23.8,64.3
2026-07-22 00:26:42,23.7,64.3
2026-07-22 00:27:02,23.8,64.3
2026-07-22 00:27:22,23.8,
2026-07-22 00:27:23,,64.2
2026-07-22 00:27:43,23.8,64.2
2026-07-22 00:28:03,23.8,64.2
2026-07-22 00:28:23,23.7,64.3
2026-07-22 00:28:43,23.8,64.3
2026-07-22 00:29:03,23.8,64.3
2026-07-22 00:29:23,23.8,64.1
2026-07-22 00:29:43,23.8,64.2
2026-07-22 00:30:03,23.8,64.1
2026-07-22 00:30:23,23.8,64.1
2026-07-22 00:30:43,23.8,64.0
2026-07-22 00:31:03,23.8,64.1
2026-07-22 00:31:23,23.8,64.1
2026-07-22 00:31:43,23.8,64.0
2026-07-22 00:32:03,23.8,64.0
2026-07-22 00:32:23,23.8,63.9
2026-07-22 00:32:43,23.8,63.8
2026-07-22 00:33:03,23.8,63.8
2026-07-22 00:33:23,23.8,63.8
2026-07-22 00:33:43,23.8,63.7
2026-07-22 00:34:03,23.8,63.6
2026-07-22 00:34:23,23.8,63.6
2026-07-22 00:34:43,23.8,63.6
2026-07-22 00:35:03,23.8,63.6
2026-07-22 00:35:23,23.8,63.6
2026-07-22 00:35:43,23.7,63.7
2026-07-22 00:36:03,23.7,63.7
2026-07-22 00:36:23,23.7,63.8
2026-07-22 00:36:43,23.7,63.9
2026-07-22 00:37:03,23.7,63.9
2026-07-22 00:37:23,23.7,63.9
2026-07-22 00:37:43,23.7,64.0
2026-07-22 00:38:03,23.7,63.9
2026-07-22 00:38:23,23.7,64.0
2026-07-22 00:38:43,23.7,64.0
2026-07-22 00:39:03,23.7,64.2
2026-07-22 00:39:23,23.7,64.2
2026-07-22 00:39:43,23.7,64.2
2026-07-22 00:40:03,23.7,64.3
2026-07-22 00:40:23,23.6,64.3
2026-07-22 00:40:43,23.7,64.4
2026-07-22 00:41:03,23.6,64.5
2026-07-22 00:41:23,23.6,64.5
2026-07-22 00:41:43,23.7,64.6
2026-07-22 00:42:03,23.6,64.8
2026-07-22 00:42:23,23.7,64.7
2026-07-22 00:42:43,23.7,64.7
2026-07-22 00:43:03,23.7,64.7
2026-07-22 00:43:23,23.7,64.7
2026-07-22 00:43:44,23.7,64.8
2026-07-22 00:44:04,23.7,64.8
2026-07-22 00:44:24,23.7,64.8
2026-07-22 00:44:44,23.7,64.9
2026-07-22 00:45:04,23.7,64.8
2026-07-22 00:45:24,23.7,64.8
2026-07-22 00:45:44,23.8,64.9
2026-07-22 00:46:04,23.8,64.9
2026-07-22 00:46:24,23.8,64.8
2026-07-22 00:46:44,23.8,64.9
2026-07-22 00:47:04,23.8,64.9
2026-07-22 00:47:24,23.8,64.9
2026-07-22 00:47:44,23.9,64.9
2026-07-22 00:48:04,23.9,64.8
2026-07-22 00:48:24,23.9,64.7
2026-07-22 00:48:44,23.9,64.6
2026-07-22 00:49:04,23.8,64.7
2026-07-22 00:49:24,23.8,64.7
2026-07-22 00:49:44,23.9,64.7
2026-07-22 00:50:04,23.9,64.7
2026-07-22 00:50:24,23.8,64.7
2026-07-22 00:50:44,23.9,64.6
2026-07-22 00:51:04,23.8,64.5
2026-07-22 00:51:24,23.8,64.6
2026-07-22 00:51:44,23.8,64.7
2026-07-22 00:52:04,23.8,64.8
2026-07-22 00:52:24,23.8,64.8
2026-07-22 00:52:44,23.8,64.8
2026-07-22 00:53:04,23.8,64.7
2026-07-22 00:53:24,23.8,64.6
2026-07-22 00:53:44,23.8,64.6
2026-07-22 00:54:04,23.8,64.7
2026-07-22 00:54:24,23.8,64.6
2026-07-22 00:54:44,23.8,64.7
2026-07-22 00:55:04,23.8,64.7
2026-07-22 00:55:24,23.8,64.7
2026-07-22 00:55:44,23.8,64.7
2026-07-22 00:56:04,23.8,64.8
2026-07-22 00:56:24,23.8,64.9
2026-07-22 00:56:44,23.8,64.9
2026-07-22 00:57:04,23.8,65.0
2026-07-22 00:57:24,23.8,65.0
2026-07-22 00:57:44,23.7,65.0
2026-07-22 00:58:04,23.7,65.2
2026-07-22 00:58:24,23.7,65.3
2026-07-22 00:58:44,23.7,65.5
2026-07-22 00:59:04,23.7,65.6
2026-07-22 00:59:24,23.8,
2026-07-22 00:59:25,,65.7
2026-07-22 00:59:45,23.7,65.6
2026-07-22 01:00:05,23.7,65.6
2026-07-22 01:00:25,23.8,65.6
2026-07-22 01:00:45,23.7,65.6
2026-07-22 01:01:05,23.8,65.6
2026-07-22 01:01:25,23.7,65.7
2026-07-22 01:01:45,23.8,65.8
2026-07-22 01:02:05,23.7,65.7
2026-07-22 01:02:25,23.7,65.8
2026-07-22 01:02:45,23.7,65.8
2026-07-22 01:03:05,23.7,66.0
2026-07-22 01:03:25,23.7,66.1
2026-07-22 01:03:45,23.7,66.1
2026-07-22 01:04:05,23.7,66.2
2026-07-22 01:04:25,23.7,66.3
2026-07-22 01:04:45,23.7,66.3
2026-07-22 01:05:05,23.7,66.4
2026-07-22 01:05:25,23.7,66.6
2026-07-22 01:05:45,23.7,66.7
2026-07-22 01:06:05,23.7,66.9
2026-07-22 01:06:25,23.7,67.0
2026-07-22 01:06:45,23.7,66.9
2026-07-22 01:07:05,23.7,67.0
2026-07-22 01:07:25,23.7,66.9
2026-07-22 01:07:45,23.7,67.0
2026-07-22 01:08:05,23.7,67.1
2026-07-22 01:08:25,23.7,67.2
2026-07-22 01:08:45,23.7,67.3
2026-07-22 01:09:05,23.6,67.3
2026-07-22 01:09:25,23.6,67.5
2026-07-22 01:09:45,23.6,67.4
2026-07-22 01:10:05,23.7,67.5
2026-07-22 01:10:25,23.6,67.6
2026-07-22 01:10:45,23.7,67.6
2026-07-22 01:11:05,23.7,67.6
2026-07-22 01:11:25,23.7,67.7
2026-07-22 01:11:45,23.7,67.8
2026-07-22 01:12:05,23.7,67.9
2026-07-22 01:12:25,23.7,67.9
2026-07-22 01:12:45,23.7,67.9
2026-07-22 01:13:05,23.7,68.0
2026-07-22 01:13:25,23.7,68.0
2026-07-22 01:13:45,23.7,67.9
2026-07-22 01:14:05,23.7,67.9
2026-07-22 01:14:25,23.7,67.9
2026-07-22 01:14:45,23.7,68.1
2026-07-22 01:15:05,23.6,68.2
2026-07-22 01:15:25,23.6,68.3
2026-07-22 01:15:45,23.6,68.4
2026-07-22 01:16:05,23.6,68.5
2026-07-22 01:16:25,23.6,
2026-07-22 01:16:26,,68.6
2026-07-22 01:16:46,23.6,68.7
2026-07-22 01:17:06,23.7,68.7
2026-07-22 01:17:26,23.7,68.8
2026-07-22 01:17:46,23.7,68.8
2026-07-22 01:18:06,23.7,68.8
2026-07-22 01:18:26,23.7,68.7
2026-07-22 01:18:46,23.7,68.6
2026-07-22 01:19:06,23.7,68.6
2026-07-22 01:19:26,23.7,68.5
2026-07-22 01:19:46,23.7,68.6
2026-07-22 01:20:06,23.7,68.6
2026-07-22 01:20:26,23.7,68.7
2026-07-22 01:20:46,23.7,68.6
2026-07-22 01:21:06,23.7,68.7
2026-07-22 01:21:26,23.7,68.8
2026-07-22 01:21:46,23.7,68.9
2026-07-22 01:22:06,23.7,68.9
2026-07-22 01:22:26,23.7,68.9
2026-07-22 01:22:46,23.7,68.9
2026-07-22 01:23:06,23.7,69.0
2026-07-22 01:23:26,23.7,69.0
2026-07-22 01:23:46,23.7,69.0
2026-07-22 01:24:06,23.6,69.0
2026-07-22 01:24:26,23.7,69.0
2026-07-22 01:24:46,23.6,69.1
2026-07-22 01:25:06,23.6,69.1
2026-07-22 01:25:26,23.6,69.2
2026-07-22 01:25:46,23.6,69.2
2026-07-22 01:26:06,23.6,69.3
2026-07-22 01:26:26,23.7,69.4
2026-07-22 01:26:46,23.7,69.3
2026-07-22 01:27:06,23.7,69.3
2026-07-22 01:27:26,23.7,69.2
2026-07-22 01:27:46,23.7,69.2
2026-07-22 01:28:06,23.7,69.3
2026-07-22 01:28:26,23.6,69.3
2026-07-22 01:28:46,23.7,69.4
2026-07-22 01:29:06,23.6,69.4
2026-07-22 01:29:26,23.6,69.4
2026-07-22 01:29:46,23.6,69.4
2026-07-22 01:30:06,23.6,69.4
2026-07-22 01:30:26,23.6,69.4
2026-07-22 01:30:46,23.7,69.5
2026-07-22 01:31:06,23.6,69.4
2026-07-22 01:31:26,23.7,69.3
2026-07-22 01:31:46,23.7,69.3
2026-07-22 01:32:06,23.6,69.3
2026-07-22 01:32:26,23.6,69.4
2026-07-22 01:32:46,23.6,69.4
2026-07-22 01:33:06,23.6,69.4
2026-07-22 01:33:27,23.6,69.4
2026-07-22 01:33:47,23.6,69.4
2026-07-22 01:34:07,23.6,69.4
2026-07-22 01:34:27,23.6,69.4
2026-07-22 01:34:47,23.6,69.3
2026-07-22 01:35:07,23.6,69.3
2026-07-22 01:35:27,23.6,69.3
2026-07-22 01:35:47,23.6,69.2
2026-07-22 01:36:07,23.6,69.2
2026-07-22 01:36:27,23.6,69.2
2026-07-22 01:36:47,23.6,69.3
2026-07-22 01:37:07,23.6,69.3
2026-07-22 01:37:27,23.6,69.2
2026-07-22 01:37:47,23.6,69.1
2026-07-22 01:38:07,23.6,69.2
2026-07-22 01:38:27,23.6,69.3
2026-07-22 01:38:47,23.6,69.4
2026-07-22 01:39:07,23.6,69.4
2026-07-22 01:39:27,23.6,69.3
2026-07-22 01:39:47,23.6,69.2
2026-07-22 01:40:07,23.6,69.1
2026-07-22 01:40:27,23.6,69.1
2026-07-22 01:40:47,23.5,69.2
2026-07-22 01:41:07,23.5,69.2
2026-07-22 01:41:27,23.5,69.2
2026-07-22 01:41:47,23.6,69.1
2026-07-22 01:42:07,23.5,69.1
2026-07-22 01:42:27,23.5,69.1
2026-07-22 01:42:47,23.5,69.1
2026-07-22 01:43:07,23.5,69.1
2026-07-22 01:43:27,23.6,69.0
2026-07-22 01:43:47,23.6,69.1
2026-07-22 01:44:07,23.6,69.0
2026-07-22 01:44:27,23.6,69.0
2026-07-22 01:44:47,23.6,68.9
2026-07-22 01:45:07,23.5,69.0
2026-07-22 01:45:27,23.5,69.0
2026-07-22 01:45:47,23.5,69.0
2026-07-22 01:46:07,23.5,68.9
2026-07-22 01:46:27,23.5,69.0
2026-07-22 01:46:47,23.5,69.0
2026-07-22 01:47:07,23.5,69.0
2026-07-22 01:47:27,23.5,69.0
2026-07-22 01:47:47,23.5,69.0
2026-07-22 01:48:07,23.5,69.1
2026-07-22 01:48:27,23.5,68.9
2026-07-22 01:48:47,23.5,68.9
2026-07-22 01:49:07,23.5,68.9
2026-07-22 01:49:27,23.5,68.9
2026-07-22 01:49:47,23.5,68.9
2026-07-22 01:50:07,23.5,68.9
2026-07-22 01:50:27,23.5,68.9
2026-07-22 01:50:48,23.5,68.8
2026-07-22 01:51:08,23.5,68.7
2026-07-22 01:51:28,23.5,68.7
2026-07-22 01:51:48,23.5,68.6
2026-07-22 01:52:08,23.5,68.6
2026-07-22 01:52:28,23.4,68.5
2026-07-22 01:52:48,23.4,68.5
2026-07-22 01:53:08,23.4,68.6
2026-07-22 01:53:28,23.4,68.7
2026-07-22 01:53:48,23.5,68.7
2026-07-22 01:54:08,23.4,68.6
2026-07-22 01:54:28,23.4,68.6
2026-07-22 01:54:48,23.4,68.6
2026-07-22 01:55:08,23.4,68.7
2026-07-22 01:55:28,23.4,68.7
2026-07-22 01:55:48,23.4,68.8
2026-07-22 01:56:08,23.4,69.0
2026-07-22 01:56:28,23.4,69.0
2026-07-22 01:56:48,23.5,68.9
2026-07-22 01:57:08,23.5,68.9
2026-07-22 01:57:28,23.5,68.7
2026-07-22 01:57:48,23.5,68.4
2026-07-22 01:58:08,23.5,68.5
2026-07-22 01:58:28,23.5,68.3
2026-07-22 01:58:48,23.5,68.3
2026-07-22 01:59:08,23.5,68.4
2026-07-22 01:59:28,23.4,68.3
2026-07-22 01:59:48,23.4,68.3
2026-07-22 02:00:08,23.4,68.3
2026-07-22 02:00:28,23.4,68.4
2026-07-22 02:00:48,23.4,68.4
2026-07-22 02:01:08,23.4,68.3
2026-07-22 02:01:28,23.4,68.4
2026-07-22 02:01:48,23.4,68.4
2026-07-22 02:02:08,23.4,68.5
2026-07-22 02:02:28,23.4,68.4
2026-07-22 02:02:48,23.4,68.4
2026-07-22 02:03:08,23.5,68.4
2026-07-22 02:03:28,23.5,68.4
2026-07-22 02:03:48,23.5,68.5
2026-07-22 02:04:08,23.5,68.5
2026-07-22 02:04:28,23.5,68.5
2026-07-22 02:04:48,23.5,68.5
2026-07-22 02:05:08,23.5,68.5
2026-07-22 02:05:28,23.5,68.3
2026-07-22 02:05:48,23.5,68.4
2026-07-22 02:06:08,23.5,68.2
2026-07-22 02:06:28,23.5,68.2
2026-07-22 02:06:48,23.5,68.2
2026-07-22 02:07:08,23.5,68.2
2026-07-22 02:07:28,23.5,68.2
2026-07-22 02:07:48,23.5,
2026-07-22 02:07:49,,68.1
2026-07-22 02:08:09,23.4,68.2
2026-07-22 02:08:29,23.4,68.2
2026-07-22 02:08:49,23.4,68.2
2026-07-22 02:09:09,23.4,68.2
2026-07-22 02:09:29,23.4,68.2
2026-07-22 02:09:49,23.4,68.2
2026-07-22 02:10:09,23.4,68.2
2026-07-22 02:10:29,23.4,68.2
2026-07-22 02:10:49,23.4,68.2
2026-07-22 02:11:09,23.4,68.2
2026-07-22 02:11:29,23.4,68.1
2026-07-22 02:11:49,23.4,68.1
2026-07-22 02:12:09,23.4,68.1
2026-07-22 02:12:29,23.4,68.2
2026-07-22 02:12:49,23.4,68.2
2026-07-22 02:13:09,23.4,68.2
2026-07-22 02:13:29,23.4,68.3
2026-07-22 02:13:49,23.4,68.3
2026-07-22 02:14:09,23.4,68.2
2026-07-22 02:14:29,23.4,68.1
2026-07-22 02:14:49,23.4,68.1
2026-07-22 02:15:09,23.4,68.1
2026-07-22 02:15:29,23.4,68.1
2026-07-22 02:15:49,23.4,68.1
2026-07-22 02:16:09,23.4,68.1
2026-07-22 02:16:29,23.4,68.0
2026-07-22 02:16:49,23.4,68.0
2026-07-22 02:17:09,23.4,68.0
2026-07-22 02:17:29,23.4,67.9
2026-07-22 02:17:49,23.4,68.0
2026-07-22 02:18:09,23.4,67.9
2026-07-22 02:18:29,23.4,67.9
2026-07-22 02:18:49,23.4,67.9
2026-07-22 02:19:09,23.4,67.9
2026-07-22 02:19:29,23.4,68.0
2026-07-22 02:19:49,23.4,67.9
2026-07-22 02:20:09,23.4,67.9
2026-07-22 02:20:29,23.3,68.0
2026-07-22 02:20:49,23.4,68.0
2026-07-22 02:21:09,23.4,67.9
2026-07-22 02:21:29,23.3,67.9
2026-07-22 02:21:49,23.3,67.9
2026-07-22 02:22:09,23.3,67.8
2026-07-22 02:22:29,23.3,67.9
2026-07-22 02:22:49,23.3,67.9
2026-07-22 02:23:09,23.3,67.9
2026-07-22 02:23:29,23.4,67.9
2026-07-22 02:23:49,23.3,67.9
2026-07-22 02:24:09,23.3,
2026-07-22 02:24:10,,67.8
2026-07-22 02:24:30,23.4,67.8
2026-07-22 02:24:50,23.4,67.7
2026-07-22 02:25:10,23.4,67.7
2026-07-22 02:25:30,23.4,67.7
2026-07-22 02:25:50,23.4,67.7
2026-07-22 02:26:10,23.4,67.6
2026-07-22 02:26:30,23.4,67.6
2026-07-22 02:26:50,23.4,67.6
2026-07-22 02:27:10,23.4,67.8
2026-07-22 02:27:30,23.4,67.8
2026-07-22 02:27:50,23.4,67.8
2026-07-22 02:28:10,23.4,67.7
2026-07-22 02:28:30,23.4,67.6
2026-07-22 02:28:50,23.4,67.5
2026-07-22 02:29:10,23.4,67.5
2026-07-22 02:29:30,23.4,67.5
2026-07-22 02:29:50,23.4,67.5
2026-07-22 02:30:10,23.4,67.5
2026-07-22 02:30:30,23.4,67.6
2026-07-22 02:30:50,23.4,67.5
2026-07-22 02:31:10,23.4,67.5
2026-07-22 02:31:30,23.4,67.4
2026-07-22 02:31:50,23.4,67.6
2026-07-22 02:32:10,23.4,67.6
2026-07-22 02:32:30,23.4,67.5
2026-07-22 02:32:50,23.4,67.5
2026-07-22 02:33:10,23.4,67.5
2026-07-22 02:33:30,23.4,67.6
2026-07-22 02:33:50,23.4,67.5
2026-07-22 02:34:10,23.4,67.5
2026-07-22 02:34:30,23.3,67.5
2026-07-22 02:34:50,23.4,67.4
2026-07-22 02:35:10,23.3,67.3
2026-07-22 02:35:30,23.3,67.3
2026-07-22 02:35:50,23.3,67.2
2026-07-22 02:36:10,23.3,67.3
2026-07-22 02:36:30,23.3,67.2
2026-07-22 02:36:50,23.3,67.2
2026-07-22 02:37:10,23.2,67.1
2026-07-22 02:37:30,23.2,67.2
2026-07-22 02:37:50,23.2,67.3
2026-07-22 02:38:10,23.2,67.2
2026-07-22 02:38:30,23.2,67.2
2026-07-22 02:38:50,23.2,67.2
2026-07-22 02:39:10,23.2,67.2
2026-07-22 02:39:30,23.2,67.2
2026-07-22 02:39:51,23.2,67.2
2026-07-22 02:40:11,23.2,67.2
2026-07-22 02:40:31,23.2,67.2
2026-07-22 02:40:51,23.2,67.2
2026-07-22 02:41:11,23.2,67.2
2026-07-22 02:41:31,23.2,67.2
2026-07-22 02:41:51,23.2,67.2
2026-07-22 02:42:11,23.2,67.2
2026-07-22 02:42:31,23.2,67.3
2026-07-22 02:42:51,23.2,67.3
2026-07-22 02:43:11,23.2,67.3
2026-07-22 02:43:31,23.2,67.3
2026-07-22 02:43:51,23.2,67.3
2026-07-22 02:44:11,23.2,67.2
2026-07-22 02:44:31,23.2,67.3
2026-07-22 02:44:51,23.2,67.2
2026-07-22 02:45:11,23.2,67.2
2026-07-22 02:45:31,23.2,67.2
2026-07-22 02:45:51,23.2,67.2
2026-07-22 02:46:11,23.2,67.3
2026-07-22 02:46:31,23.2,67.4
2026-07-22 02:46:51,23.2,67.4
2026-07-22 02:47:11,23.2,67.3
2026-07-22 02:47:31,23.2,67.3
2026-07-22 02:47:51,23.2,67.3
2026-07-22 02:48:11,23.2,67.4
2026-07-22 02:48:31,23.2,67.4
2026-07-22 02:48:51,23.2,67.4
2026-07-22 02:49:11,23.2,67.5
2026-07-22 02:49:31,23.1,67.4
2026-07-22 02:49:51,23.1,67.5
2026-07-22 02:50:11,23.1,67.5
2026-07-22 02:50:31,23.1,67.6
2026-07-22 02:50:51,23.1,67.6
2026-07-22 02:51:11,23.1,67.6
2026-07-22 02:51:31,23.1,67.7
2026-07-22 02:51:51,23.1,67.7
2026-07-22 02:52:11,23.1,67.8
2026-07-22 02:52:31,23.1,67.7
2026-07-22 02:52:51,23.1,67.7
2026-07-22 02:53:11,23.1,67.8
2026-07-22 02:53:31,23.1,67.8
2026-07-22 02:53:51,23.1,67.8
2026-07-22 02:54:11,23.1,67.8
2026-07-22 02:54:31,23.1,67.9
2026-07-22 02:54:51,23.2,67.9
2026-07-22 02:55:11,23.2,67.9
2026-07-22 02:55:31,23.2,68.1
2026-07-22 02:55:51,23.2,68.2
2026-07-22 02:56:11,23.2,68.0
2026-07-22 02:56:31,23.2,68.0
2026-07-22 02:56:51,23.3,67.9
2026-07-22 02:57:12,23.3,67.8
2026-07-22 02:57:32,23.3,67.8
2026-07-22 02:57:52,23.3,67.8
2026-07-22 02:58:12,23.3,67.8
2026-07-22 02:58:32,23.3,67.8
2026-07-22 02:58:52,23.3,67.7
2026-07-22 02:59:12,23.3,67.7
2026-07-22 02:59:32,23.3,67.8
2026-07-22 02:59:52,23.3,67.7
2026-07-22 03:00:12,23.3,67.6
2026-07-22 03:00:32,23.3,67.7
2026-07-22 03:00:52,23.4,67.6
2026-07-22 03:01:12,23.3,67.6
2026-07-22 03:01:32,23.3,67.5
2026-07-22 03:01:52,23.3,67.5
2026-07-22 03:02:12,23.3,67.5
2026-07-22 03:02:32,23.3,67.5
2026-07-22 03:02:52,23.3,67.5
2026-07-22 03:03:12,23.3,67.5
2026-07-22 03:03:32,23.3,67.4
2026-07-22 03:03:52,23.3,67.4
2026-07-22 03:04:12,23.2,67.4
2026-07-22 03:04:32,23.2,67.4
2026-07-22 03:04:52,23.2,67.4
2026-07-22 03:05:12,23.2,67.4
2026-07-22 03:05:32,23.2,67.4
2026-07-22 03:05:52,23.2,67.4
2026-07-22 03:06:12,23.2,67.4
2026-07-22 03:06:32,23.2,67.4
2026-07-22 03:06:52,23.2,67.3
2026-07-22 03:07:12,23.2,67.3
2026-07-22 03:07:32,23.2,67.3
2026-07-22 03:07:52,23.2,67.2
2026-07-22 03:08:12,23.2,67.2
2026-07-22 03:08:32,23.1,67.2
2026-07-22 03:08:52,23.1,67.3
2026-07-22 03:09:12,23.1,67.2
2026-07-22 03:09:32,23.1,67.2
2026-07-22 03:09:52,23.1,67.2
2026-07-22 03:10:12,23.1,67.2
2026-07-22 03:10:32,23.1,67.1
2026-07-22 03:10:52,23.1,67.1
2026-07-22 03:11:12,23.1,67.1
2026-07-22 03:11:32,23.1,67.0
2026-07-22 03:11:52,23.1,67.0
2026-07-22 03:12:12,23.1,67.0
2026-07-22 03:12:32,23.1,67.0
2026-07-22 03:12:52,23.1,66.9
2026-07-22 03:13:12,23.1,66.9
2026-07-22 03:13:32,23.1,66.9
2026-07-22 03:13:52,23.1,66.9
2026-07-22 03:14:12,23.0,66.9
2026-07-22 03:14:33,23.1,67.0
2026-07-22 03:14:53,23.0,67.0
2026-07-22 03:15:13,23.0,67.0
2026-07-22 03:15:33,23.0,67.0
2026-07-22 03:15:53,23.0,66.9
2026-07-22 03:16:13,23.0,67.0
2026-07-22 03:16:33,23.1,67.0
2026-07-22 03:16:53,23.0,66.9
2026-07-22 03:17:13,23.0,66.9
2026-07-22 03:17:33,23.0,66.9
2026-07-22 03:17:53,23.0,66.9
2026-07-22 03:18:13,23.0,66.9
2026-07-22 03:18:33,23.0,66.9
2026-07-22 03:18:53,23.0,66.9
2026-07-22 03:19:13,23.0,66.8
2026-07-22 03:19:33,23.0,66.8
2026-07-22 03:19:53,23.0,66.8
2026-07-22 03:20:13,23.1,66.7
2026-07-22 03:20:33,23.0,66.7
2026-07-22 03:20:53,23.1,66.8
2026-07-22 03:21:13,23.0,66.9
2026-07-22 03:21:33,23.0,66.8
2026-07-22 03:21:53,23.0,66.8
2026-07-22 03:22:13,23.0,66.9
2026-07-22 03:22:33,23.0,66.8
2026-07-22 03:22:53,23.0,66.8
2026-07-22 03:23:13,23.1,66.8
2026-07-22 03:23:33,23.1,66.9
2026-07-22 03:23:53,23.1,66.9
2026-07-22 03:24:13,23.1,66.9
2026-07-22 03:24:33,23.1,67.0
2026-07-22 03:24:53,23.1,67.0
2026-07-22 03:25:13,23.1,67.0
2026-07-22 03:25:33,23.1,67.0
2026-07-22 03:25:53,23.1,67.0
2026-07-22 03:26:13,23.1,67.1
2026-07-22 03:26:33,23.1,67.0
2026-07-22 03:26:53,23.1,67.0
2026-07-22 03:27:13,23.0,67.1
2026-07-22 03:27:33,23.0,67.1
2026-07-22 03:27:53,23.0,67.1
2026-07-22 03:28:13,23.0,67.1
2026-07-22 03:28:33,23.0,67.2
2026-07-22 03:28:53,23.0,67.2
2026-07-22 03:29:13,23.0,67.2
2026-07-22 03:29:33,23.0,67.2
2026-07-22 03:29:53,23.0,67.2
2026-07-22 03:30:13,23.0,67.2
2026-07-22 03:30:33,23.1,67.3
2026-07-22 03:30:53,23.0,67.2
2026-07-22 03:31:13,23.0,67.3
2026-07-22 03:31:33,23.0,67.3
2026-07-22 03:31:53,23.0,
2026-07-22 03:31:54,,67.4
2026-07-22 03:32:14,23.0,67.4
2026-07-22 03:32:34,23.0,67.5
2026-07-22 03:32:54,23.0,67.5
2026-07-22 03:33:14,23.0,67.4
2026-07-22 03:33:34,23.0,67.6
2026-07-22 03:33:54,23.0,67.5
2026-07-22 03:34:14,23.0,67.5
2026-07-22 03:34:34,23.0,67.5
2026-07-22 03:34:54,23.0,67.6
2026-07-22 03:35:14,23.0,67.5
2026-07-22 03:35:34,23.0,67.7
2026-07-22 03:35:54,23.0,67.6
2026-07-22 03:36:14,23.0,67.6
2026-07-22 03:36:34,23.1,67.7
2026-07-22 03:36:54,23.1,67.7
2026-07-22 03:37:14,23.1,67.6
2026-07-22 03:37:34,23.1,67.6
2026-07-22 03:37:54,23.1,67.6
2026-07-22 03:38:14,23.1,67.6
2026-07-22 03:38:34,23.1,67.6
2026-07-22 03:38:54,23.1,67.5
2026-07-22 03:39:14,23.1,67.6
2026-07-22 03:39:34,23.1,67.5
2026-07-22 03:39:54,23.1,67.6
2026-07-22 03:40:14,23.1,67.5
2026-07-22 03:40:34,23.1,67.5
2026-07-22 03:40:54,23.1,67.5
2026-07-22 03:41:14,23.1,67.5
2026-07-22 03:41:34,23.0,67.5
2026-07-22 03:41:54,23.0,67.6
2026-07-22 03:42:14,23.0,67.6
2026-07-22 03:42:34,23.0,67.6
2026-07-22 03:42:54,23.0,67.5
2026-07-22 03:43:14,23.0,67.5
2026-07-22 03:43:34,23.0,67.4
2026-07-22 03:43:54,23.0,67.4
2026-07-22 03:44:14,23.0,67.5
2026-07-22 03:44:34,23.0,67.4
2026-07-22 03:44:54,23.0,67.4
2026-07-22 03:45:14,23.0,67.4
2026-07-22 03:45:34,23.0,67.3
2026-07-22 03:45:54,23.0,67.3
2026-07-22 03:46:14,23.0,67.3
2026-07-22 03:46:34,23.0,67.3
2026-07-22 03:46:54,23.0,67.2
2026-07-22 03:47:14,23.0,67.1
2026-07-22 03:47:34,23.0,67.0
2026-07-22 03:47:54,23.0,67.0
2026-07-22 03:48:14,23.1,67.0
2026-07-22 03:48:34,23.0,66.8
2026-07-22 03:48:54,23.0,66.9
2026-07-22 03:49:14,23.0,
2026-07-22 03:49:15,,66.9
2026-07-22 03:49:35,23.0,66.8
2026-07-22 03:49:55,23.0,66.7
2026-07-22 03:50:15,23.0,66.7
2026-07-22 03:50:35,23.0,66.7
2026-07-22 03:50:55,23.0,66.7
2026-07-22 03:51:15,23.0,66.9
2026-07-22 03:51:35,23.1,66.9
2026-07-22 03:51:55,23.1,66.8
2026-07-22 03:52:15,23.1,66.7
2026-07-22 03:52:35,23.1,66.7
2026-07-22 03:52:55,23.1,66.6
2026-07-22 03:53:15,23.1,66.6
2026-07-22 03:53:35,23.1,66.6
2026-07-22 03:53:55,23.1,66.6
2026-07-22 03:54:15,23.1,66.8
2026-07-22 03:54:35,23.1,66.9
2026-07-22 03:54:55,23.1,67.0
2026-07-22 03:55:15,23.2,66.9
2026-07-22 03:55:35,23.2,66.7
2026-07-22 03:55:55,23.2,66.7
2026-07-22 03:56:15,23.2,66.7
2026-07-22 03:56:35,23.3,66.7
2026-07-22 03:56:55,23.3,66.6
2026-07-22 03:57:15,23.3,66.5
2026-07-22 03:57:35,23.3,66.5
2026-07-22 03:57:55,23.3,66.6
2026-07-22 03:58:15,23.3,66.5
2026-07-22 03:58:35,23.4,66.4
2026-07-22 03:58:55,23.3,66.4
2026-07-22 03:59:15,23.3,66.4
2026-07-22 03:59:35,23.4,66.4
2026-07-22 03:59:55,23.3,66.3
2026-07-22 04:00:15,23.3,66.2
2026-07-22 04:00:35,23.3,66.2
2026-07-22 04:00:55,23.4,66.2
2026-07-22 04:01:15,23.3,66.2
2026-07-22 04:01:35,23.3,66.2
2026-07-22 04:01:55,23.3,66.2
2026-07-22 04:02:15,23.3,66.2
2026-07-22 04:02:35,23.3,66.1
2026-07-22 04:02:55,23.4,66.1
2026-07-22 04:03:15,23.3,66.0
2026-07-22 04:03:35,23.3,66.0
2026-07-22 04:03:55,23.3,66.0
2026-07-22 04:04:15,23.3,65.9
2026-07-22 04:04:35,23.3,65.8
2026-07-22 04:04:55,23.3,65.9
2026-07-22 04:05:15,23.3,65.9
2026-07-22 04:05:35,23.3,65.9
2026-07-22 04:05:55,23.3,65.9
2026-07-22 04:06:15,23.2,65.8
2026-07-22 04:06:35,23.2,65.8
2026-07-22 04:06:56,23.2,65.8
2026-07-22 04:07:16,23.2,65.8
2026-07-22 04:07:36,23.2,65.8
2026-07-22 04:07:56,23.1,65.8
2026-07-22 04:08:16,23.1,65.8
2026-07-22 04:08:36,23.1,65.7
2026-07-22 04:08:56,23.1,65.7
2026-07-22 04:09:16,23.1,65.6
2026-07-22 04:09:36,23.1,65.7
2026-07-22 04:09:56,23.1,65.6
2026-07-22 04:10:16,23.1,65.4
2026-07-22 04:10:36,23.1,65.4
2026-07-22 04:10:56,23.1,65.4
2026-07-22 04:11:16,23.1,65.5
2026-07-22 04:11:36,23.1,65.4
2026-07-22 04:11:56,23.1,65.5
2026-07-22 04:12:16,23.1,65.5
2026-07-22 04:12:36,23.1,65.5
2026-07-22 04:12:56,23.1,65.5
2026-07-22 04:13:16,23.1,65.5
2026-07-22 04:13:36,23.1,65.6
2026-07-22 04:13:56,23.1,65.6
2026-07-22 04:14:16,23.1,65.6
2026-07-22 04:14:36,23.1,65.6
2026-07-22 04:14:56,23.1,65.6
2026-07-22 04:15:16,23.1,65.5
2026-07-22 04:15:36,23.1,65.5
2026-07-22 04:15:56,23.1,65.5
2026-07-22 04:16:16,23.1,65.4
2026-07-22 04:16:36,23.1,65.3
2026-07-22 04:16:56,23.1,65.2
2026-07-22 04:17:16,23.1,65.2
2026-07-22 04:17:36,23.0,65.1
2026-07-22 04:17:56,23.0,65.1
2026-07-22 04:18:16,23.1,65.1
2026-07-22 04:18:36,23.0,65.0
2026-07-22 04:18:56,23.0,65.0
2026-07-22 04:19:16,23.0,65.0
2026-07-22 04:19:36,23.1,65.0
2026-07-22 04:19:56,23.1,65.0
2026-07-22 04:20:16,23.1,64.9
2026-07-22 04:20:36,23.1,64.9
2026-07-22 04:20:56,23.1,64.7
2026-07-22 04:21:16,23.1,64.8
2026-07-22 04:21:36,23.1,64.7
2026-07-22 04:21:56,23.1,64.7
2026-07-22 04:22:16,23.1,64.7
2026-07-22 04:22:36,23.1,64.7
2026-07-22 04:22:56,23.1,64.6
2026-07-22 04:23:16,23.1,64.6
2026-07-22 04:23:36,23.1,64.5
2026-07-22 04:23:56,23.0,64.5
2026-07-22 04:24:17,23.0,64.5
2026-07-22 04:24:37,23.0,64.5
2026-07-22 04:24:57,23.0,64.6
2026-07-22 04:25:17,23.0,64.7
2026-07-22 04:25:37,23.0,64.8
2026-07-22 04:25:57,23.0,64.8
2026-07-22 04:26:17,23.0,64.6
2026-07-22 04:26:37,23.0,64.5
2026-07-22 04:26:57,23.0,64.5
2026-07-22 04:27:17,23.0,64.4
2026-07-22 04:27:37,23.0,64.3
2026-07-22 04:27:57,23.0,64.3
2026-07-22 04:28:17,23.0,64.3
2026-07-22 04:28:37,23.0,64.1
2026-07-22 04:28:57,22.9,64.2
2026-07-22 04:29:17,23.0,64.1
2026-07-22 04:29:37,22.9,64.1
2026-07-22 04:29:57,22.9,64.1
2026-07-22 04:30:17,22.9,64.1
2026-07-22 04:30:37,22.9,64.1
2026-07-22 04:30:57,22.9,64.0
2026-07-22 04:31:17,22.9,63.9
2026-07-22 04:31:37,22.9,63.9
2026-07-22 04:31:57,22.9,63.9
2026-07-22 04:32:17,22.8,63.9
2026-07-22 04:32:37,22.8,63.8
2026-07-22 04:32:57,22.8,63.8
2026-07-22 04:33:17,22.8,63.8
2026-07-22 04:33:37,22.8,63.7
2026-07-22 04:33:57,22.8,63.7
2026-07-22 04:34:17,22.8,63.6
2026-07-22 04:34:37,22.8,63.4
2026-07-22 04:34:57,22.8,63.6
2026-07-22 04:35:17,22.7,63.6
2026-07-22 04:35:37,22.7,63.4
2026-07-22 04:35:57,22.7,63.4
2026-07-22 04:36:17,22.8,63.3
2026-07-22 04:36:37,22.7,63.3
2026-07-22 04:36:57,22.7,63.3
2026-07-22 04:37:17,22.7,63.2
2026-07-22 04:37:37,22.7,63.3
2026-07-22 04:37:57,22.7,63.2
2026-07-22 04:38:17,22.7,63.1
2026-07-22 04:38:37,22.7,63.1
2026-07-22 04:38:57,22.7,63.0
2026-07-22 04:39:17,22.7,63.0
2026-07-22 04:39:37,22.7,63.0
2026-07-22 04:39:57,22.7,63.0
2026-07-22 04:40:17,22.7,63.0
2026-07-22 04:40:37,22.7,62.9
2026-07-22 04:40:57,22.7,62.9
2026-07-22 04:41:17,22.7,62.8
2026-07-22 04:41:38,22.7,62.8
2026-07-22 04:41:58,22.7,62.7
2026-07-22 04:42:18,22.7,62.7
2026-07-22 04:42:38,22.7,62.7
2026-07-22 04:42:58,22.7,62.7
2026-07-22 04:43:18,22.7,62.7
2026-07-22 04:43:38,22.7,62.7
2026-07-22 04:43:58,22.7,62.8
2026-07-22 04:44:18,22.7,62.8
2026-07-22 04:44:38,22.7,62.7
2026-07-22 04:44:58,22.7,62.6
2026-07-22 04:45:18,22.7,62.5
2026-07-22 04:45:38,22.7,62.6
2026-07-22 04:45:58,22.7,62.5
2026-07-22 04:46:18,22.7,62.5
2026-07-22 04:46:38,22.7,62.6
2026-07-22 04:46:58,22.7,62.6
2026-07-22 04:47:18,22.7,62.6
2026-07-22 04:47:38,22.7,62.6
2026-07-22 04:47:58,22.7,62.5
2026-07-22 04:48:18,22.7,62.5
2026-07-22 04:48:38,22.7,62.6
2026-07-22 04:48:58,22.7,62.5
2026-07-22 04:49:18,22.7,62.5
2026-07-22 04:49:38,22.7,62.5
2026-07-22 04:49:58,22.7,62.6
2026-07-22 04:50:18,22.7,62.6
2026-07-22 04:50:38,22.7,62.7
2026-07-22 04:50:58,22.7,62.7
2026-07-22 04:51:18,22.7,62.7
2026-07-22 04:51:38,22.7,62.7
2026-07-22 04:51:58,22.8,62.8
2026-07-22 04:52:18,22.8,62.7
2026-07-22 04:52:38,22.8,62.8
2026-07-22 04:52:58,22.8,62.9
2026-07-22 04:53:18,22.8,62.8
2026-07-22 04:53:38,22.8,62.8
2026-07-22 04:53:58,22.8,62.8
2026-07-22 04:54:18,22.9,62.8
2026-07-22 04:54:38,22.8,62.7
2026-07-22 04:54:58,22.8,62.6
2026-07-22 04:55:18,22.8,62.7
2026-07-22 04:55:38,22.8,62.7
2026-07-22 04:55:58,22.8,62.7
2026-07-22 04:56:18,22.8,62.8
2026-07-22 04:56:38,22.8,62.9
2026-07-22 04:56:58,22.8,62.8
2026-07-22 04:57:18,22.8,62.9
2026-07-22 04:57:38,22.8,62.8
2026-07-22 04:57:58,22.9,62.8
2026-07-22 04:58:18,22.9,62.8
2026-07-22 04:58:38,22.9,62.8
2026-07-22 04:58:58,22.9,
2026-07-22 04:58:59,,62.7
2026-07-22 04:59:19,22.9,62.8
2026-07-22 04:59:39,22.9,62.7
2026-07-22 04:59:59,22.8,62.7
2026-07-22 05:00:19,22.9,62.7
2026-07-22 05:00:39,22.8,62.7
2026-07-22 05:00:59,22.9,62.7
2026-07-22 05:01:19,22.8,62.7
2026-07-22 05:01:39,22.8,62.7
2026-07-22 05:01:59,22.8,62.7
2026-07-22 05:02:19,22.8,62.7
2026-07-22 05:02:39,22.9,62.7
2026-07-22 05:02:59,22.9,62.8
2026-07-22 05:03:19,22.9,62.8
2026-07-22 05:03:39,22.8,62.8
2026-07-22 05:03:59,22.9,62.9
2026-07-22 05:04:19,22.8,62.9
2026-07-22 05:04:39,22.9,62.9
2026-07-22 05:04:59,22.9,62.9
2026-07-22 05:05:19,22.9,62.9
2026-07-22 05:05:39,22.9,63.0
2026-07-22 05:05:59,22.9,63.0
2026-07-22 05:06:19,22.9,63.0
2026-07-22 05:06:39,22.9,63.0
2026-07-22 05:06:59,22.9,63.0
2026-07-22 05:07:19,22.8,63.0
2026-07-22 05:07:39,22.9,63.1
2026-07-22 05:07:59,22.9,63.1
2026-07-22 05:08:19,22.9,63.1
2026-07-22 05:08:39,22.9,63.1
2026-07-22 05:08:59,22.9,63.1
2026-07-22 05:09:19,22.9,63.1
2026-07-22 05:09:39,22.9,63.1
2026-07-22 05:09:59,22.9,63.2
2026-07-22 05:10:19,22.9,63.1
2026-07-22 05:10:39,23.0,63.1
2026-07-22 05:10:59,22.9,63.1
2026-07-22 05:11:19,23.0,63.0
2026-07-22 05:11:39,23.0,63.0
2026-07-22 05:11:59,22.9,63.0
2026-07-22 05:12:19,22.9,63.0
2026-07-22 05:12:39,22.9,63.1
2026-07-22 05:12:59,22.9,63.1
2026-07-22 05:13:19,22.9,63.1
2026-07-22 05:13:39,22.9,63.2
2026-07-22 05:13:59,22.9,63.1
2026-07-22 05:14:19,22.9,63.1
2026-07-22 05:14:39,22.9,63.1
2026-07-22 05:14:59,23.0,63.1
2026-07-22 05:15:19,23.0,63.0
2026-07-22 05:15:40,23.0,63.0
2026-07-22 05:16:00,22.9,63.1
2026-07-22 05:16:20,22.9,63.1
2026-07-22 05:16:40,22.9,63.1
2026-07-22 05:17:00,22.9,63.1
2026-07-22 05:17:20,22.9,63.1
2026-07-22 05:17:40,22.9,63.1
2026-07-22 05:18:00,22.9,63.1
2026-07-22 05:18:20,22.9,63.0
2026-07-22 05:18:40,22.9,63.1
2026-07-22 05:19:00,22.9,63.1
2026-07-22 05:19:20,22.9,63.2
2026-07-22 05:19:40,22.9,63.1
2026-07-22 05:20:00,22.9,63.0
2026-07-22 05:20:20,22.9,63.1
2026-07-22 05:20:40,22.9,63.0
2026-07-22 05:21:00,22.9,62.9
2026-07-22 05:21:20,22.9,63.0
2026-07-22 05:21:40,22.9,62.9
2026-07-22 05:22:00,22.8,62.9
2026-07-22 05:22:20,22.8,63.0
2026-07-22 05:22:40,22.8,62.9
2026-07-22 05:23:00,22.8,63.0
2026-07-22 05:23:20,22.8,63.1
2026-07-22 05:23:40,22.8,63.1
2026-07-22 05:24:00,22.9,63.1
2026-07-22 05:24:20,22.8,63.0
2026-07-22 05:24:40,22.8,63.1
2026-07-22 05:25:00,22.8,63.1
2026-07-22 05:25:20,22.8,63.2
2026-07-22 05:25:40,22.8,63.1
2026-07-22 05:26:00,22.8,63.3
2026-07-22 05:26:20,22.8,63.2
2026-07-22 05:26:40,22.8,63.2
2026-07-22 05:27:00,22.8,63.2
2026-07-22 05:27:20,22.7,63.2
2026-07-22 05:27:40,22.8,63.2
2026-07-22 05:28:00,22.8,63.2
2026-07-22 05:28:20,22.8,63.1
2026-07-22 05:28:40,22.8,63.2
2026-07-22 05:29:00,22.7,63.2
2026-07-22 05:29:20,22.7,63.2
2026-07-22 05:29:40,22.7,63.3
2026-07-22 05:30:00,22.8,63.3
2026-07-22 05:30:20,22.7,63.3
2026-07-22 05:30:40,22.7,63.4
2026-07-22 05:31:00,22.7,63.4
2026-07-22 05:31:20,22.7,63.5
2026-07-22 05:31:40,22.7,63.5
2026-07-22 05:32:00,22.7,63.5
2026-07-22 05:32:20,22.7,63.5
2026-07-22 05:32:40,22.7,63.6
2026-07-22 05:33:01,22.7,63.6
2026-07-22 05:33:21,22.7,63.6
2026-07-22 05:33:41,22.7,63.5
2026-07-22 05:34:01,22.7,63.6
2026-07-22 05:34:21,22.7,63.6
2026-07-22 05:34:41,22.7,63.6
2026-07-22 05:35:01,22.7,63.8
2026-07-22 05:35:21,22.7,63.8
2026-07-22 05:35:41,22.7,63.7
2026-07-22 05:36:01,22.7,63.6
2026-07-22 05:36:21,22.7,63.7
2026-07-22 05:36:41,22.7,63.7
2026-07-22 05:37:01,22.7,63.7
2026-07-22 05:37:21,22.7,63.8
2026-07-22 05:37:41,22.7,63.7
2026-07-22 05:38:01,22.7,63.8
2026-07-22 05:38:21,22.7,63.9
2026-07-22 05:38:41,22.7,63.9
2026-07-22 05:39:01,22.7,63.9
2026-07-22 05:39:21,22.7,63.9
2026-07-22 05:39:41,22.7,63.9
2026-07-22 05:40:01,22.7,63.9
2026-07-22 05:40:21,22.7,63.9
2026-07-22 05:40:41,22.7,64.0
2026-07-22 05:41:01,22.7,64.0
2026-07-22 05:41:21,22.8,64.1
2026-07-22 05:41:41,22.8,64.0
2026-07-22 05:42:01,22.8,64.0
2026-07-22 05:42:21,22.8,64.1
2026-07-22 05:42:41,22.8,64.1
2026-07-22 05:43:01,22.8,64.1
2026-07-22 05:43:21,22.8,64.1
2026-07-22 05:43:41,22.8,64.1
2026-07-22 05:44:01,22.8,64.2
2026-07-22 05:44:21,22.8,64.3
2026-07-22 05:44:41,22.8,64.3
2026-07-22 05:45:01,22.8,64.3
2026-07-22 05:45:21,22.8,64.3
2026-07-22 05:45:41,22.8,64.4
2026-07-22 05:46:01,22.8,64.5
2026-07-22 05:46:21,22.8,64.5
2026-07-22 05:46:41,22.8,64.4
2026-07-22 05:47:01,22.8,64.5
2026-07-22 05:47:21,22.8,64.6
2026-07-22 05:47:41,22.8,64.6
2026-07-22 05:48:01,22.8,64.6
2026-07-22 05:48:21,22.8,64.8
2026-07-22 05:48:41,22.8,65.1
2026-07-22 05:49:01,22.8,65.2
2026-07-22 05:49:21,22.8,65.2
2026-07-22 05:49:42,22.8,65.2
2026-07-22 05:50:02,22.8,65.1
2026-07-22 05:50:22,22.8,65.3
2026-07-22 05:50:42,22.8,65.4
2026-07-22 05:51:02,22.8,65.5
2026-07-22 05:51:22,22.8,65.5
2026-07-22 05:51:42,22.8,65.6
2026-07-22 05:52:02,22.8,65.6
2026-07-22 05:52:22,22.8,65.6
2026-07-22 05:52:42,22.8,65.8
2026-07-22 05:53:02,22.8,65.9
2026-07-22 05:53:22,22.8,66.1
2026-07-22 05:53:42,22.8,66.2
2026-07-22 05:54:02,22.8,66.1
2026-07-22 05:54:22,22.7,66.1
2026-07-22 05:54:42,22.7,66.2
2026-07-22 05:55:02,22.8,66.4
2026-07-22 05:55:22,22.8,66.4
2026-07-22 05:55:42,22.8,66.4
2026-07-22 05:56:02,22.8,66.5
2026-07-22 05:56:22,22.8,66.5
2026-07-22 05:56:42,22.8,66.6
2026-07-22 05:57:02,22.8,66.6
2026-07-22 05:57:22,22.8,66.6
2026-07-22 05:57:42,22.8,66.5
2026-07-22 05:58:02,22.8,66.6
2026-07-22 05:58:22,22.8,66.6
2026-07-22 05:58:42,22.8,66.6
2026-07-22 05:59:02,22.8,66.7
2026-07-22 05:59:22,22.8,66.7
2026-07-22 05:59:42,22.8,66.7
2026-07-22 06:00:02,22.8,66.7
2026-07-22 06:00:22,22.8,66.7
2026-07-22 06:00:42,22.8,66.7
2026-07-22 06:01:02,22.8,66.8
2026-07-22 06:01:22,22.8,66.9
2026-07-22 06:01:42,22.8,66.9
2026-07-22 06:02:02,22.8,66.8
2026-07-22 06:02:22,22.8,66.8
2026-07-22 06:02:42,22.8,66.9
2026-07-22 06:03:02,22.8,66.9
2026-07-22 06:03:22,22.8,67.0
2026-07-22 06:03:42,22.9,67.0
2026-07-22 06:04:02,22.8,66.9
2026-07-22 06:04:22,22.8,66.9
2026-07-22 06:04:42,22.9,66.8
2026-07-22 06:05:02,22.8,66.9
2026-07-22 06:05:22,22.8,66.9
2026-07-22 06:05:42,22.8,67.0
2026-07-22 06:06:02,22.8,67.0
2026-07-22 06:06:22,22.8,67.0
2026-07-22 06:06:42,22.8,67.0
2026-07-22 06:07:02,22.8,
2026-07-22 06:07:03,,67.0
2026-07-22 06:07:23,22.8,67.0
2026-07-22 06:07:43,22.8,67.1
2026-07-22 06:08:03,22.8,67.1
2026-07-22 06:08:23,22.8,67.2
2026-07-22 06:08:43,22.8,67.2
2026-07-22 06:09:03,22.8,67.2
2026-07-22 06:09:36,22.8,67.3
2026-07-22 06:09:43,22.8,67.3
2026-07-22 06:10:03,22.8,67.3
2026-07-22 06:10:23,22.8,67.3
2026-07-22 06:10:43,22.8,67.4
2026-07-22 06:11:03,22.8,67.4
2026-07-22 06:11:23,22.8,67.4
2026-07-22 06:11:43,22.8,67.4
2026-07-22 06:12:03,22.9,67.4
2026-07-22 06:12:23,22.9,67.4
2026-07-22 06:12:43,22.9,67.3
2026-07-22 06:13:03,22.9,67.4
2026-07-22 06:13:23,22.9,67.4
2026-07-22 06:13:43,22.9,67.4
2026-07-22 06:14:03,22.9,67.4
2026-07-22 06:14:23,22.9,67.3
2026-07-22 06:14:43,22.9,67.3
2026-07-22 06:15:03,22.9,67.3
2026-07-22 06:15:23,22.9,67.4
2026-07-22 06:15:43,22.9,67.4
2026-07-22 06:16:03,22.9,67.5
2026-07-22 06:16:23,22.9,67.6
2026-07-22 06:16:43,22.9,67.6
2026-07-22 06:17:03,22.9,67.6
2026-07-22 06:17:23,23.0,67.6
2026-07-22 06:17:43,23.0,67.6
2026-07-22 06:18:03,22.9,67.7
2026-07-22 06:18:23,22.9,67.7
2026-07-22 06:18:43,22.9,67.6
2026-07-22 06:19:03,23.0,67.6
2026-07-22 06:19:23,23.0,67.5
2026-07-22 06:19:43,23.0,67.5
2026-07-22 06:20:03,23.0,67.6
2026-07-22 06:20:23,23.0,67.5
2026-07-22 06:20:43,23.0,67.5
2026-07-22 06:21:03,23.0,67.6
2026-07-22 06:21:23,23.0,67.6
2026-07-22 06:21:43,22.9,67.6
2026-07-22 06:22:03,22.9,67.6
2026-07-22 06:22:23,23.0,67.6
2026-07-22 06:22:43,22.9,67.7
2026-07-22 06:23:03,23.0,67.7
2026-07-22 06:23:23,23.0,67.8
2026-07-22 06:23:43,23.0,67.8
2026-07-22 06:24:03,23.0,67.8
2026-07-22 06:24:23,23.0,67.9
2026-07-22 06:24:44,23.0,67.9
2026-07-22 06:25:04,23.0,68.0
2026-07-22 06:25:24,23.0,67.9
2026-07-22 06:25:44,23.0,67.9
2026-07-22 06:26:04,23.1,67.9
2026-07-22 06:26:24,23.1,67.9
2026-07-22 06:26:44,23.1,67.8
2026-07-22 06:27:04,23.1,67.8
2026-07-22 06:27:24,23.1,67.8
2026-07-22 06:27:44,23.1,67.8
2026-07-22 06:28:04,23.1,67.9
2026-07-22 06:28:24,23.0,67.8
2026-07-22 06:28:44,23.1,67.8
2026-07-22 06:29:04,23.1,67.9
2026-07-22 06:29:24,23.1,68.0
2026-07-22 06:29:44,23.1,68.0
2026-07-22 06:30:04,23.1,68.0
2026-07-22 06:30:24,23.1,68.0
2026-07-22 06:30:44,23.1,68.1
2026-07-22 06:31:04,23.0,68.3
2026-07-22 06:31:24,23.0,68.3
2026-07-22 06:31:44,23.0,68.5
2026-07-22 06:32:04,23.0,68.7
2026-07-22 06:32:24,23.0,68.7
2026-07-22 06:32:45,23.0,68.8
2026-07-22 06:33:06,23.0,68.9
2026-07-22 06:33:24,23.0,68.9
2026-07-22 06:33:44,23.0,69.1
2026-07-22 06:34:04,23.0,69.3
2026-07-22 06:34:24,23.0,69.3
2026-07-22 06:34:44,23.0,69.5
2026-07-22 06:35:04,23.0,69.8
2026-07-22 06:35:24,22.9,70.0
2026-07-22 06:35:44,22.9,70.0
2026-07-22 06:36:04,22.9,70.2
2026-07-22 06:36:24,22.9,70.2
2026-07-22 06:36:44,22.9,
2026-07-22 06:36:45,,70.4
2026-07-22 06:37:04,22.9,70.6
2026-07-22 06:37:24,22.9,70.6
2026-07-22 06:37:44,22.9,70.7
2026-07-22 06:38:04,22.9,70.8
2026-07-22 06:38:24,22.9,70.8
2026-07-22 06:38:44,22.9,71.0
2026-07-22 06:39:04,22.9,71.2
2026-07-22 06:39:24,22.9,71.4
2026-07-22 06:39:44,22.9,71.5
2026-07-22 06:40:04,22.9,71.4
2026-07-22 06:40:24,22.9,71.5
2026-07-22 06:40:44,22.9,71.3
2026-07-22 06:41:04,22.9,71.4
2026-07-22 06:41:24,22.9,71.5
2026-07-22 06:41:44,22.9,71.3
2026-07-22 06:42:05,23.0,71.3
2026-07-22 06:42:25,23.0,71.4
2026-07-22 06:42:45,23.0,71.4
2026-07-22 06:43:05,23.0,71.4
2026-07-22 06:43:25,23.0,71.3
2026-07-22 06:43:45,23.0,71.3
2026-07-22 06:44:05,23.0,71.3
2026-07-22 06:44:25,23.0,71.4
2026-07-22 06:44:45,23.0,71.4
2026-07-22 06:45:05,23.0,71.5
2026-07-22 06:45:25,23.0,71.5
2026-07-22 06:45:45,23.0,71.4
2026-07-22 06:46:05,23.0,71.4
2026-07-22 06:46:25,23.0,71.4
2026-07-22 06:46:45,23.0,71.5
2026-07-22 06:47:05,23.0,71.4
2026-07-22 06:47:25,23.0,71.4
2026-07-22 06:47:45,23.0,71.4
2026-07-22 06:48:05,23.0,71.4
2026-07-22 06:48:25,23.0,71.4
2026-07-22 06:48:45,23.0,71.4
2026-07-22 06:49:05,23.0,71.3
2026-07-22 06:49:25,23.0,71.3
2026-07-22 06:49:45,23.1,71.2
2026-07-22 06:50:05,23.1,71.3
2026-07-22 06:50:25,23.1,71.3
2026-07-22 06:50:45,23.1,71.3
2026-07-22 06:51:05,23.1,71.4
2026-07-22 06:51:25,23.1,71.3
2026-07-22 06:51:45,23.1,71.2
2026-07-22 06:52:05,23.1,71.2
2026-07-22 06:52:25,23.1,71.2
2026-07-22 06:52:45,23.1,71.2
2026-07-22 06:53:05,23.1,71.1
2026-07-22 06:53:25,23.1,71.0
2026-07-22 06:53:45,23.2,71.1
2026-07-22 06:54:05,23.2,71.1
2026-07-22 06:54:25,23.1,71.1
2026-07-22 06:54:45,23.1,71.1
2026-07-22 06:55:05,23.1,71.1
2026-07-22 06:55:25,23.1,71.1
2026-07-22 06:55:45,23.1,71.0
2026-07-22 06:56:05,23.1,71.0
2026-07-22 06:56:25,23.1,70.9
2026-07-22 06:56:45,23.1,71.0
2026-07-22 06:57:05,23.1,70.9
2026-07-22 06:57:25,23.1,71.0
2026-07-22 06:57:45,23.1,71.0
2026-07-22 06:58:05,23.1,71.0
2026-07-22 06:58:25,23.1,71.0
2026-07-22 06:58:45,23.1,71.0
2026-07-22 06:59:05,23.1,70.9
2026-07-22 06:59:26,23.1,70.8
2026-07-22 06:59:46,23.2,70.9
2026-07-22 07:00:06,23.2,71.0
2026-07-22 07:00:26,23.2,71.0
2026-07-22 07:00:46,23.2,71.0
2026-07-22 07:01:06,23.1,71.0
2026-07-22 07:01:26,23.2,71.2
2026-07-22 07:01:46,23.2,71.2
2026-07-22 07:02:06,23.2,71.3
2026-07-22 07:02:26,23.2,71.2
2026-07-22 07:02:46,23.2,71.2
2026-07-22 07:03:06,23.2,71.3
2026-07-22 07:03:26,23.2,71.3
2026-07-22 07:03:46,23.2,71.2
2026-07-22 07:04:06,23.2,71.3
2026-07-22 07:04:26,23.1,71.4
2026-07-22 07:04:46,23.2,71.3
2026-07-22 07:05:06,23.2,71.3
2026-07-22 07:05:26,23.2,71.3
2026-07-22 07:05:46,23.2,71.3
2026-07-22 07:06:06,23.2,71.3
2026-07-22 07:06:26,23.2,71.3
2026-07-22 07:06:46,23.2,71.3
2026-07-22 07:07:06,23.2,71.5
2026-07-22 07:07:26,23.2,71.5
2026-07-22 07:07:46,23.2,71.7
2026-07-22 07:08:06,23.2,71.7
2026-07-22 07:08:26,23.2,71.8
2026-07-22 07:08:46,23.2,71.8
2026-07-22 07:09:06,23.2,71.7
2026-07-22 07:09:26,23.2,71.9
2026-07-22 07:09:46,23.2,72.0
2026-07-22 07:10:06,23.2,72.1
2026-07-22 07:10:26,23.2,72.2
2026-07-22 07:10:46,23.2,72.1
2026-07-22 07:11:06,23.2,72.1
2026-07-22 07:11:26,23.2,72.1
2026-07-22 07:11:46,23.2,72.1
2026-07-22 07:12:06,23.2,72.1
2026-07-22 07:12:26,23.2,72.2
2026-07-22 07:12:46,23.2,72.4
2026-07-22 07:13:06,23.2,72.4
2026-07-22 07:13:26,23.2,72.5
2026-07-22 07:13:46,23.2,72.5
2026-07-22 07:14:06,23.2,72.6
2026-07-22 07:14:26,23.2,72.6
2026-07-22 07:14:46,23.2,72.6
2026-07-22 07:15:06,23.2,72.7
2026-07-22 07:15:26,23.2,72.7
2026-07-22 07:15:46,23.2,72.8
2026-07-22 07:16:06,23.3,72.7
2026-07-22 07:16:26,23.3,72.8
2026-07-22 07:16:47,23.3,72.8
2026-07-22 07:17:07,23.3,72.9
2026-07-22 07:17:27,23.3,73.0
2026-07-22 07:17:47,23.3,73.0
2026-07-22 07:18:07,23.3,73.0
2026-07-22 07:18:27,23.3,73.1
2026-07-22 07:18:47,23.3,73.2
2026-07-22 07:19:07,23.2,73.2
2026-07-22 07:19:27,23.2,73.3
2026-07-22 07:19:47,23.2,73.4
2026-07-22 07:20:07,23.2,73.4
2026-07-22 07:20:27,23.2,73.5
2026-07-22 07:20:47,23.2,73.5
2026-07-22 07:21:07,23.2,73.5
2026-07-22 07:21:27,23.2,73.6
2026-07-22 07:21:47,23.2,73.6
2026-07-22 07:22:07,23.2,73.7
2026-07-22 07:22:27,23.2,73.8
2026-07-22 07:22:47,23.2,74.0
2026-07-22 07:23:07,23.2,74.0
2026-07-22 07:23:27,23.2,74.0
2026-07-22 07:23:47,23.2,74.1
2026-07-22 07:24:07,23.2,74.0
2026-07-22 07:24:27,23.2,74.0
2026-07-22 07:24:47,23.2,74.0
2026-07-22 07:25:07,23.2,74.0
2026-07-22 07:25:27,23.2,73.9
2026-07-22 07:25:47,23.2,74.0
2026-07-22 07:26:07,23.3,74.0
2026-07-22 07:26:27,23.3,74.1
2026-07-22 07:26:47,23.2,74.2
2026-07-22 07:27:07,23.3,74.1
2026-07-22 07:27:27,23.3,74.2
2026-07-22 07:27:47,23.3,74.2
2026-07-22 07:28:07,23.3,74.1
2026-07-22 07:28:27,23.3,74.1
2026-07-22 07:28:47,23.3,74.1
2026-07-22 07:29:07,23.3,74.1
2026-07-22 07:29:27,23.3,74.1
2026-07-22 07:29:47,23.3,74.2
2026-07-22 07:30:07,23.3,74.1
2026-07-22 07:30:27,23.3,74.2
2026-07-22 07:30:47,23.3,74.1
2026-07-22 07:31:07,23.3,74.2
2026-07-22 07:31:27,23.3,74.1
2026-07-22 07:31:47,23.3,74.1
2026-07-22 07:32:07,23.3,74.1
2026-07-22 07:32:27,23.3,74.1
2026-07-22 07:32:47,23.3,74.1
2026-07-22 07:33:07,23.3,74.2
2026-07-22 07:33:27,23.3,74.2
2026-07-22 07:33:47,23.3,74.2
2026-07-22 07:34:07,23.3,74.1
2026-07-22 07:34:28,23.3,74.0
2026-07-22 07:34:48,23.3,74.0
2026-07-22 07:35:08,23.3,74.0
2026-07-22 07:35:28,23.3,73.9
2026-07-22 07:35:48,23.3,74.0
2026-07-22 07:36:08,23.3,74.0
2026-07-22 07:36:28,23.3,74.0
2026-07-22 07:36:48,23.3,74.0
2026-07-22 07:37:08,23.3,74.0
2026-07-22 07:37:28,23.3,74.1
2026-07-22 07:37:48,23.3,74.1
2026-07-22 07:38:08,23.3,74.2
2026-07-22 07:38:28,23.3,74.1
2026-07-22 07:38:48,23.3,74.0
2026-07-22 07:39:08,23.4,74.0
2026-07-22 07:39:28,23.4,74.0
2026-07-22 07:39:48,23.4,74.1
2026-07-22 07:40:08,23.4,74.0
2026-07-22 07:40:28,23.4,74.1
2026-07-22 07:40:48,23.4,74.1
2026-07-22 07:41:08,23.4,74.1
2026-07-22 07:41:28,23.4,74.1
2026-07-22 07:41:48,23.4,74.1
2026-07-22 07:42:08,23.4,74.1
2026-07-22 07:42:28,23.3,74.1
2026-07-22 07:42:48,23.4,74.1
2026-07-22 07:43:08,23.4,74.1
2026-07-22 07:43:28,23.4,74.1
2026-07-22 07:43:48,23.4,74.1
2026-07-22 07:44:08,23.4,74.1
2026-07-22 07:44:28,23.4,74.0
2026-07-22 07:44:48,23.4,74.0
2026-07-22 07:45:08,23.4,73.9
2026-07-22 07:45:28,23.4,73.8
2026-07-22 07:45:48,23.5,73.8
2026-07-22 07:46:08,23.5,73.8
2026-07-22 07:46:28,23.5,73.7
2026-07-22 07:46:48,23.5,73.7
2026-07-22 07:47:08,23.5,73.7
2026-07-22 07:47:28,23.5,73.7
2026-07-22 07:47:48,23.5,73.8
2026-07-22 07:48:08,23.5,73.8
2026-07-22 07:48:28,23.5,73.8
2026-07-22 07:48:48,23.5,73.9
2026-07-22 07:49:08,23.6,73.9
2026-07-22 07:49:28,23.6,73.9
2026-07-22 07:49:48,23.6,73.9
2026-07-22 08:03:09,23.6,74.9
2026-07-22 08:03:29,23.6,75.0
2026-07-22 08:03:49,23.6,75.0
2026-07-22 08:04:49,23.6,75.1
2026-07-22 08:05:09,23.6,75.1
2026-07-22 08:05:29,23.6,75.1
2026-07-22 08:05:49,23.6,75.2
2026-07-22 08:06:09,23.6,75.1
2026-07-22 08:06:30,23.6,75.1
2026-07-22 08:07:02,23.6,75.1
2026-07-22 08:07:09,23.6,75.2
2026-07-22 08:07:29,23.6,75.2
2026-07-22 08:07:50,23.6,75.3
2026-07-22 08:08:10,23.6,75.3
2026-07-22 08:08:30,23.6,75.2
2026-07-22 08:08:50,23.6,75.3
2026-07-22 08:09:10,23.6,75.2
2026-07-22 08:09:30,23.6,75.2
2026-07-22 08:09:50,23.6,75.1
2026-07-22 08:10:10,23.6,75.1
2026-07-22 08:10:30,23.6,75.1
2026-07-22 08:10:50,23.6,75.0
2026-07-22 08:11:10,23.6,75.0
2026-07-22 08:11:30,23.6,75.0
2026-07-22 08:11:50,23.6,75.0
2026-07-22 08:12:10,23.6,75.1
2026-07-22 08:12:30,23.6,75.1
2026-07-22 08:12:50,23.6,75.1
2026-07-22 08:13:10,23.6,75.0
2026-07-22 08:13:30,23.6,75.0
2026-07-22 08:13:50,23.7,75.0
2026-07-22 08:14:10,23.7,75.0
2026-07-22 08:14:30,23.7,75.0
2026-07-22 08:14:50,23.7,75.0
2026-07-22 08:15:10,23.7,75.0
2026-07-22 08:15:30,23.7,75.0
2026-07-22 08:15:50,23.6,75.0
2026-07-22 08:16:10,23.7,75.0
2026-07-22 08:16:30,23.7,75.1
2026-07-22 08:16:50,23.7,75.0
2026-07-22 08:17:10,23.7,75.0
2026-07-22 08:17:30,23.7,75.1
2026-07-22 08:17:50,23.7,75.1
2026-07-22 08:18:10,23.7,75.2
2026-07-22 08:18:30,23.7,75.2
2026-07-22 08:18:50,23.7,75.2
2026-07-22 08:19:10,23.7,75.1
2026-07-22 08:19:30,23.7,75.1
2026-07-22 08:19:50,23.7,75.1
2026-07-22 08:20:10,23.7,75.1
2026-07-22 08:20:30,23.7,75.2
2026-07-22 08:20:50,23.7,75.2
2026-07-22 08:21:10,23.7,75.2
2026-07-22 08:21:30,23.7,75.2
2026-07-22 08:21:50,23.7,75.4
2026-07-22 08:22:10,23.7,75.4
2026-07-22 08:22:30,23.7,75.4
2026-07-22 08:22:50,23.7,75.5
2026-07-22 08:23:11,23.7,75.5
2026-07-22 08:23:30,23.7,75.5
2026-07-22 08:23:50,23.7,75.5
2026-07-22 08:24:11,23.7,75.6
2026-07-22 08:24:30,23.7,75.6
2026-07-22 08:24:51,23.7,75.7
2026-07-22 08:25:11,23.7,75.7
2026-07-22 08:25:31,23.7,75.7
2026-07-22 08:25:51,23.8,75.8
2026-07-22 08:26:11,23.8,75.8
2026-07-22 08:26:31,23.8,75.9
2026-07-22 08:26:51,23.8,75.9
2026-07-22 08:27:11,23.8,75.9
2026-07-22 08:27:31,23.8,75.9
2026-07-22 08:27:51,23.8,75.8
2026-07-22 08:28:11,23.8,75.9
2026-07-22 08:28:31,23.8,76.0
2026-07-22 08:28:51,23.8,76.1
2026-07-22 08:29:11,23.8,76.2
2026-07-22 08:29:31,23.8,76.2
2026-07-22 08:29:51,23.8,76.2
2026-07-22 08:30:11,23.9,76.2
2026-07-22 08:30:31,23.9,76.2
2026-07-22 08:30:51,23.8,76.2
2026-07-22 08:31:11,23.8,76.3
2026-07-22 08:31:31,23.8,76.2
2026-07-22 08:31:51,23.8,76.2
2026-07-22 08:32:11,23.8,76.3
2026-07-22 08:32:31,23.8,76.3
2026-07-22 08:32:51,23.8,76.3
2026-07-22 08:33:11,23.8,76.3
2026-07-22 08:33:31,23.8,76.3
2026-07-22 08:33:51,23.8,76.2
2026-07-22 08:34:11,23.8,76.2
2026-07-22 08:34:31,23.8,76.2
2026-07-22 08:34:51,23.8,76.3
2026-07-22 08:35:11,23.8,76.2
2026-07-22 08:35:31,23.8,76.3
2026-07-22 08:35:51,23.8,76.3
2026-07-22 08:36:11,23.9,76.2
2026-07-22 08:36:31,23.9,76.1
2026-07-22 08:36:51,23.9,76.1
2026-07-22 08:37:11,23.9,75.9
2026-07-22 08:37:31,23.9,75.8
2026-07-22 08:37:51,23.9,75.7
2026-07-22 08:38:11,23.9,75.6
2026-07-22 08:38:31,23.9,75.6
2026-07-22 08:38:52,23.9,75.6
2026-07-22 08:39:11,23.9,75.5
2026-07-22 08:39:33,23.9,75.4
2026-07-22 08:39:51,23.9,75.2
2026-07-22 08:40:11,23.9,75.2
2026-07-22 08:40:31,23.9,75.2
2026-07-22 08:40:51,23.9,
2026-07-22 08:40:52,,75.1
2026-07-22 08:41:11,23.9,
2026-07-22 08:41:12,,75.1
2026-07-22 08:41:31,23.9,75.0
2026-07-22 08:41:51,23.9,74.9
2026-07-22 08:42:12,23.9,74.8
2026-07-22 08:42:31,23.9,
2026-07-22 08:42:32,,74.8
2026-07-22 08:42:52,23.9,74.7
2026-07-22 08:43:12,23.9,74.7
2026-07-22 08:43:32,23.9,74.6
2026-07-22 08:43:52,23.9,74.6
2026-07-22 08:44:12,23.9,74.6
2026-07-22 08:44:32,23.9,74.6
2026-07-22 08:44:52,23.9,74.6
2026-07-22 08:45:12,24.0,74.6
2026-07-22 08:45:32,24.0,74.6
2026-07-22 08:45:52,24.0,74.5
2026-07-22 08:46:12,24.0,74.5
2026-07-22 08:46:32,24.0,74.5
2026-07-22 08:46:52,24.0,74.3
2026-07-22 08:47:12,24.0,74.2
2026-07-22 08:47:32,24.0,74.2
2026-07-22 08:47:52,24.0,74.1
2026-07-22 08:48:12,24.0,74.1
2026-07-22 08:48:32,24.0,74.1
2026-07-22 08:48:52,24.0,74.2
2026-07-22 08:49:12,24.0,74.1
2026-07-22 08:49:32,24.0,74.1
2026-07-22 08:49:52,24.0,74.1
2026-07-22 08:50:12,24.0,74.0
2026-07-22 08:50:32,24.0,73.9
2026-07-22 08:50:52,24.0,73.9
2026-07-22 08:51:12,24.0,73.9
2026-07-22 08:51:32,24.0,73.8
2026-07-22 08:51:52,24.1,73.9
2026-07-22 08:52:12,24.0,73.9
2026-07-22 08:52:32,24.1,73.9
2026-07-22 08:52:52,24.0,73.9
2026-07-22 08:53:12,24.0,73.8
2026-07-22 08:53:32,24.0,73.9
2026-07-22 08:53:52,24.0,74.0
2026-07-22 08:54:12,24.1,74.0
2026-07-22 08:54:32,24.0,74.0
2026-07-22 08:54:52,24.1,74.0
2026-07-22 08:55:12,24.1,74.1
2026-07-22 08:55:32,24.1,74.1
2026-07-22 08:55:52,24.1,74.1
2026-07-22 08:56:12,24.2,74.0
2026-07-22 08:56:32,24.2,73.9
2026-07-22 08:56:52,24.2,74.0
2026-07-22 08:57:12,24.2,73.8
2026-07-22 08:57:32,24.2,73.7
2026-07-22 08:57:52,24.3,73.7
2026-07-22 08:58:12,24.2,73.7
2026-07-22 08:58:32,24.3,73.7
2026-07-22 08:58:53,24.3,73.7
2026-07-22 08:59:12,24.3,73.6
2026-07-22 08:59:33,24.3,73.6
2026-07-22 08:59:52,24.3,73.6
2026-07-22 09:00:13,24.3,73.7
2026-07-22 09:00:33,24.2,73.7
2026-07-22 09:00:53,24.2,73.7
2026-07-22 09:01:13,24.2,73.8
2026-07-22 09:01:33,24.3,73.8
2026-07-22 09:01:53,24.2,73.9
2026-07-22 09:02:13,24.2,74.1
2026-07-22 09:02:33,24.3,74.2
2026-07-22 09:02:53,24.3,74.2
2026-07-22 09:03:13,24.3,74.2
2026-07-22 09:03:33,24.3,74.2
2026-07-22 09:03:53,24.3,74.1
2026-07-22 09:04:13,24.3,74.1
2026-07-22 09:04:33,24.3,74.1
2026-07-22 09:04:53,24.3,74.0
2026-07-22 09:05:13,24.3,74.1
2026-07-22 09:05:33,24.3,74.0
2026-07-22 09:05:53,24.3,74.0
2026-07-22 09:06:13,24.3,74.0
2026-07-22 09:06:33,24.3,74.1
2026-07-22 09:06:53,24.3,74.2
2026-07-22 09:07:13,24.3,74.3
2026-07-22 09:07:33,24.3,74.4
2026-07-22 09:07:53,24.3,74.4
2026-07-22 09:08:13,24.3,74.4
2026-07-22 09:08:33,24.3,74.3
2026-07-22 09:08:53,24.3,74.2
2026-07-22 09:09:13,24.3,74.1
2026-07-22 09:09:33,24.3,74.0
2026-07-22 09:09:53,24.3,74.0
2026-07-22 09:10:13,24.3,74.0
2026-07-22 09:10:33,24.3,73.9
2026-07-22 09:10:53,24.3,73.8
2026-07-22 09:11:13,24.3,73.7
2026-07-22 09:11:33,24.3,73.7
2026-07-22 09:11:53,24.3,73.6
2026-07-22 09:12:13,24.2,73.7
2026-07-22 09:12:33,24.2,73.8
2026-07-22 09:12:53,24.3,73.8
2026-07-22 09:13:13,24.2,73.7
2026-07-22 09:13:33,24.3,73.7
2026-07-22 09:13:53,24.3,73.7
2026-07-22 09:14:13,24.3,73.8
2026-07-22 09:14:33,24.3,73.8
2026-07-22 09:14:53,24.3,73.7
2026-07-22 09:15:13,24.3,73.7
2026-07-22 09:15:33,24.3,73.7
2026-07-22 09:15:53,24.3,73.7
2026-07-22 09:16:13,24.3,73.7
2026-07-22 09:16:33,24.3,73.6
2026-07-22 09:16:53,24.3,
2026-07-22 09:16:54,,73.6
2026-07-22 09:17:14,24.3,73.6
2026-07-22 09:17:34,24.3,73.6
2026-07-22 09:17:54,24.3,73.6
2026-07-22 09:18:14,24.3,73.6
2026-07-22 09:18:34,24.3,73.6
2026-07-22 09:18:54,24.3,73.5
2026-07-22 09:19:14,24.3,73.5
2026-07-22 09:19:34,24.3,73.4
2026-07-22 09:19:54,24.3,73.4
2026-07-22 09:20:14,24.2,73.4
2026-07-22 09:20:34,24.2,73.4
2026-07-22 09:20:54,24.2,73.3
2026-07-22 09:21:14,24.2,73.2
2026-07-22 09:21:34,24.2,73.2
2026-07-22 09:21:54,24.2,73.2
2026-07-22 09:22:14,24.2,73.1
2026-07-22 09:22:34,24.2,73.1
2026-07-22 09:22:54,24.2,73.1
2026-07-22 09:23:14,24.2,73.1
2026-07-22 09:23:34,24.2,73.1
2026-07-22 09:23:54,24.2,73.0
2026-07-22 09:24:14,24.3,73.0
2026-07-22 09:24:34,24.3,73.0
2026-07-22 09:24:54,24.3,73.0
2026-07-22 09:25:14,24.3,72.9
2026-07-22 09:25:34,24.3,72.9
2026-07-22 09:25:54,24.3,72.8
2026-07-22 09:26:14,24.3,72.8
2026-07-22 09:26:34,24.3,72.9
2026-07-22 09:26:54,24.3,72.8
2026-07-22 09:27:14,24.3,72.8
2026-07-22 09:27:34,24.3,72.9
2026-07-22 09:27:54,24.3,72.9
2026-07-22 09:28:14,24.3,72.9
2026-07-22 09:28:34,24.3,72.9
2026-07-22 09:28:54,24.4,72.9
2026-07-22 09:29:14,24.3,73.0
2026-07-22 09:29:34,24.4,73.1
2026-07-22 09:29:54,24.4,73.1
2026-07-22 09:30:14,24.4,73.0
2026-07-22 09:30:34,24.4,73.0
2026-07-22 09:30:54,24.4,73.0
2026-07-22 09:31:14,24.5,72.9
2026-07-22 09:31:34,24.4,72.9
2026-07-22 09:31:54,24.5,72.9
2026-07-22 09:32:14,24.5,72.9
2026-07-22 09:32:34,24.5,72.8
2026-07-22 09:32:55,24.5,72.7
2026-07-22 09:33:14,24.5,72.7
2026-07-22 09:33:35,24.6,72.7
2026-07-22 09:33:55,24.6,72.8
2026-07-22 09:34:15,24.6,72.7
2026-07-22 09:34:35,24.6,72.8
2026-07-22 09:34:55,24.6,72.7
2026-07-22 09:35:15,24.6,72.7
2026-07-22 09:35:35,24.6,72.8
2026-07-22 09:35:55,24.6,72.8
2026-07-22 09:36:15,24.6,72.7
2026-07-22 09:36:35,24.6,72.7
2026-07-22 09:36:55,24.6,72.7
2026-07-22 09:37:15,24.6,72.7
2026-07-22 09:37:35,24.6,72.7
2026-07-22 09:37:55,24.6,72.7
2026-07-22 09:38:15,24.6,72.8
2026-07-22 09:38:35,24.6,72.8
2026-07-22 09:38:57,24.6,72.7
2026-07-22 09:39:15,24.6,72.7
2026-07-22 09:39:35,24.6,72.7
2026-07-22 09:39:55,24.6,72.6
2026-07-22 09:40:15,24.6,72.6
2026-07-22 09:40:35,24.6,72.5
2026-07-22 09:40:55,24.6,72.5
2026-07-22 09:41:15,24.6,72.5
2026-07-22 09:41:35,24.6,72.5
2026-07-22 09:41:55,24.6,72.5
2026-07-22 09:42:15,24.6,72.5
2026-07-22 09:42:35,24.6,72.6
2026-07-22 09:42:55,24.6,72.6
2026-07-22 09:43:15,24.6,72.5
2026-07-22 09:43:35,24.6,72.5
2026-07-22 09:43:55,24.6,72.5
2026-07-22 09:44:15,24.6,72.5
2026-07-22 09:44:35,24.7,72.4
2026-07-22 09:44:55,24.7,72.4
2026-07-22 09:45:15,24.7,72.3
2026-07-22 09:45:35,24.7,72.3
2026-07-22 09:45:55,24.7,72.2
2026-07-22 09:46:15,24.7,72.2
2026-07-22 09:46:35,24.7,72.1
2026-07-22 09:46:55,24.7,72.1
2026-07-22 09:47:15,24.7,72.1
2026-07-22 09:47:36,24.6,72.1
2026-07-22 09:47:55,24.7,72.2
2026-07-22 09:48:15,24.6,72.2
2026-07-22 09:48:35,24.6,72.3
2026-07-22 09:48:56,24.6,72.2
2026-07-22 09:49:15,24.6,72.4
2026-07-22 09:49:36,24.6,72.3
2026-07-22 09:49:56,24.6,72.4
2026-07-22 09:50:16,24.6,72.5
2026-07-22 09:50:36,24.6,72.5
2026-07-22 09:50:56,24.7,72.6
2026-07-22 09:51:16,24.7,72.6
2026-07-22 09:51:36,24.7,72.5
2026-07-22 09:51:56,24.7,72.6
2026-07-22 09:52:16,24.7,72.7
2026-07-22 09:52:36,24.7,72.6
2026-07-22 09:52:56,24.7,72.7
2026-07-22 09:53:16,24.7,72.7
2026-07-22 09:53:36,24.7,72.7
2026-07-22 09:53:56,24.8,72.7
2026-07-22 09:54:16,24.8,72.6
2026-07-22 09:54:36,24.8,72.7
2026-07-22 09:54:56,24.8,72.7
2026-07-22 09:55:16,24.8,72.8
2026-07-22 09:55:36,24.8,72.6
2026-07-22 09:55:56,24.8,72.4
2026-07-22 09:56:16,24.8,72.2
2026-07-22 09:56:36,24.8,72.1
2026-07-22 09:56:56,24.8,72.2
2026-07-22 09:57:16,24.8,72.1
2026-07-22 09:57:36,24.8,72.1
2026-07-22 09:57:56,24.8,72.1
2026-07-22 09:58:16,24.8,72.2
2026-07-22 09:58:37,24.8,72.1
2026-07-22 09:58:56,24.8,72.3
2026-07-22 09:59:16,24.8,72.2
2026-07-22 09:59:36,24.8,72.2
2026-07-22 09:59:56,24.8,72.2
2026-07-22 10:00:16,24.8,72.2
2026-07-22 10:00:36,24.8,72.3
2026-07-22 10:00:56,24.9,72.2
2026-07-22 10:01:16,24.9,72.2
2026-07-22 10:01:36,24.9,72.1
2026-07-22 10:01:56,24.9,72.0
2026-07-22 10:02:16,24.9,72.0
2026-07-22 10:02:36,24.9,71.9
2026-07-22 10:02:56,24.9,71.9
2026-07-22 10:03:16,24.9,71.9
2026-07-22 10:03:36,24.9,72.0
2026-07-22 10:03:56,24.9,72.0
2026-07-22 10:04:17,24.9,72.2
2026-07-22 10:04:36,24.9,72.4
2026-07-22 10:04:57,25.0,72.4
2026-07-22 10:05:16,25.1,72.2
2026-07-22 10:05:36,25.1,71.8
2026-07-22 10:05:56,25.1,71.5
2026-07-22 10:06:17,25.1,71.4
2026-07-22 10:06:36,25.0,
2026-07-22 10:06:37,,71.4
2026-07-22 10:06:57,25.0,71.4
2026-07-22 10:07:17,25.0,71.4
2026-07-22 10:07:37,25.0,71.4
2026-07-22 10:07:57,25.0,71.5
2026-07-22 10:08:17,25.0,71.5
2026-07-22 10:08:37,25.0,71.2
2026-07-22 10:08:57,25.0,70.9
2026-07-22 10:09:17,25.0,70.6
2026-07-22 10:09:37,25.0,70.4
2026-07-22 10:09:57,25.0,70.4
2026-07-22 10:10:17,25.0,70.4
2026-07-22 10:10:37,25.0,70.4
2026-07-22 10:10:57,25.1,70.4
2026-07-22 10:11:17,25.1,70.4
2026-07-22 10:11:37,25.2,70.2
2026-07-22 10:11:57,25.2,70.1
2026-07-22 10:12:17,25.3,70.1
2026-07-22 10:12:37,25.4,70.0
2026-07-22 10:12:57,25.4,69.9
2026-07-22 10:13:17,25.4,69.9
2026-07-22 10:13:37,25.5,69.7
2026-07-22 10:13:57,25.5,69.6
2026-07-22 10:14:17,25.5,69.5
2026-07-22 10:14:37,25.5,69.6
2026-07-22 10:14:57,25.4,69.6
2026-07-22 10:15:17,25.4,69.6
2026-07-22 10:15:37,25.4,69.5
2026-07-22 10:15:57,25.3,69.6
2026-07-22 10:16:17,25.3,69.6
2026-07-22 10:16:37,25.3,69.6
2026-07-22 10:16:57,25.2,69.6
2026-07-22 10:17:17,25.2,69.8
2026-07-22 10:17:37,25.2,69.8
2026-07-22 10:17:57,25.2,69.9
2026-07-22 10:18:17,25.2,70.0
2026-07-22 10:18:37,25.2,70.0
2026-07-22 10:18:57,25.3,70.1
2026-07-22 10:19:17,25.3,70.1
2026-07-22 10:19:37,25.4,69.9
2026-07-22 10:19:58,25.5,69.8
2026-07-22 10:20:17,25.5,69.6
2026-07-22 10:20:37,25.5,69.5
2026-07-22 10:20:57,25.5,69.4
2026-07-22 10:21:17,25.6,69.4
2026-07-22 10:21:38,25.6,69.4
2026-07-22 10:21:57,25.6,69.2
2026-07-22 10:22:18,25.7,69.1
2026-07-22 10:22:37,25.7,69.1
2026-07-22 10:22:57,25.7,68.9
2026-07-22 10:23:17,25.7,68.9
2026-07-22 10:23:37,25.7,68.9
2026-07-22 10:23:58,25.7,68.9
2026-07-22 10:24:17,25.7,68.9
2026-07-22 10:24:38,25.7,68.9
2026-07-22 10:24:58,25.7,69.0
2026-07-22 10:25:18,25.7,69.0
2026-07-22 10:25:38,25.8,68.9
2026-07-22 10:25:58,25.8,68.9
2026-07-22 10:26:18,25.7,68.8
2026-07-22 10:26:38,25.7,68.8
2026-07-22 10:26:58,25.7,68.8
2026-07-22 10:27:18,25.8,68.8
2026-07-22 10:27:39,25.7,68.7
2026-07-22 10:27:58,25.7,68.7
2026-07-22 10:28:18,25.7,68.8
2026-07-22 10:28:38,25.7,68.7
2026-07-22 10:28:58,25.7,68.7
2026-07-22 10:29:18,25.6,68.6
2026-07-22 10:29:38,25.6,68.6
2026-07-22 10:29:58,25.6,68.5
2026-07-22 10:30:18,25.5,68.5
2026-07-22 10:30:38,25.6,68.5
2026-07-22 10:30:58,25.6,68.5
2026-07-22 10:31:18,25.6,68.6
2026-07-22 10:31:38,25.6,68.7
2026-07-22 10:31:58,25.6,68.5
2026-07-22 10:32:18,25.7,68.3
2026-07-22 10:32:38,25.7,68.1
2026-07-22 10:32:58,25.7,68.1
2026-07-22 10:33:18,25.7,68.0
2026-07-22 10:33:38,25.6,68.0
2026-07-22 10:33:58,25.6,68.0
2026-07-22 10:34:19,25.6,68.0
2026-07-22 10:34:38,25.6,67.8
2026-07-22 10:34:58,25.6,67.8
2026-07-22 10:35:18,25.6,67.9
2026-07-22 10:35:38,25.6,68.0
2026-07-22 10:35:58,25.6,68.0
2026-07-22 10:36:18,25.7,68.1
2026-07-22 10:36:38,25.7,68.2
2026-07-22 10:36:58,25.7,68.2
2026-07-22 10:37:18,25.7,68.1
2026-07-22 10:37:38,25.7,68.2
2026-07-22 10:37:58,25.8,68.3
2026-07-22 10:38:18,25.8,68.3
2026-07-22 10:38:38,25.7,68.4
2026-07-22 10:38:58,25.7,68.3
2026-07-22 10:39:19,25.7,68.4
2026-07-22 10:39:38,25.7,68.5
2026-07-22 10:39:58,25.7,
2026-07-22 10:39:59,,68.6
2026-07-22 10:40:19,25.6,68.7
2026-07-22 10:40:38,25.6,68.8
2026-07-22 10:40:58,25.6,68.9
2026-07-22 10:41:19,25.7,69.1
2026-07-22 10:41:39,25.7,69.2
2026-07-22 10:41:59,25.7,69.2
2026-07-22 10:42:19,25.7,69.1
2026-07-22 10:42:39,25.7,69.1
2026-07-22 10:42:59,25.7,69.0
2026-07-22 10:43:19,25.7,68.9
2026-07-22 10:43:39,25.8,68.9
2026-07-22 10:43:59,25.8,68.9
2026-07-22 10:44:19,25.8,68.8
2026-07-22 10:44:39,25.9,68.6
2026-07-22 10:44:59,25.9,68.5
2026-07-22 10:45:19,25.9,68.3
2026-07-22 10:45:39,25.9,68.1
2026-07-22 10:45:59,25.9,68.1
2026-07-22 10:46:19,25.9,68.0
2026-07-22 10:46:41,25.9,68.0
2026-07-22 10:46:59,25.9,68.0
2026-07-22 10:47:19,25.9,68.0
2026-07-22 10:47:39,25.9,68.1
2026-07-22 10:47:59,25.9,68.1
2026-07-22 10:48:19,25.9,68.2
2026-07-22 10:48:39,25.9,68.4
2026-07-22 10:48:59,25.9,68.6
2026-07-22 10:49:19,26.0,68.5
2026-07-22 10:49:39,26.0,68.5
2026-07-22 10:49:59,26.0,68.4
2026-07-22 10:50:19,26.0,68.4
2026-07-22 10:50:39,26.1,68.4
2026-07-22 10:50:59,26.1,68.3
2026-07-22 10:51:20,26.1,68.2
2026-07-22 10:51:39,26.2,68.0
2026-07-22 10:51:59,26.2,68.0
2026-07-22 10:52:19,26.2,67.9
2026-07-22 10:52:39,26.2,67.9
2026-07-22 10:52:59,26.1,67.9
2026-07-22 10:53:19,26.2,67.7
2026-07-22 10:53:39,26.2,67.7
2026-07-22 10:53:59,26.2,67.7
2026-07-22 10:54:19,26.2,67.7
2026-07-22 10:54:39,26.2,67.6
2026-07-22 10:55:00,26.1,67.6
2026-07-22 10:55:19,26.1,67.6
2026-07-22 10:55:39,26.1,67.7
2026-07-22 10:55:59,26.1,67.8
2026-07-22 10:56:19,26.1,68.0
2026-07-22 10:56:39,26.1,68.1
2026-07-22 10:56:59,26.1,68.2
2026-07-22 10:57:19,26.1,68.2
2026-07-22 10:57:39,26.1,68.3
2026-07-22 10:58:00,26.0,68.4
2026-07-22 10:58:20,26.0,68.6
2026-07-22 10:58:40,25.9,68.8
2026-07-22 10:59:00,25.9,69.0
2026-07-22 10:59:20,25.9,68.9
2026-07-22 10:59:40,25.8,68.9
2026-07-22 11:00:00,25.8,69.0
2026-07-22 11:00:20,25.8,68.9
2026-07-22 11:00:40,25.8,68.9
2026-07-22 11:01:00,25.8,68.6
2026-07-22 11:01:20,25.8,68.4
2026-07-22 11:01:40,25.8,68.3
2026-07-22 11:02:00,25.8,68.1
2026-07-22 11:02:20,25.8,68.0
2026-07-22 11:02:40,25.7,67.9
2026-07-22 11:03:00,25.7,67.8
2026-07-22 11:03:20,25.7,67.8
2026-07-22 11:03:40,25.7,67.7
2026-07-22 11:04:00,25.7,67.7
2026-07-22 11:04:20,25.7,67.8
2026-07-22 11:04:40,25.7,67.7
2026-07-22 11:05:00,25.7,67.7
2026-07-22 11:05:20,25.7,67.6
2026-07-22 11:05:40,25.7,67.6
2026-07-22 11:06:02,25.7,67.6
2026-07-22 11:06:20,25.7,67.6
2026-07-22 11:06:40,25.8,67.6
2026-07-22 11:07:00,25.8,67.8
2026-07-22 11:07:20,25.8,67.9
2026-07-22 11:07:40,25.8,67.9
2026-07-22 11:08:00,25.9,68.0
2026-07-22 11:08:20,25.9,68.1
2026-07-22 11:08:40,25.9,68.1
2026-07-22 11:09:00,26.0,68.1
2026-07-22 11:09:20,26.0,68.2
2026-07-22 11:09:40,26.1,68.2
2026-07-22 11:10:00,26.1,68.2
2026-07-22 11:10:20,26.1,68.1
2026-07-22 11:10:40,26.2,67.9
2026-07-22 11:11:01,26.2,67.7
2026-07-22 11:11:20,26.2,67.6
2026-07-22 11:11:40,26.2,67.4
2026-07-22 11:12:00,26.2,67.3
2026-07-22 11:12:20,26.1,67.2
2026-07-22 11:12:40,26.1,67.1
2026-07-22 11:13:00,26.1,67.0
2026-07-22 11:13:20,26.1,67.0
2026-07-22 11:13:40,26.1,66.9
2026-07-22 11:14:01,26.1,66.8
2026-07-22 11:14:20,26.1,66.8
2026-07-22 11:14:41,26.1,66.7
2026-07-22 11:15:00,26.1,66.4
2026-07-22 11:15:21,26.1,66.2
2026-07-22 11:15:41,26.1,66.1
2026-07-22 11:16:01,26.1,66.0
2026-07-22 11:16:21,26.1,65.9
2026-07-22 11:16:41,26.1,65.9
2026-07-22 11:17:01,26.1,65.9
2026-07-22 11:17:21,26.2,66.0
2026-07-22 11:17:41,26.2,66.0
2026-07-22 11:18:01,26.2,66.1
2026-07-22 11:18:21,26.3,66.2
2026-07-22 11:18:41,26.3,66.2
2026-07-22 11:19:01,26.3,66.2
2026-07-22 11:19:21,26.2,66.2
2026-07-22 11:19:41,26.3,66.3
2026-07-22 11:20:01,26.2,66.4
2026-07-22 11:20:21,26.3,66.5
2026-07-22 11:20:41,26.3,66.4
2026-07-22 11:21:01,26.4,66.0
2026-07-22 11:21:21,26.4,65.8
2026-07-22 11:21:41,26.4,65.7
2026-07-22 11:22:01,26.4,65.7
2026-07-22 11:22:21,26.5,65.6
2026-07-22 11:22:41,26.5,65.6
2026-07-22 11:23:01,26.5,65.6
2026-07-22 11:23:21,26.5,65.6
2026-07-22 11:23:41,26.5,65.7
2026-07-22 11:24:01,26.5,65.7
2026-07-22 11:24:21,26.5,65.7
2026-07-22 11:24:41,26.4,65.8
2026-07-22 11:25:01,26.4,65.9
2026-07-22 11:25:21,26.4,66.0
2026-07-22 11:25:45,26.5,66.1
2026-07-22 11:26:01,26.5,66.2
2026-07-22 11:26:21,26.5,66.3
2026-07-22 11:26:41,26.6,66.2
2026-07-22 11:27:01,26.6,66.1
2026-07-22 11:27:21,26.6,66.1
2026-07-22 11:27:41,26.6,66.0
2026-07-22 11:28:01,26.6,66.0
2026-07-22 11:28:21,26.7,65.9
2026-07-22 11:28:41,26.7,65.9
2026-07-22 11:29:01,26.6,65.9
2026-07-22 11:29:21,26.6,66.0
2026-07-22 11:29:41,26.6,66.0
2026-07-22 11:30:01,26.6,66.0
2026-07-22 11:30:21,26.6,66.0
2026-07-22 11:30:41,26.6,66.1
2026-07-22 11:31:01,26.5,66.2
2026-07-22 11:31:21,26.5,66.3
2026-07-22 11:31:41,26.5,66.5
2026-07-22 11:32:01,26.5,66.6
2026-07-22 11:32:21,26.6,66.6
2026-07-22 11:32:41,26.6,66.4
2026-07-22 11:33:01,26.7,66.1
2026-07-22 11:33:21,26.7,66.1
2026-07-22 11:33:41,26.7,66.1
2026-07-22 11:34:02,26.7,66.0
2026-07-22 11:34:52,26.7,65.95
2026-07-22 11:35:02,26.7,65.9
2026-07-22 11:35:36,26.7,65.9
2026-07-22 11:35:42,26.7,65.8
2026-07-22 11:36:02,26.7,65.8
2026-07-22 11:36:22,26.7,65.9
2026-07-22 11:36:42,26.7,66.0
2026-07-22 11:37:02,26.6,66.0
2026-07-22 11:37:22,26.7,66.1
2026-07-22 11:37:42,26.7,66.2
2026-07-22 11:38:02,26.7,66.2
2026-07-22 11:38:22,26.7,66.3
2026-07-22 11:38:42,26.7,66.3
2026-07-22 11:39:03,26.7,66.4
2026-07-22 11:39:22,26.7,66.5
2026-07-22 11:39:42,26.8,66.6
2026-07-22 11:40:02,26.8,66.6
2026-07-22 11:40:22,26.8,66.5
2026-07-22 11:40:42,26.8,66.4
2026-07-22 11:41:02,26.8,66.3
2026-07-22 11:41:22,26.8,66.2
2026-07-22 11:41:42,26.8,66.1
2026-07-22 11:42:02,26.8,66.0
2026-07-22 11:42:22,26.8,65.9
2026-07-22 11:42:42,26.8,65.8
2026-07-22 11:43:02,26.8,65.7
2026-07-22 11:43:22,26.8,65.5
2026-07-22 11:43:42,26.8,65.5
2026-07-22 11:44:02,26.8,65.4
2026-07-22 11:44:22,26.8,65.3
2026-07-22 11:44:42,26.7,65.3
2026-07-22 11:45:02,26.8,65.2
2026-07-22 11:45:22,26.8,65.3
2026-07-22 11:45:42,26.8,65.2
2026-07-22 11:46:02,26.8,
2026-07-22 11:46:03,,65.2
2026-07-22 11:46:22,26.8,65.2
2026-07-22 11:46:42,26.9,65.1
2026-07-22 11:47:02,26.9,65.1
2026-07-22 11:47:22,26.9,65.0
2026-07-22 11:47:42,26.9,65.0
2026-07-22 11:48:02,26.9,65.0
2026-07-22 11:48:22,26.9,64.9
2026-07-22 11:48:42,26.9,
2026-07-22 11:48:43,,65.0
2026-07-22 11:49:02,26.9,64.9
2026-07-22 11:49:23,26.9,64.8
2026-07-22 11:49:43,27.0,64.7
2026-07-22 11:50:03,27.0,64.6
2026-07-22 11:50:23,27.0,64.5
2026-07-22 11:50:43,27.0,64.5
2026-07-22 11:51:03,27.0,64.3
2026-07-22 11:51:23,27.1,64.2
2026-07-22 11:51:43,27.1,64.1
2026-07-22 11:52:03,27.1,63.9
2026-07-22 11:52:23,27.2,63.9
2026-07-22 11:52:43,27.2,63.8
2026-07-22 11:53:03,27.2,63.8
2026-07-22 11:53:23,27.2,63.8
2026-07-22 11:53:43,27.2,63.8
2026-07-22 11:54:03,27.2,63.8
2026-07-22 11:54:23,27.2,63.9
2026-07-22 11:54:43,27.1,63.9
2026-07-22 11:55:03,27.1,64.1
2026-07-22 11:55:23,27.1,64.2
2026-07-22 11:55:43,27.1,64.3
2026-07-22 11:56:03,27.1,64.4
2026-07-22 11:56:23,27.1,64.4
2026-07-22 11:56:43,27.2,64.4
2026-07-22 11:57:03,27.2,64.2
2026-07-22 11:57:23,27.2,64.1
2026-07-22 11:57:43,27.1,64.1
2026-07-22 11:58:03,27.2,64.2
2026-07-22 11:58:23,27.1,64.1
2026-07-22 11:58:43,27.1,64.1
2026-07-22 11:59:03,27.1,64.1
2026-07-22 11:59:23,27.1,64.2
2026-07-22 11:59:43,27.1,64.1
2026-07-22 12:00:03,27.1,64.1
2026-07-22 12:00:23,27.1,64.1
2026-07-22 12:00:43,27.1,64.0
2026-07-22 12:01:03,27.1,64.0
2026-07-22 12:01:23,27.1,64.0
2026-07-22 12:01:43,27.1,64.1
2026-07-22 12:02:03,27.1,64.1
2026-07-22 12:02:23,27.1,64.2
2026-07-22 12:02:43,27.1,64.2
2026-07-22 12:03:03,27.1,64.2
2026-07-22 12:03:23,27.1,64.2
2026-07-22 12:03:43,27.1,64.1
2026-07-22 12:04:03,27.1,64.1
2026-07-22 12:04:23,27.1,64.0
2026-07-22 12:04:43,27.0,64.1
2026-07-22 12:05:03,27.0,64.2
2026-07-22 12:05:23,27.0,64.3
2026-07-22 12:05:43,27.0,64.6
2026-07-22 12:06:04,26.9,64.8
2026-07-22 12:06:23,26.9,64.9
2026-07-22 12:06:44,26.9,65.0
2026-07-22 12:07:06,26.8,65.1
2026-07-22 12:07:24,26.8,65.4
2026-07-22 12:07:44,26.7,65.5
2026-07-22 12:08:04,26.7,65.6
2026-07-22 12:08:24,26.7,65.8
2026-07-22 12:08:44,26.7,65.6
2026-07-22 12:09:04,26.8,65.4
2026-07-22 12:09:24,26.9,64.9
2026-07-22 12:09:44,26.9,64.4
2026-07-22 12:10:04,26.9,64.1
2026-07-22 12:10:24,27.0,63.7
2026-07-22 12:10:44,27.0,63.4
2026-07-22 12:11:04,27.0,62.9
2026-07-22 12:11:24,26.9,62.6
2026-07-22 12:11:44,26.9,62.6
2026-07-22 12:12:04,26.9,62.5
2026-07-22 12:12:24,26.8,62.6
2026-07-22 12:12:44,26.8,62.6
2026-07-22 12:13:04,26.8,62.8
2026-07-22 12:13:24,26.7,63.1
2026-07-22 12:13:44,26.6,63.2
2026-07-22 12:14:04,26.6,63.1
2026-07-22 12:14:24,26.7,62.9
2026-07-22 12:14:44,26.8,62.6
2026-07-22 12:15:04,26.8,62.2
2026-07-22 12:15:24,26.8,61.8
2026-07-22 12:15:44,26.8,61.8
2026-07-22 12:16:04,26.7,61.8
2026-07-22 12:16:24,26.7,61.6
2026-07-22 12:16:44,26.7,61.7
2026-07-22 12:17:04,26.7,61.7
2026-07-22 12:17:24,26.6,61.7
2026-07-22 12:17:44,26.6,61.8
2026-07-22 12:18:04,26.7,61.8
2026-07-22 12:18:24,26.7,62.0
2026-07-22 12:18:44,26.6,62.2
2026-07-22 12:19:04,26.6,62.2
2026-07-22 12:19:24,26.6,62.3
2026-07-22 12:19:44,26.6,62.3
2026-07-22 12:20:04,26.6,62.3
2026-07-22 12:20:24,26.6,62.3
2026-07-22 12:20:44,26.7,62.2
2026-07-22 12:21:05,26.6,62.3
2026-07-22 12:21:24,26.6,62.3
2026-07-22 12:21:44,26.6,62.3
2026-07-22 12:22:04,26.6,62.4
2026-07-22 12:22:24,26.6,62.7
2026-07-22 12:22:44,26.6,62.8
2026-07-22 12:23:04,26.6,62.8
2026-07-22 12:23:24,26.5,63.0
2026-07-22 12:23:44,26.5,63.1
2026-07-22 12:24:05,26.5,63.1
2026-07-22 12:24:25,26.5,63.1
2026-07-22 12:24:45,26.5,63.1
2026-07-22 12:25:05,26.5,63.1
2026-07-22 12:25:25,26.6,63.2
2026-07-22 12:25:45,26.6,63.2
2026-07-22 12:26:05,26.6,63.4
2026-07-22 12:26:25,26.6,63.7
2026-07-22 12:26:45,26.5,63.8
2026-07-22 12:27:05,26.5,63.9
2026-07-22 12:27:25,26.6,63.9
2026-07-22 12:27:45,26.6,64.0
2026-07-22 12:28:05,26.6,64.0
2026-07-22 12:28:25,26.6,63.9
2026-07-22 12:28:45,26.7,63.8
2026-07-22 12:29:05,26.7,63.7
2026-07-22 12:29:25,26.7,63.6
2026-07-22 12:29:45,26.8,63.5
2026-07-22 12:30:05,26.8,63.4
2026-07-22 12:30:25,26.8,63.1
2026-07-22 12:30:45,26.8,62.7
2026-07-22 12:31:05,26.8,62.4
2026-07-22 12:31:25,26.9,62.4
2026-07-22 12:31:45,26.9,62.2
2026-07-22 12:32:05,26.9,62.0
2026-07-22 12:32:25,26.9,62.0
2026-07-22 12:32:45,26.8,61.8
2026-07-22 12:33:05,26.8,61.9
2026-07-22 12:33:25,26.8,61.9
2026-07-22 12:33:45,26.7,61.9
2026-07-22 12:34:05,26.7,62.0
2026-07-22 12:34:25,26.7,61.9
2026-07-22 12:34:45,26.8,62.0
2026-07-22 12:35:05,26.8,62.0
2026-07-22 12:35:25,26.9,61.9
2026-07-22 12:35:45,26.9,61.8
2026-07-22 12:36:05,27.0,61.8
2026-07-22 12:36:25,27.0,61.6
2026-07-22 12:36:45,27.0,61.5
2026-07-22 12:37:05,27.0,61.4
2026-07-22 12:37:25,27.0,61.3
2026-07-22 12:37:45,27.1,61.2
2026-07-22 12:38:05,27.0,61.1
2026-07-22 12:38:25,27.0,61.1
2026-07-22 12:38:45,27.0,61.1
2026-07-22 12:39:05,27.0,61.1
2026-07-22 12:39:25,27.1,61.1
2026-07-22 12:39:45,27.1,61.2
2026-07-22 12:40:05,27.1,61.2
2026-07-22 12:40:25,27.1,61.2
2026-07-22 12:40:46,27.1,61.3
2026-07-22 12:41:06,27.1,61.4
2026-07-22 12:41:25,27.1,61.5
2026-07-22 12:41:46,27.0,61.6
2026-07-22 12:42:06,27.1,61.7
2026-07-22 12:42:26,27.0,61.8
2026-07-22 12:42:46,27.0,61.8
2026-07-22 12:43:06,27.0,62.0
2026-07-22 12:43:26,27.0,62.1
2026-07-22 12:43:46,27.0,62.2
2026-07-22 12:44:06,26.9,62.5
2026-07-22 12:44:26,26.9,62.7
2026-07-22 12:44:46,26.9,62.9
2026-07-22 12:45:06,26.9,62.9
2026-07-22 12:45:26,26.9,63.0
2026-07-22 12:45:46,26.9,63.0
2026-07-22 12:46:06,26.9,63.2
2026-07-22 12:46:26,26.9,63.3
2026-07-22 12:46:46,27.0,63.4
2026-07-22 12:47:06,27.0,63.6
2026-07-22 12:47:26,27.1,63.6
2026-07-22 12:47:46,27.1,63.5
2026-07-22 12:48:06,27.2,63.5
2026-07-22 12:48:26,27.3,63.4
2026-07-22 12:48:46,27.3,63.3
2026-07-22 12:49:06,27.3,63.1
2026-07-22 12:49:26,27.4,63.0
2026-07-22 12:49:46,27.4,62.8
2026-07-22 12:50:06,27.4,62.6
2026-07-22 12:50:26,27.3,62.7
2026-07-22 12:50:46,27.3,62.7
2026-07-22 12:51:06,27.3,62.6
2026-07-22 12:51:26,27.2,62.5
2026-07-22 12:51:46,27.2,62.5
2026-07-22 12:52:06,27.2,62.5
2026-07-22 12:52:26,27.2,62.6
2026-07-22 12:52:46,27.2,62.8
2026-07-22 12:53:06,27.2,62.8
2026-07-22 12:53:26,27.2,62.7
2026-07-22 12:53:46,27.2,62.7
2026-07-22 12:54:06,27.2,63.0
2026-07-22 12:54:26,27.3,63.2
2026-07-22 12:54:46,27.3,63.2
2026-07-22 12:55:06,27.3,63.1
2026-07-22 12:55:26,27.4,62.9
2026-07-22 12:55:46,27.4,62.5
2026-07-22 12:56:06,27.4,62.3
2026-07-22 12:56:26,27.4,62.2
2026-07-22 12:56:46,27.4,62.1
2026-07-22 12:57:06,27.4,62.1
2026-07-22 12:57:27,27.4,62.1
2026-07-22 12:57:46,27.4,62.4
2026-07-22 12:58:06,27.4,62.9
2026-07-22 12:58:27,27.4,63.3
2026-07-22 12:58:46,27.4,63.4
2026-07-22 12:59:07,27.4,63.7
2026-07-22 12:59:27,27.4,63.7
2026-07-22 12:59:47,27.3,63.6
2026-07-22 13:00:07,27.3,63.7
2026-07-22 13:00:27,27.4,63.8
2026-07-22 13:00:47,27.4,64.2
2026-07-22 13:01:07,27.4,64.4
2026-07-22 13:01:27,27.4,64.5
2026-07-22 13:01:47,27.3,64.8
2026-07-22 13:02:07,27.3,64.9
2026-07-22 13:02:27,27.4,64.9
2026-07-22 13:02:47,27.4,64.8
2026-07-22 13:03:07,27.4,64.8
2026-07-22 13:03:27,27.5,64.7
2026-07-22 13:03:47,27.5,64.5
2026-07-22 13:04:07,27.5,64.5
2026-07-22 13:04:27,27.5,64.6
2026-07-22 13:04:47,27.5,64.5
2026-07-22 13:05:07,27.5,64.4
2026-07-22 13:05:27,27.5,64.5
2026-07-22 13:05:47,27.4,64.5
2026-07-22 13:06:07,27.4,64.7
2026-07-22 13:06:27,27.4,64.8
2026-07-22 13:06:47,27.3,65.0
2026-07-22 13:07:08,27.3,65.0
2026-07-22 13:07:27,27.3,65.0
2026-07-22 13:07:47,27.3,65.1
2026-07-22 13:08:07,27.3,65.0
2026-07-22 13:08:27,27.3,64.9
2026-07-22 13:08:47,27.3,64.8
2026-07-22 13:09:07,27.2,64.6
2026-07-22 13:09:27,27.2,64.4
2026-07-22 13:09:47,27.2,64.4
2026-07-22 13:10:07,27.2,64.4
2026-07-22 13:10:27,27.2,64.4
2026-07-22 13:10:47,27.3,64.3
2026-07-22 13:11:07,27.2,64.4
2026-07-22 13:11:27,27.3,64.2
2026-07-22 13:11:47,27.3,64.1
2026-07-22 13:12:07,27.3,64.1
2026-07-22 13:12:27,27.3,64.0
2026-07-22 13:12:47,27.3,63.9
2026-07-22 13:13:07,27.4,63.8
2026-07-22 13:13:27,27.4,63.6
2026-07-22 13:13:47,27.3,63.7
2026-07-22 13:14:07,27.3,63.8
2026-07-22 13:14:27,27.2,63.9
2026-07-22 13:14:47,27.2,64.0
2026-07-22 13:15:07,27.3,64.0
2026-07-22 13:15:27,27.3,64.0
2026-07-22 13:15:48,27.3,64.1
2026-07-22 13:16:07,27.4,64.1
2026-07-22 13:16:28,27.4,64.2
2026-07-22 13:16:48,27.4,64.1
2026-07-22 13:17:08,27.4,64.1
2026-07-22 13:17:28,27.4,63.9
2026-07-22 13:17:48,27.5,63.8
2026-07-22 13:18:08,27.5,63.9
2026-07-22 13:18:28,27.5,63.9
2026-07-22 13:18:48,27.5,63.9
2026-07-22 13:19:08,27.6,63.8
2026-07-22 13:19:28,27.6,63.8
2026-07-22 13:19:48,27.6,63.7
2026-07-22 13:20:08,27.6,63.5
2026-07-22 13:20:28,27.5,63.5
2026-07-22 13:20:48,27.5,63.5
2026-07-22 13:21:08,27.5,63.7
2026-07-22 13:21:28,27.5,63.8
2026-07-22 13:21:48,27.5,63.7
2026-07-22 13:22:08,27.5,63.7
2026-07-22 13:22:28,27.5,63.6
2026-07-22 13:22:48,27.5,63.6
2026-07-22 13:23:08,27.5,63.7
2026-07-22 13:23:28,27.5,63.7
2026-07-22 13:23:48,27.5,63.6
2026-07-22 13:24:08,27.5,63.6
2026-07-22 13:24:28,27.5,63.5
2026-07-22 13:24:48,27.5,63.4
2026-07-22 13:25:08,27.5,63.4
2026-07-22 13:25:28,27.5,63.5
2026-07-22 13:25:48,27.5,63.8
2026-07-22 13:26:08,27.5,63.9
2026-07-22 13:26:28,27.5,63.9
2026-07-22 13:26:48,27.5,63.8
2026-07-22 13:27:08,27.4,63.9
2026-07-22 13:27:28,27.4,63.9
2026-07-22 13:27:48,27.4,64.0
2026-07-22 13:28:08,27.4,64.0
2026-07-22 13:28:28,27.3,64.1
2026-07-22 13:28:48,27.3,64.3
2026-07-22 13:29:08,27.3,64.7
2026-07-22 13:29:28,27.3,64.7
2026-07-22 13:29:48,27.3,64.7
2026-07-22 13:30:08,27.3,64.7
2026-07-22 13:30:28,27.3,64.6
2026-07-22 13:30:48,27.3,64.4
2026-07-22 13:31:08,27.3,64.4
2026-07-22 13:31:28,27.3,64.6
2026-07-22 13:31:48,27.3,64.7
2026-07-22 13:32:08,27.3,64.4
2026-07-22 13:32:28,27.3,64.3
2026-07-22 13:32:48,27.3,64.5
2026-07-22 13:33:08,27.3,64.6
2026-07-22 13:33:28,27.2,64.8
2026-07-22 13:33:48,27.2,64.7
2026-07-22 13:34:09,27.2,65.0
2026-07-22 13:34:29,27.3,65.0
2026-07-22 13:34:49,27.3,64.8
2026-07-22 13:35:09,27.3,64.9
2026-07-22 13:35:29,27.3,64.8
2026-07-22 13:35:49,27.4,64.7
2026-07-22 13:36:09,27.4,64.9
2026-07-22 13:36:29,27.4,65.1
2026-07-22 13:36:49,27.4,65.2
2026-07-22 13:37:09,27.5,65.1
2026-07-22 13:37:29,27.5,65.2
2026-07-22 13:37:49,27.5,65.3
2026-07-22 13:38:09,27.5,65.4
2026-07-22 13:38:29,27.5,65.3
2026-07-22 13:38:49,27.4,65.3
2026-07-22 13:39:09,27.4,65.3
2026-07-22 13:39:29,27.4,65.3
2026-07-22 13:39:49,27.4,65.5
2026-07-22 13:40:09,27.4,65.7
2026-07-22 13:40:29,27.4,65.7
2026-07-22 13:40:49,27.3,65.6
2026-07-22 13:41:09,27.3,65.8
2026-07-22 13:41:29,27.3,66.0
2026-07-22 13:41:49,27.3,66.0
2026-07-22 13:42:09,27.3,66.0
2026-07-22 13:42:29,27.3,66.1
2026-07-22 13:42:49,27.3,66.1
2026-07-22 13:43:09,27.3,66.0
2026-07-22 13:43:29,27.4,65.9
2026-07-22 13:43:49,27.3,65.7
2026-07-22 13:44:09,27.3,65.7
2026-07-22 13:44:29,27.3,65.6
2026-07-22 13:44:49,27.3,65.5
2026-07-22 13:45:09,27.3,65.4
2026-07-22 13:45:29,27.3,65.3
2026-07-22 13:45:49,27.3,65.1
2026-07-22 13:46:09,27.3,65.1
2026-07-22 13:46:29,27.3,65.1
2026-07-22 13:46:50,27.3,65.1
2026-07-22 13:47:09,27.3,65.1
2026-07-22 13:47:29,27.3,65.1
2026-07-22 13:47:49,27.3,65.1
2026-07-22 13:48:09,27.3,65.1
2026-07-22 13:48:29,27.3,65.2
2026-07-22 13:48:49,27.3,65.2
2026-07-22 13:49:09,27.3,65.4
2026-07-22 13:49:29,27.3,65.6
2026-07-22 13:49:49,27.3,65.8
2026-07-22 13:50:09,27.3,65.9
2026-07-22 13:50:30,27.3,66.0
2026-07-22 13:50:50,27.3,66.0
2026-07-22 13:51:09,27.3,66.0
2026-07-22 13:51:30,27.3,66.0
2026-07-22 13:51:50,27.2,66.1
2026-07-22 13:52:10,27.2,66.2
2026-07-22 13:52:30,27.2,66.3
2026-07-22 13:52:50,27.2,66.2
2026-07-22 13:53:10,27.2,66.2
2026-07-22 13:53:30,27.1,66.3
2026-07-22 13:53:50,27.1,66.4
2026-07-22 13:54:10,27.1,66.5
2026-07-22 13:54:30,27.1,66.6
2026-07-22 13:54:50,27.0,66.7
2026-07-22 13:55:10,27.0,66.7
2026-07-22 13:55:30,27.0,66.8
2026-07-22 13:55:50,27.0,66.9
2026-07-22 13:56:10,27.0,67.0
2026-07-22 13:56:30,27.0,67.1
2026-07-22 13:56:50,27.0,67.2
2026-07-22 13:57:10,27.0,67.3
2026-07-22 13:57:30,27.0,67.4
2026-07-22 13:57:50,27.0,67.4
2026-07-22 13:58:10,27.1,67.4
2026-07-22 13:58:30,27.1,67.3
2026-07-22 13:58:50,27.1,67.2
2026-07-22 13:59:10,27.2,67.0
2026-07-22 13:59:30,27.2,66.9
2026-07-22 13:59:55,27.2,66.6
2026-07-22 14:00:10,27.2,66.5
2026-07-22 14:00:30,27.1,66.5
2026-07-22 14:00:50,27.2,66.5
2026-07-22 14:01:10,27.2,66.5
2026-07-22 14:01:30,27.1,66.5
2026-07-22 14:01:50,27.1,66.4
2026-07-22 14:02:10,27.1,66.4
2026-07-22 14:02:30,27.1,66.5
2026-07-22 14:02:50,27.0,66.5
2026-07-22 14:03:10,27.0,66.6
2026-07-22 14:03:30,27.1,66.6
2026-07-22 14:03:50,27.1,66.7
2026-07-22 14:04:10,27.0,66.7
2026-07-22 14:04:30,27.1,66.6
2026-07-22 14:04:50,27.1,66.6
2026-07-22 14:05:10,27.1,66.6
2026-07-22 14:05:30,27.1,66.6
2026-07-22 14:05:50,27.1,66.4
2026-07-22 14:06:10,27.1,66.3
2026-07-22 14:06:30,27.1,66.4
2026-07-22 14:06:50,27.1,66.4
2026-07-22 14:07:10,27.1,66.6
2026-07-22 14:07:30,27.1,66.6
2026-07-22 14:07:50,27.1,66.4
2026-07-22 14:08:11,27.2,66.3
2026-07-22 14:08:31,27.2,66.2
2026-07-22 14:08:51,27.2,65.9
2026-07-22 14:09:11,27.2,65.8
2026-07-22 14:09:31,27.2,65.6
2026-07-22 14:09:51,27.2,65.5
2026-07-22 14:10:11,27.2,65.6
2026-07-22 14:10:31,27.2,65.6
2026-07-22 14:10:51,27.2,65.6
2026-07-22 14:11:11,27.2,65.6
2026-07-22 14:11:31,27.1,65.6
2026-07-22 14:11:51,27.1,65.5
2026-07-22 14:12:11,27.2,65.8
2026-07-22 14:12:31,27.1,65.8
2026-07-22 14:12:51,27.1,65.8
2026-07-22 14:13:11,27.1,65.9
2026-07-22 14:13:31,27.1,65.9
2026-07-22 14:13:51,27.1,66.1
2026-07-22 14:14:11,27.1,66.1
2026-07-22 14:14:31,27.1,66.2
2026-07-22 14:14:51,27.0,66.3
2026-07-22 14:15:11,27.0,66.4
2026-07-22 14:15:31,27.1,66.5
2026-07-22 14:15:51,27.0,66.6
2026-07-22 14:16:11,27.0,66.7
2026-07-22 14:16:31,27.0,66.9
2026-07-22 14:16:51,27.0,67.0
2026-07-22 14:17:11,26.9,67.2
2026-07-22 14:17:31,26.9,67.4
2026-07-22 14:17:51,26.8,67.4
2026-07-22 14:18:11,26.8,67.5
2026-07-22 14:18:31,26.8,67.6
2026-07-22 14:18:51,26.8,67.7
2026-07-22 14:19:11,26.7,67.8
2026-07-22 14:19:31,26.7,68.0
2026-07-22 14:19:51,26.7,68.1
2026-07-22 14:20:11,26.6,68.2
2026-07-22 14:20:31,26.6,68.2
2026-07-22 14:20:51,26.6,68.3
2026-07-22 14:21:11,26.6,68.4
2026-07-22 14:21:31,26.6,68.6
2026-07-22 14:21:51,26.6,68.8
2026-07-22 14:22:11,26.6,68.9
2026-07-22 14:22:31,26.6,69.1
2026-07-22 14:22:51,26.6,69.2
2026-07-22 14:23:11,26.6,69.3
2026-07-22 14:23:31,26.6,69.4
2026-07-22 14:23:51,26.5,69.4
2026-07-22 14:24:11,26.5,69.4
2026-07-22 14:24:31,26.5,69.4
2026-07-22 14:24:51,26.5,69.5
2026-07-22 14:25:11,26.4,69.5
2026-07-22 14:25:31,26.4,69.7
2026-07-22 14:25:51,26.4,69.8
2026-07-22 14:26:12,26.4,69.9
2026-07-22 14:26:32,26.4,69.9
2026-07-22 14:26:52,26.4,70.0
2026-07-22 14:27:12,26.4,69.9
2026-07-22 14:27:32,26.4,69.9
2026-07-22 14:27:52,26.4,69.9
2026-07-22 14:28:12,26.3,69.9
2026-07-22 14:28:32,26.3,70.0
2026-07-22 14:28:52,26.3,70.1
2026-07-22 14:29:12,26.3,70.2
2026-07-22 14:29:32,26.3,70.2
2026-07-22 14:29:52,26.3,70.1
2026-07-22 14:30:12,26.3,70.2
2026-07-22 14:30:32,26.3,70.1
2026-07-22 14:30:52,26.3,70.2
2026-07-22 14:31:12,26.4,70.2
2026-07-22 14:31:32,26.5,70.1
2026-07-22 14:31:52,26.5,69.9
2026-07-22 14:32:12,26.6,69.7
2026-07-22 14:32:32,26.6,69.5
2026-07-22 14:32:52,26.7,69.3
2026-07-22 14:33:12,26.7,69.1
2026-07-22 14:33:32,26.7,68.9
2026-07-22 14:33:52,26.7,68.8
2026-07-22 14:34:12,26.7,68.6
2026-07-22 14:34:32,26.7,68.6
2026-07-22 14:34:52,26.8,68.7
2026-07-22 14:35:12,26.8,68.7
2026-07-22 14:35:32,26.8,68.7
2026-07-22 14:35:52,26.8,68.6
2026-07-22 14:36:12,26.8,68.6
2026-07-22 14:36:32,26.7,68.7
2026-07-22 14:36:52,26.7,68.6
2026-07-22 14:37:12,26.7,68.6
2026-07-22 14:37:32,26.7,68.6
2026-07-22 14:37:52,26.7,68.6
2026-07-22 14:38:12,26.7,68.7
2026-07-22 14:38:32,26.8,68.7
2026-07-22 14:38:52,26.8,68.7
2026-07-22 14:39:12,26.8,68.7
2026-07-22 14:39:33,26.8,68.7
2026-07-22 14:39:52,26.8,68.6
2026-07-22 14:40:12,26.8,68.6
2026-07-22 14:40:32,26.8,68.5
2026-07-22 14:40:52,26.8,68.6
2026-07-22 14:41:12,26.8,68.4
2026-07-22 14:41:32,26.8,68.4
2026-07-22 14:41:52,26.8,68.4
2026-07-22 14:42:12,26.8,68.4
2026-07-22 14:42:32,26.8,68.3
2026-07-22 14:42:52,26.8,68.2
2026-07-22 14:43:12,26.8,68.2
2026-07-22 14:43:33,26.8,68.2
2026-07-22 14:43:53,26.8,68.1
2026-07-22 14:44:13,26.8,68.1
2026-07-22 14:44:33,26.8,68.2
2026-07-22 14:44:53,26.8,68.2
2026-07-22 14:45:13,26.7,68.2
2026-07-22 14:45:33,26.7,68.4
2026-07-22 14:45:53,26.7,68.4
2026-07-22 14:46:13,26.7,68.5
2026-07-22 14:46:33,26.7,68.6
2026-07-22 14:46:53,26.7,68.5
2026-07-22 14:47:13,26.7,68.6
2026-07-22 14:47:33,26.6,68.5
2026-07-22 14:47:53,26.7,68.5
2026-07-22 14:48:13,26.7,68.6
2026-07-22 14:48:33,26.7,68.5
2026-07-22 14:48:53,26.7,68.3
2026-07-22 14:49:13,26.7,68.1
2026-07-22 14:49:33,26.7,68.0
2026-07-22 14:49:53,26.7,68.0
2026-07-22 14:50:13,26.7,67.9
2026-07-22 14:50:33,26.7,67.8
2026-07-22 14:50:53,26.7,67.6
2026-07-22 14:51:13,26.7,67.5
2026-07-22 14:51:33,26.7,67.5
2026-07-22 14:51:53,26.7,67.3
2026-07-22 14:52:13,26.7,67.1
2026-07-22 14:52:33,26.7,67.1
2026-07-22 14:52:53,26.7,67.2
2026-07-22 14:53:13,26.7,67.2
2026-07-22 14:53:33,26.6,67.2
2026-07-22 14:53:53,26.6,67.2
2026-07-22 14:54:13,26.7,67.3
2026-07-22 14:54:33,26.7,67.2
2026-07-22 14:54:53,26.6,67.2
2026-07-22 14:55:13,26.6,67.1
2026-07-22 14:55:33,26.6,67.0
2026-07-22 14:55:53,26.6,66.9
2026-07-22 14:56:13,26.6,66.9
2026-07-22 14:56:33,26.6,66.9
2026-07-22 14:56:53,26.6,66.9
2026-07-22 14:57:13,26.6,67.0
2026-07-22 14:57:33,26.6,66.9
2026-07-22 14:57:53,26.6,66.8
2026-07-22 14:58:13,26.6,66.9
2026-07-22 14:58:33,26.5,66.9
2026-07-22 14:58:53,26.6,67.0
2026-07-22 14:59:13,26.5,67.0
2026-07-22 14:59:33,26.5,67.1
2026-07-22 14:59:53,26.6,67.2
2026-07-22 15:00:13,26.5,67.0
2026-07-22 15:00:33,26.5,67.2
2026-07-22 15:00:53,26.5,67.3
2026-07-22 15:01:14,26.5,67.3
2026-07-22 15:01:34,26.5,67.5
2026-07-22 15:01:54,26.5,67.6
2026-07-22 15:02:14,26.5,67.6
2026-07-22 15:02:34,26.5,67.7
2026-07-22 15:02:54,26.5,67.7
2026-07-22 15:03:14,26.5,67.8
2026-07-22 15:03:34,26.5,67.8
2026-07-22 15:03:54,26.5,67.8
2026-07-22 15:04:14,26.5,67.8
2026-07-22 15:04:34,26.5,67.9
2026-07-22 15:04:54,26.5,68.0
2026-07-22 15:05:14,26.5,68.0
2026-07-22 15:05:34,26.5,68.0
2026-07-22 15:05:54,26.5,68.1
2026-07-22 15:06:14,26.5,68.2
2026-07-22 15:06:34,26.5,68.1
2026-07-22 15:06:54,26.5,68.2
2026-07-22 15:07:14,26.5,68.2
2026-07-22 15:07:34,26.5,68.3
2026-07-22 15:07:54,26.5,68.3
2026-07-22 15:08:14,26.5,68.4
2026-07-22 15:08:34,26.5,68.5
2026-07-22 15:08:54,26.5,68.4
2026-07-22 15:09:14,26.5,68.3
2026-07-22 15:09:34,26.5,68.2
2026-07-22 15:09:54,26.5,68.1
2026-07-22 15:10:14,26.5,68.0
2026-07-22 15:10:34,26.5,68.0
2026-07-22 15:10:54,26.5,68.0
2026-07-22 15:11:14,26.5,68.0
2026-07-22 15:11:34,26.5,68.0
2026-07-22 15:11:54,26.5,67.9
2026-07-22 15:12:14,26.5,67.9
2026-07-22 15:12:34,26.5,67.9
2026-07-22 15:12:54,26.5,67.9
2026-07-22 15:13:14,26.5,67.8
2026-07-22 15:13:34,26.5,67.8
2026-07-22 15:13:54,26.5,67.7
2026-07-22 15:14:14,26.5,67.6
2026-07-22 15:14:34,26.5,67.5
2026-07-22 15:14:54,26.5,67.5
2026-07-22 15:15:14,26.5,67.5
2026-07-22 15:15:34,26.5,67.5
2026-07-22 15:15:54,26.5,67.6
2026-07-22 15:16:14,26.4,67.5
2026-07-22 15:16:34,26.4,67.6
2026-07-22 15:16:54,26.4,67.7
2026-07-22 15:17:14,26.4,67.7
2026-07-22 15:17:34,26.4,67.7
2026-07-22 15:17:54,26.4,
2026-07-22 15:17:55,,67.8
2026-07-22 15:18:14,26.4,67.7
2026-07-22 15:18:34,26.4,67.7
2026-07-22 15:18:57,26.5,67.8
2026-07-22 15:19:15,26.4,67.8
2026-07-22 15:19:35,26.4,67.9
2026-07-22 15:19:55,26.4,67.9
2026-07-22 15:20:15,26.4,67.9
2026-07-22 15:20:35,26.4,68.0
2026-07-22 15:20:55,26.4,68.0
2026-07-22 15:21:15,26.4,68.0
2026-07-22 15:21:35,26.4,68.0
2026-07-22 15:21:55,26.4,68.0
2026-07-22 15:22:15,26.4,68.0
2026-07-22 15:22:35,26.4,68.0
2026-07-22 15:22:55,26.3,68.1
2026-07-22 15:23:15,26.4,68.1
2026-07-22 15:23:35,26.4,68.2
2026-07-22 15:23:55,26.3,68.3
2026-07-22 15:24:15,26.4,68.3
2026-07-22 15:24:35,26.4,68.4
2026-07-22 15:24:55,26.4,68.3
2026-07-22 15:25:15,26.4,68.3
2026-07-22 15:25:35,26.4,68.5
2026-07-22 15:25:55,26.4,68.5
2026-07-22 15:26:15,26.4,68.6
2026-07-22 15:26:35,26.4,68.6
2026-07-22 15:26:55,26.4,68.5
2026-07-22 15:27:15,26.4,68.6
2026-07-22 15:27:35,26.4,68.6
2026-07-22 15:27:55,26.4,68.6
2026-07-22 15:28:15,26.4,68.5
2026-07-22 15:28:35,26.4,68.5
2026-07-22 15:28:55,26.4,68.6
2026-07-22 15:29:15,26.4,68.7
2026-07-22 15:29:35,26.3,68.7
2026-07-22 15:29:55,26.3,68.8
2026-07-22 15:30:15,26.3,68.8
2026-07-22 15:30:35,26.3,68.8
2026-07-22 15:30:55,26.3,68.9
2026-07-22 15:31:15,26.3,68.8
2026-07-22 15:31:35,26.3,68.8
2026-07-22 15:31:55,26.3,68.8
2026-07-22 15:32:15,26.3,68.8
2026-07-22 15:32:35,26.3,68.8
2026-07-22 15:32:55,26.3,68.7
2026-07-22 15:33:15,26.3,68.7
2026-07-22 15:33:35,26.3,68.7
2026-07-22 15:33:55,26.3,68.7
2026-07-22 15:34:15,26.3,68.7
2026-07-22 15:34:35,26.3,68.7
2026-07-22 15:34:56,26.3,68.6
2026-07-22 15:35:15,26.2,68.6
2026-07-22 15:35:36,26.3,68.6
2026-07-22 15:35:56,26.3,68.6
2026-07-22 15:36:15,26.2,68.6
2026-07-22 15:36:36,26.2,68.6
2026-07-22 15:36:56,26.2,68.6
2026-07-22 15:37:16,26.2,68.6
2026-07-22 15:37:36,26.2,68.7
2026-07-22 15:37:56,26.2,68.6
2026-07-22 15:38:16,26.2,68.6
2026-07-22 15:38:36,26.2,68.6
2026-07-22 15:38:56,26.2,68.6
2026-07-22 15:39:16,26.2,68.6
2026-07-22 15:39:36,26.2,68.6
2026-07-22 15:39:56,26.2,68.6
2026-07-22 15:40:16,26.2,68.6
2026-07-22 15:40:36,26.2,68.6
2026-07-22 15:40:56,26.3,68.5
2026-07-22 15:41:16,26.3,68.5
2026-07-22 15:41:36,26.3,68.4
2026-07-22 15:41:56,26.3,68.2
2026-07-22 15:42:16,26.3,68.2
2026-07-22 15:42:36,26.3,68.2
2026-07-22 15:42:56,26.2,68.2
2026-07-22 15:43:16,26.2,68.3
2026-07-22 15:44:36,26.2,68.2
2026-07-22 15:44:56,26.2,68.2
2026-07-22 15:45:16,26.2,68.1
2026-07-22 15:45:36,26.2,68.1
2026-07-22 15:45:56,26.2,68.1
2026-07-22 15:46:16,26.1,68.1
2026-07-22 15:46:36,26.1,68.1
2026-07-22 15:47:27,26.1,68.1
2026-07-22 15:47:28,26.1,68.1
2026-07-22 16:00:57,26.0,68.0
2026-07-22 16:01:17,25.9,68.1
2026-07-22 16:01:37,25.9,68.2
2026-07-22 16:01:57,26.0,68.2
2026-07-22 16:02:17,26.0,68.1
2026-07-22 16:02:37,26.0,68.1
2026-07-22 16:02:57,26.0,68.1
2026-07-22 16:03:17,26.0,68.2
2026-07-22 16:03:37,26.0,68.2
2026-07-22 16:03:57,26.0,68.2
2026-07-22 16:04:17,26.0,68.2
2026-07-22 16:04:37,26.0,68.4
2026-07-22 16:04:57,26.0,68.3
2026-07-22 16:05:17,26.0,
2026-07-22 16:05:18,,68.2
2026-07-22 16:05:37,26.0,68.2
2026-07-22 16:05:57,26.0,68.2
2026-07-22 16:06:17,26.0,68.2
2026-07-22 16:06:37,26.0,68.2
2026-07-22 16:06:57,26.0,68.1
2026-07-22 16:07:17,26.0,68.1
2026-07-22 16:07:37,26.0,68.1
2026-07-22 16:07:57,26.0,68.1
2026-07-22 16:08:17,26.0,68.1
2026-07-22 16:08:37,26.0,68.1
2026-07-22 16:08:57,26.0,68.1
2026-07-22 16:09:17,26.0,68.1
2026-07-22 16:09:37,26.0,68.2
2026-07-22 16:09:57,26.0,68.3
2026-07-22 16:10:17,26.0,68.4
2026-07-22 16:10:37,25.9,68.4
2026-07-22 16:10:57,25.9,68.5
2026-07-22 16:11:18,25.9,68.5
2026-07-22 16:11:38,25.9,68.6
2026-07-22 16:11:58,25.9,68.6
2026-07-22 16:12:18,25.9,68.7
2026-07-22 16:12:38,25.9,68.7
2026-07-22 16:12:58,25.9,68.8
2026-07-22 16:13:18,25.9,69.0
2026-07-22 16:13:38,25.8,69.0
2026-07-22 16:13:58,25.8,69.0
2026-07-22 16:14:18,25.8,69.1
2026-07-22 16:14:38,25.8,69.1
2026-07-22 16:14:58,25.8,69.1
2026-07-22 16:15:18,25.8,69.1
2026-07-22 16:15:38,25.8,69.1
2026-07-22 16:15:58,25.8,69.2
2026-07-22 16:17:15,25.8,69.13333333333333
2026-07-22 16:17:18,25.8,69.2
2026-07-22 16:17:38,25.8,69.2
2026-07-22 16:17:58,25.8,69.2
2026-07-22 16:18:18,25.8,69.1
2026-07-22 16:18:38,25.8,69.1
2026-07-22 16:18:58,25.8,69.1
2026-07-22 16:19:18,25.8,69.0
2026-07-22 16:19:38,25.8,69.0
2026-07-22 16:19:58,25.8,69.0
2026-07-22 16:20:18,25.8,69.0
2026-07-22 16:20:38,25.8,69.0
2026-07-22 16:20:58,25.8,69.0
2026-07-22 16:21:18,25.8,69.0
2026-07-22 16:21:38,25.8,69.1
2026-07-22 16:21:58,25.8,68.9
2026-07-22 16:22:18,25.8,68.9
2026-07-22 16:22:38,25.8,68.8
2026-07-22 16:22:58,25.8,68.8
2026-07-22 16:23:18,25.8,68.8
2026-07-22 16:23:38,25.8,68.7
2026-07-22 16:23:58,25.8,68.6
2026-07-22 16:24:18,25.8,68.5
2026-07-22 16:24:38,25.8,68.5
2026-07-22 16:24:58,25.8,68.4
2026-07-22 16:25:18,25.8,68.2
2026-07-22 16:25:38,25.8,68.2
2026-07-22 16:25:58,25.7,68.3
2026-07-22 16:26:18,25.7,68.2
2026-07-22 16:26:38,25.7,68.2
2026-07-22 16:26:58,25.7,68.1
2026-07-22 16:27:18,25.7,68.1
2026-07-22 16:27:38,25.7,68.1
2026-07-22 16:27:58,25.6,68.0
2026-07-22 16:28:19,25.7,68.0
2026-07-22 16:28:38,25.6,68.1
2026-07-22 16:28:59,25.6,68.0
2026-07-22 16:29:19,25.6,68.1
2026-07-22 16:29:39,25.7,68.1
2026-07-22 16:29:59,25.6,68.2
2026-07-22 16:30:19,25.7,68.1
2026-07-22 16:30:39,25.6,68.1
2026-07-22 16:30:59,25.6,68.1
2026-07-22 16:31:19,25.6,68.1
2026-07-22 16:31:39,25.6,68.2
2026-07-22 16:31:59,25.6,68.2
2026-07-22 16:32:19,25.6,68.2
2026-07-22 16:32:39,25.6,68.2
2026-07-22 16:32:59,25.6,68.3
2026-07-22 16:33:19,25.6,68.3
2026-07-22 16:33:39,25.6,68.3
2026-07-22 16:33:59,25.6,68.3
2026-07-22 16:34:19,25.6,68.3
2026-07-22 16:34:39,25.6,68.3
2026-07-22 16:34:59,25.6,68.2
2026-07-22 16:35:19,25.6,68.2
2026-07-22 16:35:39,25.6,68.2
2026-07-22 16:35:59,25.6,68.3
2026-07-22 16:36:19,25.6,68.1
2026-07-22 16:36:39,25.6,68.2
2026-07-22 16:36:59,25.6,68.2
2026-07-22 16:37:19,25.5,68.2
2026-07-22 16:37:39,25.6,68.3
2026-07-22 16:37:59,25.5,68.2
2026-07-22 16:38:19,25.5,68.3
2026-07-22 16:38:39,25.5,68.3
2026-07-22 16:38:59,25.5,68.4
2026-07-22 16:39:19,25.5,68.3
2026-07-22 16:39:39,25.5,68.3
2026-07-22 16:39:59,25.5,68.4
2026-07-22 16:40:19,25.5,68.4
2026-07-22 16:40:39,25.5,68.4
2026-07-22 16:40:59,25.5,68.4
2026-07-22 16:41:19,25.5,68.4
2026-07-22 16:41:39,25.5,68.3
2026-07-22 16:41:59,25.5,68.4
2026-07-22 16:42:19,25.6,68.4
2026-07-22 16:42:39,25.5,68.5
2026-07-22 16:42:59,25.6,68.5
2026-07-22 16:43:20,25.6,68.5
2026-07-22 16:43:39,25.6,68.5
2026-07-22 16:43:59,25.6,68.5
2026-07-22 16:44:19,25.5,68.6
2026-07-22 16:44:39,25.5,68.5
2026-07-22 16:44:59,25.5,68.5
2026-07-22 16:45:19,25.5,68.4
2026-07-22 16:45:39,25.5,68.4
2026-07-22 16:45:59,25.5,68.4
2026-07-22 16:46:20,25.5,68.4
2026-07-22 16:46:40,25.5,68.4
2026-07-22 16:47:00,25.5,68.4
2026-07-22 16:47:20,25.5,68.4
2026-07-22 16:47:40,25.5,68.5
2026-07-22 16:48:00,25.5,68.5
2026-07-22 16:48:20,25.5,68.5
2026-07-22 16:48:40,25.5,68.4
2026-07-22 16:49:00,25.5,68.5
2026-07-22 16:49:20,25.5,68.6
2026-07-22 16:49:40,25.5,68.6
2026-07-22 16:50:00,25.4,68.6
2026-07-22 16:50:20,25.4,68.5
2026-07-22 16:50:40,25.4,68.7
2026-07-22 16:51:00,25.4,68.6
2026-07-22 16:51:20,25.4,68.6
2026-07-22 16:51:40,25.4,68.6
2026-07-22 16:52:00,25.4,68.7
2026-07-22 16:52:20,25.4,68.7
2026-07-22 16:52:40,25.4,68.7
2026-07-22 16:53:00,25.4,68.7
2026-07-22 16:53:20,25.4,68.7
2026-07-22 16:53:40,25.4,68.7
2026-07-22 16:54:00,25.4,68.7
2026-07-22 16:54:20,25.4,68.8
2026-07-22 16:54:40,25.4,68.7
2026-07-22 16:55:00,25.4,68.7
2026-07-22 16:55:20,25.4,68.8
2026-07-22 16:55:40,25.4,68.8
2026-07-22 16:56:00,25.4,68.9
2026-07-22 16:56:20,25.4,68.9
2026-07-22 16:56:40,25.4,68.9
2026-07-22 16:57:00,25.4,68.8
2026-07-22 16:57:20,25.4,68.9
2026-07-22 16:57:40,25.4,68.9
2026-07-22 16:58:00,25.3,69.0
2026-07-22 16:58:20,25.3,69.1
2026-07-22 16:58:40,25.3,69.2
2026-07-22 16:59:00,25.3,69.2
2026-07-22 16:59:20,25.3,69.1
2026-07-22 16:59:40,25.3,69.2
2026-07-22 17:00:00,25.3,69.2
2026-07-22 17:00:20,25.3,69.2
2026-07-22 17:00:40,25.2,69.3
2026-07-22 17:01:00,25.2,69.4
2026-07-22 17:01:20,25.2,69.3
2026-07-22 17:01:40,25.3,69.4
2026-07-22 17:02:00,25.3,69.3
2026-07-22 17:02:21,25.2,69.3
2026-07-22 17:02:40,25.3,69.4
2026-07-22 17:03:00,25.2,69.4
2026-07-22 17:03:20,25.2,69.4
2026-07-22 17:03:41,25.2,69.5
2026-07-22 17:04:01,25.2,69.4
2026-07-22 17:04:21,25.2,69.5
2026-07-22 17:04:41,25.2,69.5
2026-07-22 17:05:01,25.2,69.5
2026-07-22 17:05:21,25.2,69.6
2026-07-22 17:05:41,25.2,69.5
2026-07-22 17:06:01,25.2,69.6
2026-07-22 17:06:21,25.2,69.6
2026-07-22 17:06:41,25.3,69.6
2026-07-22 17:07:01,25.2,69.6
2026-07-22 17:07:21,25.2,69.6
2026-07-22 17:07:41,25.2,69.7
2026-07-22 17:08:01,25.2,69.7
2026-07-22 17:08:21,25.2,69.6
2026-07-22 17:08:41,25.3,69.6
2026-07-22 17:09:01,25.3,69.8
2026-07-22 17:09:21,25.2,69.7
2026-07-22 17:09:41,25.2,69.8
2026-07-22 17:10:01,25.2,69.7
2026-07-22 17:10:21,25.2,69.8
2026-07-22 17:10:41,25.2,69.8
2026-07-22 17:11:01,25.2,69.8
2026-07-22 17:11:21,25.2,69.9
2026-07-22 17:11:41,25.2,69.9
2026-07-22 17:12:01,25.2,69.9
2026-07-22 17:12:21,25.2,69.9
2026-07-22 17:12:41,25.2,70.0
2026-07-22 17:13:01,25.2,69.9
2026-07-22 17:13:21,25.2,69.9
2026-07-22 17:13:41,25.2,69.9
2026-07-22 17:14:01,25.2,69.9
2026-07-22 17:14:21,25.2,69.9
2026-07-22 17:14:41,25.2,69.9
2026-07-22 17:15:01,25.2,70.0
2026-07-22 17:15:21,25.2,70.0
2026-07-22 17:15:41,25.2,70.0
2026-07-22 17:16:01,25.2,70.1
2026-07-22 17:16:21,25.2,70.2
2026-07-22 17:16:41,25.1,70.3
2026-07-22 17:17:01,25.1,70.3
2026-07-22 17:17:21,25.1,70.4
2026-07-22 17:17:41,25.1,70.3
2026-07-22 17:18:01,25.1,70.4
2026-07-22 17:18:21,25.1,70.3
2026-07-22 17:18:41,25.1,70.3
2026-07-22 17:19:01,25.1,70.4
2026-07-22 17:19:21,25.1,70.3
2026-07-22 17:19:41,25.1,70.3
2026-07-22 17:20:01,25.1,70.3
2026-07-22 17:20:21,25.1,70.4
2026-07-22 17:20:41,25.1,70.3
2026-07-22 17:21:01,25.1,
2026-07-22 17:21:02,,70.3
2026-07-22 17:21:22,25.1,70.3
2026-07-22 17:21:42,25.1,70.4
2026-07-22 17:22:02,25.1,70.3
2026-07-22 17:22:22,25.1,70.2
2026-07-22 17:22:42,25.1,70.2
2026-07-22 17:23:02,25.1,70.2
2026-07-22 17:23:22,25.1,70.3
2026-07-22 17:23:42,25.1,70.3
2026-07-22 17:24:02,25.1,70.3
2026-07-22 17:24:22,25.1,70.3
2026-07-22 17:24:42,25.1,70.2
2026-07-22 17:25:02,25.1,70.2
2026-07-22 17:25:22,25.1,70.2
2026-07-22 17:25:42,25.1,70.3
2026-07-22 17:26:02,25.0,70.3
2026-07-22 17:26:22,25.0,70.4
2026-07-22 17:26:42,25.1,70.4
2026-07-22 17:27:02,25.0,70.4
2026-07-22 17:27:22,25.0,70.4
2026-07-22 17:27:42,25.0,70.4
2026-07-22 17:28:02,25.1,70.4
2026-07-22 17:28:22,25.1,70.3
2026-07-22 17:28:42,25.1,70.3
2026-07-22 17:29:02,25.1,70.2
2026-07-22 17:29:22,25.1,70.2
2026-07-22 17:29:42,25.1,70.1
2026-07-22 17:30:02,25.1,70.0
2026-07-22 17:30:22,25.1,70.0
2026-07-22 17:30:42,25.1,70.1
2026-07-22 17:31:02,25.0,70.1
2026-07-22 17:31:22,25.0,70.1
2026-07-22 17:31:42,25.0,70.1
2026-07-22 17:32:02,25.0,70.1
2026-07-22 17:32:22,25.0,70.0
2026-07-22 17:32:42,25.0,70.1
2026-07-22 17:33:02,25.0,70.1
2026-07-22 17:33:22,24.9,70.0
2026-07-22 17:33:42,24.9,70.1
2026-07-22 17:34:02,24.9,70.1
2026-07-22 17:34:22,24.9,70.2
2026-07-22 17:34:42,24.9,70.1
2026-07-22 17:35:02,24.9,70.2
2026-07-22 17:35:22,24.9,70.2
2026-07-22 17:35:42,24.9,70.2
2026-07-22 17:36:02,24.9,70.2
2026-07-22 17:36:22,24.9,70.1
2026-07-22 17:36:42,24.9,70.1
2026-07-22 17:37:02,24.9,70.0
2026-07-22 17:37:22,24.9,70.0
2026-07-22 17:37:42,24.9,70.0
2026-07-22 17:38:02,24.9,70.1
2026-07-22 17:38:22,24.9,70.0
2026-07-22 17:38:43,24.9,70.1
2026-07-22 17:39:03,24.9,70.1
2026-07-22 17:39:23,24.9,70.1
2026-07-22 17:39:43,24.9,70.0
2026-07-22 17:40:03,24.8,70.0
2026-07-22 17:40:23,24.8,70.0
2026-07-22 17:40:43,24.8,70.0
2026-07-22 17:41:03,24.9,70.0
2026-07-22 17:41:23,24.9,70.0
2026-07-22 17:41:43,24.8,69.9
2026-07-22 17:42:03,24.8,69.9
2026-07-22 17:42:23,24.8,69.9
2026-07-22 17:42:43,24.8,70.0
2026-07-22 17:43:03,24.8,69.9
2026-07-22 17:43:23,24.8,69.9
2026-07-22 17:43:43,24.8,69.9
2026-07-22 17:44:03,24.8,70.0
2026-07-22 17:44:23,24.8,70.1
2026-07-22 17:44:43,24.7,70.0
2026-07-22 17:45:03,24.8,70.0
2026-07-22 17:45:23,24.8,70.0
2026-07-22 17:45:43,24.8,69.9
2026-07-22 17:46:03,24.8,69.9
2026-07-22 17:46:23,24.7,70.0
2026-07-22 17:46:43,24.7,70.0
2026-07-22 17:47:03,24.8,70.0
2026-07-22 17:47:23,24.8,69.8
2026-07-22 17:47:43,24.8,69.8
2026-07-22 17:48:03,24.8,69.8
2026-07-22 17:48:23,24.7,69.9
2026-07-22 17:48:43,24.8,69.9
2026-07-22 17:49:03,24.7,69.8
2026-07-22 17:49:23,24.7,69.9
2026-07-22 17:49:43,24.7,69.8
2026-07-22 17:50:03,24.7,69.9
2026-07-22 17:50:23,24.7,69.9
2026-07-22 17:50:43,24.7,69.9
2026-07-22 17:51:03,24.7,70.0
2026-07-22 17:51:23,24.7,70.1
2026-07-22 17:51:43,24.7,70.1
2026-07-22 17:52:03,24.7,70.1
2026-07-22 17:52:23,24.6,70.1
2026-07-22 17:52:43,24.7,70.2
2026-07-22 17:53:03,24.7,70.1
2026-07-22 17:53:23,24.6,70.1
2026-07-22 17:53:43,24.6,70.2
2026-07-22 17:54:04,24.6,70.1
2026-07-22 17:54:23,24.6,70.1
2026-07-22 17:54:43,24.7,70.1
2026-07-22 17:55:04,24.6,70.0
2026-07-22 17:55:23,24.7,70.0
2026-07-22 17:55:43,24.7,69.9
2026-07-22 17:56:04,24.6,69.9
2026-07-22 17:56:24,24.6,70.0
2026-07-22 17:56:44,24.6,69.9
2026-07-22 17:57:04,24.6,69.9
2026-07-22 17:57:24,24.6,70.0
2026-07-22 17:57:44,24.6,69.9
2026-07-22 17:58:04,24.6,69.9
2026-07-22 17:58:24,24.6,70.0
2026-07-22 17:58:44,24.6,70.0
2026-07-22 17:59:04,24.6,69.9
2026-07-22 17:59:24,24.6,70.0
2026-07-22 17:59:44,24.6,70.0
2026-07-22 18:00:04,24.6,70.0
2026-07-22 18:00:24,24.6,70.0
2026-07-22 18:00:44,24.6,70.0
2026-07-22 18:01:04,24.6,70.0
2026-07-22 18:01:24,24.6,70.0
2026-07-22 18:01:44,24.6,70.1
2026-07-22 18:02:04,24.6,70.0
2026-07-22 18:02:24,24.6,70.0
2026-07-22 18:02:44,24.6,70.0
2026-07-22 18:03:04,24.6,70.1
2026-07-22 18:03:24,24.6,70.0
2026-07-22 18:03:44,24.6,70.0
2026-07-22 18:04:04,24.6,70.1
2026-07-22 18:04:24,24.6,
2026-07-22 18:04:25,,70.1
2026-07-22 18:04:44,24.6,70.0
2026-07-22 18:05:04,24.6,70.1
2026-07-22 18:05:24,24.6,70.0
2026-07-22 18:05:44,24.6,70.0
2026-07-22 18:06:04,24.6,70.0
2026-07-22 18:06:24,24.6,70.1
2026-07-22 18:06:44,24.6,70.1
2026-07-22 18:07:04,24.5,70.2
2026-07-22 18:07:24,24.5,70.2
2026-07-22 18:07:44,24.5,
2026-07-22 18:07:45,,70.2
2026-07-22 18:08:04,24.5,70.2
2026-07-22 18:08:24,24.5,70.2
2026-07-22 18:08:44,24.5,70.3
2026-07-22 18:09:04,24.5,70.2
2026-07-22 18:09:24,24.5,70.2
2026-07-22 18:09:44,24.5,70.3
2026-07-22 18:10:04,24.5,70.3
2026-07-22 18:10:24,24.4,70.4
2026-07-22 18:10:44,24.4,70.3
2026-07-22 18:11:04,24.4,70.5
2026-07-22 18:11:24,24.4,70.4
2026-07-22 18:11:44,24.4,70.3
2026-07-22 18:12:04,24.5,70.3
2026-07-22 18:12:24,24.5,70.2
2026-07-22 18:12:44,24.5,70.2
2026-07-22 18:13:04,24.5,70.3
2026-07-22 18:13:24,24.5,
2026-07-22 18:13:25,,70.2
2026-07-22 18:13:45,24.5,70.2
2026-07-22 18:14:05,24.5,70.2
2026-07-22 18:14:25,24.5,70.2
2026-07-22 18:14:45,24.5,70.0
2026-07-22 18:15:05,24.5,69.9
2026-07-22 18:15:25,24.5,69.9
2026-07-22 18:15:45,24.5,70.0
2026-07-22 18:16:05,24.5,70.0
2026-07-22 18:16:25,24.5,69.9
2026-07-22 18:16:45,24.5,69.9
2026-07-22 18:17:05,24.5,69.9
2026-07-22 18:17:25,24.5,69.9
2026-07-22 18:17:45,24.5,69.9
2026-07-22 18:18:05,24.5,69.9
2026-07-22 18:18:25,24.5,69.9
2026-07-22 18:18:45,24.5,69.8
2026-07-22 18:19:05,24.5,69.8
2026-07-22 18:19:25,24.5,69.8
2026-07-22 18:19:45,24.5,69.7
2026-07-22 18:20:05,24.5,69.7
2026-07-22 18:20:25,24.5,69.6
2026-07-22 18:20:45,24.5,69.6
2026-07-22 18:21:05,24.5,69.6
2026-07-22 18:21:25,24.5,69.6
2026-07-22 18:21:45,24.5,69.7
2026-07-22 18:22:05,24.5,69.7
2026-07-22 18:22:25,24.5,
2026-07-22 18:22:26,,69.7
2026-07-22 18:22:45,24.5,69.7
2026-07-22 18:23:05,24.5,69.6
2026-07-22 18:23:25,24.5,69.6
2026-07-22 18:23:45,24.5,69.7
2026-07-22 18:24:05,24.5,69.7
2026-07-22 18:24:25,24.5,69.6
2026-07-22 18:24:45,24.5,69.6
2026-07-22 18:25:05,24.5,69.5
2026-07-22 18:25:25,24.5,69.5
2026-07-22 18:25:45,24.5,69.5
2026-07-22 18:26:05,24.5,69.5
2026-07-22 18:26:25,24.5,69.4
2026-07-22 18:26:45,24.6,69.4
2026-07-22 18:27:05,24.5,69.3
2026-07-22 18:27:25,24.5,69.4
2026-07-22 18:27:45,24.5,69.5
2026-07-22 18:28:05,24.5,69.5
2026-07-22 18:28:25,24.5,69.4
2026-07-22 18:28:45,24.5,69.4
2026-07-22 18:29:05,24.6,69.3
2026-07-22 18:29:25,24.5,69.4
2026-07-22 18:29:45,24.5,69.4
2026-07-22 18:30:05,24.5,69.4
2026-07-22 18:30:26,24.6,69.4
2026-07-22 18:30:46,24.6,69.3
2026-07-22 18:31:06,24.6,69.2
2026-07-22 18:31:26,24.6,69.2
2026-07-22 18:31:46,24.6,69.1
2026-07-22 18:32:06,24.6,69.1
2026-07-22 18:32:26,24.6,69.1
2026-07-22 18:32:46,24.5,69.0
2026-07-22 18:33:06,24.5,69.1
2026-07-22 18:33:26,24.5,69.1
2026-07-22 18:33:46,24.5,69.1
2026-07-22 18:34:06,24.5,69.3
2026-07-22 18:34:26,24.5,69.1
2026-07-22 18:34:46,24.5,69.1
2026-07-22 18:35:06,24.5,69.2
2026-07-22 18:35:26,24.5,69.2
2026-07-22 18:35:46,24.5,69.2
2026-07-22 18:36:06,24.5,69.1
2026-07-22 18:36:26,24.6,69.0
2026-07-22 18:36:46,24.5,69.0
2026-07-22 18:37:06,24.6,69.1
2026-07-22 18:37:26,24.6,69.0
2026-07-22 18:37:46,24.6,69.0
2026-07-22 18:38:06,24.6,68.9
2026-07-22 18:38:26,24.6,68.9
2026-07-22 18:38:46,24.6,68.9
2026-07-22 18:39:06,24.5,68.9
2026-07-22 18:39:26,24.5,68.9
2026-07-22 18:39:46,24.5,68.8
2026-07-22 18:40:06,24.5,68.9
2026-07-22 18:40:26,24.5,69.1
2026-07-22 18:40:46,24.5,69.2
2026-07-22 18:41:06,24.5,69.2
2026-07-22 18:41:26,24.5,69.1
2026-07-22 18:41:46,24.5,69.0
2026-07-22 18:42:06,24.5,68.9
2026-07-22 18:42:26,24.5,68.9
2026-07-22 18:42:46,24.5,68.9
2026-07-22 18:43:06,24.5,68.8
2026-07-22 18:43:26,24.5,68.7
2026-07-22 18:43:46,24.5,68.9
2026-07-22 18:44:06,24.5,69.0
2026-07-22 18:44:26,24.5,69.0
2026-07-22 18:44:46,24.5,68.9
2026-07-22 18:45:06,24.5,68.8
2026-07-22 18:45:26,24.5,68.7
2026-07-22 18:45:46,24.5,68.5
2026-07-22 18:46:06,24.5,68.6
2026-07-22 18:46:26,24.5,68.6
2026-07-22 18:46:46,24.5,68.7
2026-07-22 18:47:07,24.5,68.7
2026-07-22 18:47:27,24.5,68.6
2026-07-22 18:47:47,24.5,68.7
2026-07-22 18:48:07,24.5,68.7
2026-07-22 18:48:27,24.5,68.8
2026-07-22 18:48:47,24.5,68.8
2026-07-22 18:49:07,24.5,68.6
2026-07-22 18:49:27,24.5,68.6
2026-07-22 18:49:47,24.5,68.5
2026-07-22 18:50:07,24.5,68.4
2026-07-22 18:50:27,24.5,68.4
2026-07-22 18:50:47,24.5,68.5
2026-07-22 18:51:07,24.5,68.4
2026-07-22 18:51:27,24.5,68.3
2026-07-22 18:51:47,24.5,68.2
2026-07-22 18:52:07,24.5,68.3
2026-07-22 18:52:27,24.5,68.2
2026-07-22 18:52:47,24.5,68.1
2026-07-22 18:53:07,24.5,68.0
2026-07-22 18:53:27,24.5,67.8
2026-07-22 18:53:47,24.4,67.9
2026-07-22 18:54:07,24.4,68.2
2026-07-22 18:54:27,24.5,68.2
2026-07-22 18:54:47,24.5,68.0
2026-07-22 18:55:07,24.5,68.1
2026-07-22 18:55:27,24.5,68.0
2026-07-22 18:55:47,24.5,
2026-07-22 18:55:49,,68.0
2026-07-22 18:56:07,24.5,67.7
2026-07-22 18:56:27,24.5,67.9
2026-07-22 18:56:47,24.5,67.9
2026-07-22 18:57:07,24.5,67.9
2026-07-22 18:57:28,24.5,67.8
2026-07-22 18:57:47,24.5,67.6
2026-07-22 18:58:07,24.5,67.5
2026-07-22 18:58:27,24.5,67.6
2026-07-22 18:58:47,24.5,67.5
2026-07-22 18:59:07,24.5,67.5
2026-07-22 18:59:27,24.5,67.4
2026-07-22 18:59:47,24.6,67.3
2026-07-22 19:00:07,24.5,
2026-07-22 19:00:08,,67.1
2026-07-22 19:00:27,24.5,67.1
2026-07-22 19:00:47,24.5,67.2
2026-07-22 19:01:07,24.5,67.1
2026-07-22 19:01:27,24.5,67.0
2026-07-22 19:01:47,24.5,66.7
2026-07-22 19:02:07,24.5,66.7
2026-07-22 19:02:27,24.5,67.0
2026-07-22 19:02:48,24.5,67.0
2026-07-22 19:03:07,24.5,
2026-07-22 19:03:08,,67.0
2026-07-22 19:03:27,24.5,66.9
2026-07-22 19:03:47,24.5,
2026-07-22 19:03:48,,66.7
2026-07-22 19:04:08,24.5,66.6
2026-07-22 19:04:28,24.4,66.6
2026-07-22 19:04:48,24.5,66.6
2026-07-22 19:05:08,24.4,66.4
2026-07-22 19:05:28,24.4,66.2
2026-07-22 19:05:48,24.4,66.1
2026-07-22 19:06:08,24.4,66.0
2026-07-22 19:06:28,24.4,66.3
2026-07-22 19:06:48,24.4,66.3
2026-07-22 19:07:08,24.3,66.2
2026-07-22 19:07:28,24.3,66.1
2026-07-22 19:07:48,24.3,66.0
2026-07-22 19:08:08,24.3,65.9
2026-07-22 19:08:28,24.3,65.7
2026-07-22 19:08:48,24.3,65.7
2026-07-22 19:09:08,24.3,66.0
2026-07-22 19:09:28,24.3,66.0
2026-07-22 19:09:48,24.3,66.0
2026-07-22 19:10:08,24.3,66.3
2026-07-22 19:10:28,24.3,66.1
2026-07-22 19:10:48,24.3,66.0
2026-07-22 19:11:08,24.3,66.0
2026-07-22 19:11:28,24.3,65.9
2026-07-22 19:11:48,24.3,66.0
2026-07-22 19:12:08,24.3,65.9
2026-07-22 19:12:28,24.3,65.9
2026-07-22 19:12:48,24.3,65.8
2026-07-22 19:13:08,24.3,65.7
2026-07-22 19:13:28,24.3,65.8
2026-07-22 19:13:48,24.3,65.9
2026-07-22 19:14:08,24.3,65.9
2026-07-22 19:14:28,24.3,65.8
2026-07-22 19:14:48,24.3,66.0
2026-07-22 19:15:08,24.3,65.8
2026-07-22 19:15:28,24.4,65.7
2026-07-22 19:15:48,24.3,65.7
2026-07-22 19:16:08,24.3,65.6
2026-07-22 19:16:28,24.3,65.6
2026-07-22 19:16:48,24.3,65.5
2026-07-22 19:17:08,24.3,65.8
2026-07-22 19:17:28,24.3,65.8
2026-07-22 19:17:48,24.3,65.6
2026-07-22 19:18:08,24.3,65.9
2026-07-22 19:18:28,24.4,66.1
2026-07-22 19:18:49,24.4,66.1
2026-07-22 19:19:08,24.4,66.1
2026-07-22 19:19:29,24.4,65.9
2026-07-22 19:19:49,24.4,65.8
2026-07-22 19:20:09,24.4,65.7
2026-07-22 19:20:29,24.4,65.6
2026-07-22 19:20:49,24.4,65.5
2026-07-22 19:21:09,24.4,65.5
2026-07-22 19:21:29,24.4,65.3
2026-07-22 19:21:49,24.4,65.3
2026-07-22 19:22:09,24.3,65.3
2026-07-22 19:22:29,24.3,65.3
2026-07-22 19:22:49,24.3,65.4
2026-07-22 19:23:09,24.3,65.4
2026-07-22 19:23:29,24.3,65.5
2026-07-22 19:23:49,24.3,65.4
2026-07-22 19:24:09,24.3,65.7
2026-07-22 19:24:29,24.3,65.8
2026-07-22 19:24:49,24.3,65.7
2026-07-22 19:25:09,24.3,65.7
2026-07-22 19:25:29,24.3,65.5
2026-07-22 19:25:49,24.3,65.6
2026-07-22 19:26:09,24.3,65.5
2026-07-22 19:26:29,24.4,65.6
2026-07-22 19:26:49,24.4,65.7
2026-07-22 19:27:09,24.4,65.8
2026-07-22 19:27:29,24.4,65.7
2026-07-22 19:27:49,24.4,65.6
2026-07-22 19:28:09,24.4,65.5
2026-07-22 19:28:29,24.4,65.5
2026-07-22 19:28:49,24.4,65.5
2026-07-22 19:29:09,24.4,65.6
2026-07-22 19:29:29,24.4,65.6
2026-07-22 19:29:49,24.4,65.5
2026-07-22 19:30:09,24.4,65.5
2026-07-22 19:30:29,24.4,65.5
2026-07-22 19:30:49,24.4,65.6
2026-07-22 19:31:09,24.4,65.7
2026-07-22 19:31:29,24.4,65.7
2026-07-22 19:31:49,24.4,65.6
2026-07-22 19:32:09,24.4,65.6
2026-07-22 19:32:29,24.4,65.6
2026-07-22 19:32:49,24.4,65.7
2026-07-22 19:33:09,24.4,65.6
2026-07-22 19:33:29,24.4,65.7
2026-07-22 19:33:49,24.4,65.6
2026-07-22 19:34:09,24.4,65.5
2026-07-22 19:34:29,24.4,65.5
2026-07-22 19:34:49,24.4,65.5
2026-07-22 19:35:09,24.4,65.5
2026-07-22 19:35:29,24.4,65.5
2026-07-22 19:35:49,24.4,65.5
2026-07-22 19:36:09,24.3,65.7
2026-07-22 19:36:29,24.3,65.7
2026-07-22 19:36:49,24.3,65.9
2026-07-22 19:37:09,24.4,
2026-07-22 19:37:10,,65.9
2026-07-22 19:37:30,24.4,65.8
2026-07-22 19:37:50,24.4,65.8
2026-07-22 19:38:10,24.4,65.8
2026-07-22 19:38:30,24.4,65.8
2026-07-22 19:38:50,24.4,66.0
2026-07-22 19:39:10,24.4,65.9
2026-07-22 19:39:30,24.4,65.9
2026-07-22 19:39:50,24.4,65.9
2026-07-22 19:40:10,24.4,65.9
2026-07-22 19:40:30,24.4,65.8
2026-07-22 19:40:50,24.4,65.8
2026-07-22 19:41:10,24.3,65.8
2026-07-22 19:41:30,24.3,65.9
2026-07-22 19:41:50,24.3,65.9
2026-07-22 19:42:10,24.3,65.8
2026-07-22 19:42:30,24.3,65.9
2026-07-22 19:42:50,24.3,65.8
2026-07-22 19:43:10,24.2,65.9
2026-07-22 19:43:30,24.2,66.0
2026-07-22 19:43:50,24.2,66.0
2026-07-22 19:44:10,24.2,66.0
2026-07-22 19:44:30,24.2,66.0
2026-07-22 19:44:50,24.2,66.1
2026-07-22 19:45:10,24.2,66.2
2026-07-22 19:45:30,24.2,66.2
2026-07-22 19:45:50,24.2,66.2
2026-07-22 19:46:10,24.2,66.2
2026-07-22 19:46:30,24.2,66.2
2026-07-22 19:46:50,24.1,66.2
2026-07-22 19:47:10,24.1,66.2
2026-07-22 19:47:30,24.1,66.2
2026-07-22 19:47:50,24.1,66.2
2026-07-22 19:48:10,24.1,66.2
2026-07-22 19:48:30,24.1,66.5
2026-07-22 19:48:50,24.1,66.4
2026-07-22 19:49:10,24.1,66.3
2026-07-22 19:49:30,24.1,66.3
2026-07-22 19:49:50,24.1,66.3
2026-07-22 19:50:10,24.1,66.3
2026-07-22 19:50:30,24.2,66.4
2026-07-22 19:50:50,24.2,66.4
2026-07-22 19:51:10,24.2,66.3
2026-07-22 19:51:30,24.2,66.4
2026-07-22 19:51:50,24.2,66.4
2026-07-22 19:52:10,24.2,66.4
2026-07-22 19:52:30,24.3,66.3
2026-07-22 19:52:50,24.3,66.2
2026-07-22 19:53:10,24.3,66.3
2026-07-22 19:53:30,24.3,66.2
2026-07-22 19:53:50,24.3,66.2
2026-07-22 19:54:10,24.3,66.1
2026-07-22 19:54:30,24.2,
2026-07-22 19:54:31,,66.1
2026-07-22 19:54:51,24.2,66.1
2026-07-22 19:55:11,24.2,66.2
2026-07-22 19:55:31,24.2,66.3
2026-07-22 19:55:51,24.2,66.4
2026-07-22 19:56:11,24.2,66.4
2026-07-22 19:56:31,24.1,66.4
2026-07-22 19:56:51,24.1,66.4
2026-07-22 19:57:11,24.1,66.4
2026-07-22 19:57:31,24.1,66.5
2026-07-22 19:57:51,24.1,66.6
2026-07-22 19:58:11,24.2,66.5
2026-07-22 19:58:31,24.2,66.5
2026-07-22 19:58:51,24.2,66.6
2026-07-22 19:59:11,24.2,66.5
2026-07-22 19:59:31,24.2,66.5
2026-07-22 19:59:51,24.2,66.6
2026-07-22 20:00:11,24.2,66.5
2026-07-22 20:00:31,24.2,66.5
2026-07-22 20:00:51,24.2,66.5
2026-07-22 20:01:11,24.1,66.5
2026-07-22 20:01:31,24.1,66.5
2026-07-22 20:01:51,24.1,66.6
2026-07-22 20:02:11,24.1,66.6
2026-07-22 20:02:31,24.1,66.7
2026-07-22 20:02:51,24.1,66.8
2026-07-22 20:03:11,24.1,66.7
2026-07-22 20:03:31,24.1,66.8
2026-07-22 20:03:51,24.1,66.9
2026-07-22 20:04:11,24.1,66.9
2026-07-22 20:04:31,24.0,66.9
2026-07-22 20:04:51,24.0,66.9
2026-07-22 20:05:11,24.0,67.0
2026-07-22 20:05:31,24.1,67.0
2026-07-22 20:05:51,24.1,67.0
2026-07-22 20:06:11,24.1,67.0
2026-07-22 20:06:31,24.1,67.0
2026-07-22 20:06:51,24.1,67.0
2026-07-22 20:07:11,24.1,67.0
2026-07-22 20:07:31,24.1,67.1
2026-07-22 20:07:51,24.1,67.1
2026-07-22 20:08:11,24.1,67.1
2026-07-22 20:08:31,24.1,67.0
2026-07-22 20:08:51,24.1,67.0
2026-07-22 20:09:11,24.1,67.1
2026-07-22 20:09:31,24.1,67.2
2026-07-22 20:09:51,24.1,67.1
2026-07-22 20:10:12,24.1,67.0
2026-07-22 20:10:31,24.1,67.0
2026-07-22 20:10:52,24.1,67.1
2026-07-22 20:11:12,24.1,67.2
2026-07-22 20:11:32,24.1,67.2
2026-07-22 20:11:52,24.1,
2026-07-22 20:11:53,,67.2
2026-07-22 20:12:12,24.1,67.1
2026-07-22 20:12:32,24.1,67.1
2026-07-22 20:12:52,24.1,67.1
2026-07-22 20:13:12,24.1,67.2
2026-07-22 20:13:32,24.1,
2026-07-22 20:13:33,,67.1
2026-07-22 20:13:52,24.1,67.0
2026-07-22 20:14:12,24.1,67.1
2026-07-22 20:14:32,24.1,67.0
2026-07-22 20:14:52,24.0,67.1
2026-07-22 20:15:12,24.0,67.1
2026-07-22 20:15:32,24.0,67.1
2026-07-22 20:15:52,24.0,67.2
2026-07-22 20:16:12,24.0,67.1
2026-07-22 20:16:32,24.0,67.1
2026-07-22 20:16:52,24.0,67.1
2026-07-22 20:17:12,24.1,67.1
2026-07-22 20:17:32,24.0,67.1
2026-07-22 20:17:52,24.0,67.1
2026-07-22 20:18:12,24.0,67.1
2026-07-22 20:18:32,24.0,67.1
2026-07-22 20:18:52,24.0,67.1
2026-07-22 20:19:12,24.0,67.1
2026-07-22 20:19:32,24.0,67.2
2026-07-22 20:19:52,24.0,67.2
2026-07-22 20:20:12,24.0,67.2
2026-07-22 20:20:32,23.9,67.3
2026-07-22 20:20:52,24.0,67.2
2026-07-22 20:21:12,24.0,67.3
2026-07-22 20:21:32,23.9,67.2
2026-07-22 20:21:52,23.9,67.3
2026-07-22 20:22:12,23.9,
2026-07-22 20:22:13,,67.3
2026-07-22 20:22:32,23.9,67.3
2026-07-22 20:22:52,23.9,67.4
2026-07-22 20:23:12,23.9,67.4
2026-07-22 20:23:32,24.0,67.4
2026-07-22 20:23:52,24.0,67.4
2026-07-22 20:24:12,24.0,67.3
2026-07-22 20:24:32,24.0,67.3
2026-07-22 20:24:52,24.0,67.3
2026-07-22 20:25:12,24.0,67.3
2026-07-22 20:25:32,24.0,67.3
2026-07-22 20:25:52,24.0,67.2
2026-07-22 20:26:12,24.0,67.2
2026-07-22 20:26:32,24.0,67.2
2026-07-22 20:26:53,24.0,67.3
2026-07-22 20:27:14,24.0,67.2
2026-07-22 20:27:33,24.0,67.3
2026-07-22 20:27:53,24.0,67.2
2026-07-22 20:28:13,24.0,67.3
2026-07-22 20:28:38,24.0,67.3
2026-07-22 20:28:53,24.0,67.2
2026-07-22 20:29:13,24.0,67.1
2026-07-22 20:29:33,24.1,67.0
2026-07-22 20:29:54,24.0,67.1
2026-07-22 20:30:13,24.0,67.1
2026-07-22 20:30:33,24.0,67.0
2026-07-22 20:30:53,24.0,67.1
2026-07-22 20:31:13,24.0,67.0
2026-07-22 20:31:33,24.0,67.0
2026-07-22 20:31:53,24.0,67.2
2026-07-22 20:32:13,24.0,
2026-07-22 20:32:14,,67.2
2026-07-22 20:32:33,24.0,67.1
2026-07-22 20:32:53,24.0,67.1
2026-07-22 20:33:13,23.9,67.1
2026-07-22 20:33:33,24.0,67.1
2026-07-22 20:33:53,24.0,67.1
2026-07-22 20:34:13,24.0,67.1
2026-07-22 20:34:34,24.0,67.1
2026-07-22 20:34:55,24.0,
2026-07-22 20:34:56,,67.1
2026-07-22 20:35:13,24.0,67.1
2026-07-22 20:35:33,24.0,67.1
2026-07-22 20:35:53,24.0,67.1
2026-07-22 20:36:13,24.0,67.0
2026-07-22 20:36:33,24.0,67.0
2026-07-22 20:36:53,23.9,67.1
2026-07-22 20:37:13,23.9,67.2
2026-07-22 20:37:33,23.9,67.1
2026-07-22 20:37:53,24.0,
2026-07-22 20:37:54,,67.1
2026-07-22 20:38:13,23.9,67.2
2026-07-22 20:38:33,23.9,
2026-07-22 20:38:34,,67.1
2026-07-22 20:38:53,23.9,67.1
2026-07-22 20:39:13,23.9,67.0
2026-07-22 20:39:33,23.9,67.0
2026-07-22 20:39:53,23.9,
2026-07-22 20:39:55,,67.1
2026-07-22 20:40:13,23.9,67.0
2026-07-22 20:40:33,23.9,
2026-07-22 20:40:38,,67.0
2026-07-22 20:40:53,23.9,67.1
2026-07-22 20:41:13,23.8,67.1
2026-07-22 20:41:33,23.9,67.2
2026-07-22 20:41:53,23.9,67.2
2026-07-22 20:42:13,23.9,67.1
2026-07-22 20:42:33,23.9,67.1
2026-07-22 20:42:53,23.9,67.1
2026-07-22 20:43:13,23.9,67.0
2026-07-22 20:43:34,23.9,67.0
2026-07-22 20:43:54,23.9,67.0
2026-07-22 20:44:14,23.9,67.1
2026-07-22 20:44:34,23.9,67.1
2026-07-22 20:44:55,23.9,67.0
2026-07-22 20:45:14,23.9,
2026-07-22 20:45:16,,67.1
2026-07-22 20:45:34,23.9,67.0
2026-07-22 20:45:54,23.9,67.0
2026-07-22 20:46:14,23.9,67.1
2026-07-22 20:46:34,23.9,67.1
2026-07-22 20:46:54,23.9,66.9
2026-07-22 20:47:14,23.9,66.9
2026-07-22 20:47:34,23.9,66.8
2026-07-22 20:47:55,23.9,66.8
2026-07-22 20:48:14,23.9,66.9
2026-07-22 20:48:34,23.9,
2026-07-22 20:48:35,,66.8
2026-07-22 20:48:54,23.9,66.9
2026-07-22 20:49:14,23.9,66.9
2026-07-22 20:49:34,23.9,66.9
2026-07-22 20:49:54,23.9,66.9
2026-07-22 20:50:14,23.9,66.9
2026-07-22 20:50:34,23.9,67.0
2026-07-22 20:50:54,23.9,66.9
2026-07-22 20:51:14,23.9,66.9
2026-07-22 20:51:36,23.9,66.9
2026-07-22 20:51:54,23.9,66.9
2026-07-22 20:52:14,23.9,66.9
2026-07-22 20:52:34,23.9,66.8
2026-07-22 20:52:54,23.9,
2026-07-22 20:52:55,,66.8
2026-07-22 20:53:14,23.9,66.8
2026-07-22 20:53:34,23.9,66.7
2026-07-22 20:53:54,23.9,66.6
2026-07-22 20:54:14,23.9,66.8
2026-07-22 20:54:34,23.9,66.7
2026-07-22 20:54:54,23.9,66.6
2026-07-22 20:55:14,23.9,66.6
2026-07-22 20:55:34,23.9,66.6
2026-07-22 20:55:54,23.9,66.7
2026-07-22 20:56:14,23.9,66.6
2026-07-22 20:56:34,23.9,66.7
2026-07-22 20:56:54,23.9,66.6
2026-07-22 20:57:14,23.9,66.5
2026-07-22 20:57:34,23.9,66.5
2026-07-22 20:57:54,23.8,
2026-07-22 20:57:59,,66.5
2026-07-22 20:58:15,23.8,66.7
2026-07-22 20:58:34,23.8,66.7
2026-07-22 20:58:56,23.8,66.7
2026-07-22 20:59:14,23.8,66.7
2026-07-22 20:59:35,23.8,66.6
2026-07-22 20:59:55,23.8,66.7
2026-07-22 21:00:15,23.8,66.7
2026-07-22 21:00:35,23.8,66.7
2026-07-22 21:00:55,23.8,66.7
2026-07-22 21:01:15,23.8,66.7
2026-07-22 21:01:35,23.8,66.7
2026-07-22 21:01:56,23.8,66.7
2026-07-22 21:02:15,23.7,66.7
2026-07-22 21:02:36,23.8,66.8
2026-07-22 21:02:55,23.8,66.8
2026-07-22 21:03:15,23.8,66.8
2026-07-22 21:03:35,23.8,66.8
2026-07-22 21:03:55,23.8,66.7
2026-07-22 21:04:15,23.8,66.7
2026-07-22 21:04:35,23.8,66.6
2026-07-22 21:04:55,23.8,66.7
2026-07-22 21:05:15,23.8,66.7
2026-07-22 21:05:35,23.8,66.8
2026-07-22 21:05:55,23.8,66.7
2026-07-22 21:06:15,23.8,66.7
2026-07-22 21:06:35,23.8,66.7
2026-07-22 21:06:56,23.8,66.7
2026-07-22 21:07:15,23.7,66.8
2026-07-22 21:07:35,23.7,66.7
2026-07-22 21:07:56,23.7,66.8
2026-07-22 21:08:15,23.7,66.8
2026-07-22 21:08:35,23.7,66.8
2026-07-22 21:08:55,23.7,
2026-07-22 21:08:57,,66.8
2026-07-22 21:09:15,23.7,66.8
2026-07-22 21:09:35,23.7,66.8
2026-07-22 21:09:55,23.7,66.9
2026-07-22 21:10:15,23.7,66.8
2026-07-22 21:10:35,23.7,66.9
2026-07-22 21:10:55,23.7,66.9
2026-07-22 21:11:15,23.7,66.9
2026-07-22 21:11:35,23.7,66.9
2026-07-22 21:11:55,23.7,67.0
2026-07-22 21:12:15,23.7,66.9
2026-07-22 21:12:35,23.7,66.9
2026-07-22 21:12:55,23.7,67.0
2026-07-22 21:13:15,23.7,67.0
2026-07-22 21:13:35,23.7,67.0
2026-07-22 21:13:55,23.7,67.0
2026-07-22 21:14:15,23.7,67.1
2026-07-22 21:14:35,23.7,67.1
2026-07-22 21:14:56,23.7,67.1
2026-07-22 21:15:16,23.7,67.2
2026-07-22 21:15:36,23.6,67.3
2026-07-22 21:15:56,23.7,67.4
2026-07-22 21:16:16,23.6,67.5
2026-07-22 21:16:36,23.6,67.5
2026-07-22 21:16:56,23.6,67.5
2026-07-22 21:17:16,23.6,67.5
2026-07-22 21:17:36,23.6,67.6
2026-07-22 21:17:56,23.6,67.7
2026-07-22 21:18:16,23.6,67.7
2026-07-22 21:18:36,23.6,67.8
2026-07-22 21:18:56,23.6,67.9
2026-07-22 21:19:16,23.6,67.9
2026-07-22 21:19:36,23.6,67.9
2026-07-22 21:19:56,23.6,67.9
2026-07-22 21:20:16,23.6,68.0
2026-07-22 21:20:36,23.6,68.1
2026-07-22 21:20:56,23.6,68.1
2026-07-22 21:21:16,23.6,68.1
2026-07-22 21:21:36,23.6,68.1
2026-07-22 21:21:56,23.6,68.1
2026-07-22 21:22:16,23.6,68.2
2026-07-22 21:22:36,23.6,68.3
2026-07-22 21:22:56,23.6,68.2
2026-07-22 21:23:16,23.6,68.3
2026-07-22 21:23:36,23.7,
2026-07-22 21:23:38,,68.4
2026-07-22 21:23:56,23.6,68.4
2026-07-22 21:24:16,23.6,68.5
2026-07-22 21:24:36,23.6,68.5
2026-07-22 21:24:56,23.7,68.4
2026-07-22 21:25:16,23.7,68.5
2026-07-22 21:25:36,23.6,68.7
2026-07-22 21:25:56,23.6,68.8
2026-07-22 21:26:18,23.6,68.8
2026-07-22 21:26:36,23.6,68.8
2026-07-22 21:26:58,23.6,68.8
2026-07-22 21:27:16,23.6,
2026-07-22 21:27:19,,68.9
2026-07-22 21:27:36,23.6,
2026-07-22 21:27:39,,68.9
2026-07-22 21:27:56,23.6,69.0
2026-07-22 21:28:16,23.6,69.1
2026-07-22 21:28:36,23.6,69.2
2026-07-22 21:28:56,23.6,69.3
2026-07-22 21:29:16,23.6,69.4
2026-07-22 21:29:37,23.6,69.4
2026-07-22 21:29:57,23.6,69.5
2026-07-22 21:30:16,23.6,69.6
2026-07-22 21:30:37,23.5,69.6
2026-07-22 21:30:57,23.5,69.7
2026-07-22 21:31:17,23.5,69.8
2026-07-22 21:31:37,23.5,69.8
2026-07-22 21:31:57,23.5,69.9
2026-07-22 21:32:17,23.5,69.9
2026-07-22 21:32:37,23.5,69.9
2026-07-22 21:32:57,23.6,70.0
2026-07-22 21:33:17,23.6,69.9
2026-07-22 21:33:37,23.6,69.8
2026-07-22 21:33:58,23.6,69.8
2026-07-22 21:34:17,23.6,69.8
2026-07-22 21:34:37,23.6,69.8
2026-07-22 21:34:57,23.6,69.8
2026-07-22 21:35:17,23.6,69.8
2026-07-22 21:35:37,23.6,69.8
2026-07-22 21:35:57,23.6,69.8
2026-07-22 21:36:17,23.6,69.8
2026-07-22 21:36:37,23.6,69.9
2026-07-22 21:36:57,23.6,69.9
2026-07-22 21:37:17,23.6,69.9
2026-07-22 21:37:37,23.6,70.0
2026-07-22 21:37:57,23.6,70.0
2026-07-22 21:38:17,23.6,70.1
2026-07-22 21:38:37,23.6,70.1
2026-07-22 21:38:57,23.6,70.2
2026-07-22 21:39:17,23.5,70.2
2026-07-22 21:39:37,23.6,70.3
2026-07-22 21:39:57,23.5,70.3
2026-07-22 21:40:17,23.5,70.4
2026-07-22 21:40:37,23.5,70.3
2026-07-22 21:40:57,23.6,70.4
2026-07-22 21:41:17,23.6,70.4
2026-07-22 21:41:37,23.6,70.3
2026-07-22 21:41:57,23.6,70.3
2026-07-22 21:42:17,23.6,70.2
2026-07-22 21:42:37,23.6,70.2
2026-07-22 21:42:57,23.6,70.2
2026-07-22 21:43:17,23.6,70.2
2026-07-22 21:43:37,23.7,70.2
2026-07-22 21:43:57,23.7,70.2
2026-07-22 21:44:17,23.7,70.1
2026-07-22 21:44:37,23.7,70.1
2026-07-22 21:44:57,23.7,70.1
2026-07-22 21:45:17,23.7,70.1
2026-07-22 21:45:37,23.7,70.1
2026-07-22 21:45:57,23.7,70.0
2026-07-22 21:46:17,23.6,70.1
2026-07-22 21:46:37,23.6,70.2
2026-07-22 21:46:57,23.6,70.2
2026-07-22 21:47:18,23.6,70.2
2026-07-22 21:47:37,23.6,70.2
2026-07-22 21:47:58,23.6,70.2
2026-07-22 21:48:18,23.6,70.3
2026-07-22 21:48:38,23.6,70.3
2026-07-22 21:48:58,23.6,70.4
2026-07-22 21:49:18,23.6,70.4
2026-07-22 21:49:38,23.6,70.3
2026-07-22 21:49:58,23.6,70.3
2026-07-22 21:50:18,23.6,70.3
2026-07-22 21:50:38,23.6,70.3
2026-07-22 21:50:58,23.6,70.3
2026-07-22 21:51:18,23.6,70.3
2026-07-22 21:51:38,23.6,70.2
2026-07-22 21:51:58,23.6,70.2
2026-07-22 21:52:18,23.6,70.3
2026-07-22 21:52:38,23.6,70.2
2026-07-22 21:52:58,23.6,70.2
2026-07-22 21:53:18,23.6,70.2
2026-07-22 21:53:38,23.6,70.2
2026-07-22 21:53:58,23.6,70.2
2026-07-22 21:54:18,23.6,70.3
2026-07-22 21:54:38,23.6,70.3
2026-07-22 21:54:58,23.5,70.4
2026-07-22 21:55:18,23.5,70.5
2026-07-22 21:55:38,23.5,70.4
2026-07-22 21:55:58,23.6,70.5
2026-07-22 21:56:18,23.5,70.5
2026-07-22 21:56:38,23.5,70.6
2026-07-22 21:56:58,23.5,70.6
2026-07-22 21:57:18,23.5,70.6
2026-07-22 21:57:38,23.5,70.6
2026-07-22 21:57:58,23.5,70.6
2026-07-22 21:58:18,23.5,70.5
2026-07-22 21:58:38,23.5,70.6
2026-07-22 21:58:58,23.5,70.6
2026-07-22 21:59:18,23.4,70.6
2026-07-22 21:59:38,23.5,70.7
2026-07-22 21:59:58,23.5,70.7
2026-07-22 22:00:18,23.5,70.7
2026-07-22 22:00:38,23.5,70.7
2026-07-22 22:00:58,23.5,70.6
2026-07-22 22:01:18,23.5,70.6
2026-07-22 22:01:38,23.5,70.7
2026-07-22 22:01:58,23.5,70.7
2026-07-22 22:02:18,23.5,70.7
2026-07-22 22:02:38,23.5,70.6
2026-07-22 22:02:58,23.5,70.6
2026-07-22 22:03:18,23.5,70.7
2026-07-22 22:03:38,23.5,70.7
2026-07-22 22:03:58,23.4,70.8
2026-07-22 22:04:18,23.5,70.8
2026-07-22 22:04:38,23.5,70.7
2026-07-22 22:04:58,23.5,70.7
2026-07-22 22:05:19,23.5,70.8
2026-07-22 22:05:39,23.5,70.7
2026-07-22 22:05:59,23.5,70.7
2026-07-22 22:06:19,23.5,70.7
2026-07-22 22:06:39,23.5,70.6
2026-07-22 22:06:59,23.5,70.6
2026-07-22 22:07:19,23.5,70.5
2026-07-22 22:07:39,23.5,70.6
2026-07-22 22:07:59,23.5,70.6
2026-07-22 22:08:19,23.5,70.6
2026-07-22 22:08:39,23.5,70.7
2026-07-22 22:08:59,23.5,70.7
2026-07-22 22:09:19,23.5,70.7
2026-07-22 22:09:39,23.4,70.8
2026-07-22 22:09:59,23.4,70.8
2026-07-22 22:10:19,23.4,70.9
2026-07-22 22:10:39,23.4,70.9
2026-07-22 22:10:59,23.4,70.8
2026-07-22 22:11:19,23.4,70.9
2026-07-22 22:11:39,23.4,70.8
2026-07-22 22:11:59,23.4,70.9
2026-07-22 22:12:19,23.4,70.8
2026-07-22 22:12:39,23.4,70.8
2026-07-22 22:12:59,23.4,70.7
2026-07-22 22:13:19,23.5,70.7
2026-07-22 22:13:39,23.5,70.6
2026-07-22 22:13:59,23.5,70.6
2026-07-22 22:14:19,23.5,70.6
2026-07-22 22:14:39,23.5,70.6
2026-07-22 22:14:59,23.5,70.6
2026-07-22 22:15:19,23.5,70.5
2026-07-22 22:15:39,23.5,70.5
2026-07-22 22:15:59,23.5,70.5
2026-07-22 22:16:19,23.5,70.5
2026-07-22 22:16:39,23.5,70.5
2026-07-22 22:16:59,23.6,70.5
2026-07-22 22:17:19,23.6,70.5
2026-07-22 22:17:39,23.6,70.4
2026-07-22 22:17:59,23.6,70.3
2026-07-22 22:18:19,23.6,70.4
2026-07-22 22:18:39,23.6,70.3
2026-07-22 22:18:59,23.6,70.3
2026-07-22 22:19:19,23.6,70.3
2026-07-22 22:19:39,23.6,70.3
2026-07-22 22:19:59,23.6,70.3
2026-07-22 22:20:19,23.5,70.3
2026-07-22 22:20:39,23.5,70.4
2026-07-22 22:20:59,23.5,70.4
2026-07-22 22:21:19,23.5,70.4
2026-07-22 22:21:39,23.5,
2026-07-22 22:21:40,,70.4
2026-07-22 22:22:00,23.5,70.4
2026-07-22 22:22:20,23.5,70.4
2026-07-22 22:22:40,23.6,70.4
2026-07-22 22:23:00,23.6,70.4
2026-07-22 22:23:20,23.6,70.5
2026-07-22 22:23:40,23.6,70.4
2026-07-22 22:24:00,23.6,70.3
2026-07-22 22:24:20,23.6,70.4
2026-07-22 22:24:40,23.6,70.3
2026-07-22 22:25:00,23.5,70.4
2026-07-22 22:25:20,23.5,70.3
2026-07-22 22:25:40,23.6,70.3
2026-07-22 22:26:00,23.5,70.3
2026-07-22 22:26:20,23.5,70.2
2026-07-22 22:26:40,23.5,70.2
2026-07-22 22:27:00,23.5,70.2
2026-07-22 22:27:20,23.5,70.2
2026-07-22 22:27:40,23.5,70.3
2026-07-22 22:28:00,23.5,70.3
2026-07-22 22:28:20,23.5,70.3
2026-07-22 22:28:40,23.5,70.3
2026-07-22 22:29:00,23.5,70.3
2026-07-22 22:29:20,23.5,70.3
2026-07-22 22:29:40,23.5,70.3
2026-07-22 22:30:00,23.6,70.2
2026-07-22 22:30:20,23.6,70.3
2026-07-22 22:30:40,23.6,70.3
2026-07-22 22:31:00,23.6,70.2
2026-07-22 22:31:20,23.6,70.0
2026-07-22 22:31:40,23.6,70.1
2026-07-22 22:32:00,23.7,69.9
2026-07-22 22:32:20,23.7,69.8
2026-07-22 22:32:40,23.7,69.7
2026-07-22 22:33:00,23.6,69.7
2026-07-22 22:33:20,23.6,69.7
2026-07-22 22:33:40,23.6,69.7
2026-07-22 22:34:00,23.6,69.8
2026-07-22 22:34:20,23.6,69.8
2026-07-22 22:34:40,23.6,69.8
2026-07-22 22:35:00,23.7,70.0
2026-07-22 22:35:20,23.7,69.9
2026-07-22 22:35:40,23.7,69.9
2026-07-22 22:36:00,23.7,69.7
2026-07-22 22:36:20,23.7,69.7
2026-07-22 22:36:40,23.7,69.7
2026-07-22 22:37:00,23.7,69.6
2026-07-22 22:37:20,23.7,69.6
2026-07-22 22:37:40,23.7,69.6
2026-07-22 22:38:00,23.7,69.5
2026-07-22 22:38:20,23.7,69.6
2026-07-22 22:38:40,23.7,69.6
2026-07-22 22:39:00,23.7,69.5
2026-07-22 22:39:21,23.7,69.6
2026-07-22 22:39:41,23.7,69.5
2026-07-22 22:40:01,23.7,69.5
2026-07-22 22:40:21,23.7,69.6
2026-07-22 22:40:41,23.7,69.6
2026-07-22 22:41:01,23.7,69.6
2026-07-22 22:41:21,23.7,69.5
2026-07-22 22:41:41,23.7,69.5
2026-07-22 22:42:01,23.7,69.6
2026-07-22 22:42:21,23.7,69.5
2026-07-22 22:42:41,23.7,69.5
2026-07-22 22:43:01,23.7,69.5
2026-07-22 22:43:21,23.7,69.5
2026-07-22 22:43:41,23.7,69.4
2026-07-22 22:44:01,23.7,69.4
2026-07-22 22:44:21,23.7,69.5
2026-07-22 22:44:41,23.8,69.5
2026-07-22 22:45:01,23.8,69.5
2026-07-22 22:45:21,23.8,69.4
2026-07-22 22:45:41,23.8,69.4
2026-07-22 22:46:01,23.8,69.2
2026-07-22 22:46:21,23.7,69.2
2026-07-22 22:46:41,23.8,69.3
2026-07-22 22:47:01,23.8,69.4
2026-07-22 22:47:21,23.7,69.4
2026-07-22 22:47:41,23.8,69.4
2026-07-22 22:48:01,23.8,69.4
2026-07-22 22:48:21,23.7,69.4
2026-07-22 22:48:41,23.7,69.4
2026-07-22 22:49:01,23.7,69.4
2026-07-22 22:49:21,23.7,69.3
2026-07-22 22:49:41,23.7,69.4
2026-07-22 22:50:01,23.7,69.2
2026-07-22 22:50:21,23.7,69.3
2026-07-22 22:50:41,23.7,69.3
2026-07-22 22:51:01,23.8,69.4
2026-07-22 22:51:21,23.8,69.4
2026-07-22 22:51:41,23.8,69.4
2026-07-22 22:52:01,23.8,69.3
2026-07-22 22:52:21,23.8,69.3
2026-07-22 22:52:41,23.8,69.2
2026-07-22 22:53:01,23.8,69.1
2026-07-22 22:53:21,23.8,69.1
2026-07-22 22:53:41,23.8,69.1
2026-07-22 22:54:01,23.8,69.0
2026-07-22 22:54:21,23.8,69.1
2026-07-22 22:54:42,23.8,69.0
2026-07-22 22:55:02,23.7,69.1
2026-07-22 22:55:22,23.7,69.2
2026-07-22 22:55:42,23.7,69.2
2026-07-22 22:56:02,23.7,69.2
2026-07-22 22:56:22,23.7,69.2
2026-07-22 22:56:42,23.8,69.1
2026-07-22 22:57:02,23.7,69.0
2026-07-22 22:57:22,23.7,68.9
2026-07-22 22:57:42,23.7,68.9
2026-07-22 22:58:02,23.7,69.0
2026-07-22 22:58:22,23.7,69.0
2026-07-22 22:58:42,23.7,69.0
2026-07-22 22:59:02,23.7,68.9
2026-07-22 22:59:22,23.7,68.9
2026-07-22 22:59:42,23.7,68.9
2026-07-22 23:00:02,23.7,69.0
2026-07-22 23:00:22,23.7,69.1
2026-07-22 23:00:42,23.7,69.0
2026-07-22 23:01:02,23.7,69.1
2026-07-22 23:01:22,23.7,69.0
2026-07-22 23:01:42,23.7,69.0
2026-07-22 23:02:02,23.7,69.0
2026-07-22 23:02:22,23.7,68.9
2026-07-22 23:02:42,23.7,68.9
2026-07-22 23:03:02,23.7,68.9
2026-07-22 23:03:22,23.7,68.8
2026-07-22 23:03:42,23.7,68.8
2026-07-22 23:04:02,23.7,68.8
2026-07-22 23:04:22,23.7,68.8
2026-07-22 23:04:42,23.7,68.8
2026-07-22 23:05:02,23.7,68.8
2026-07-22 23:05:22,23.7,68.8
2026-07-22 23:05:42,23.7,68.8
2026-07-22 23:06:02,23.7,68.9
2026-07-22 23:06:22,23.7,68.9
2026-07-22 23:06:42,23.7,68.8
2026-07-22 23:07:02,23.7,68.9
2026-07-22 23:07:22,23.7,68.9
2026-07-22 23:07:42,23.7,68.9
2026-07-22 23:08:02,23.7,68.8
2026-07-22 23:08:22,23.7,68.8
2026-07-22 23:08:42,23.7,68.8
2026-07-22 23:09:02,23.7,68.9
2026-07-22 23:09:22,23.7,68.8
2026-07-22 23:09:42,23.7,69.0
2026-07-22 23:10:02,23.7,69.0
2026-07-22 23:10:22,23.7,68.9
2026-07-22 23:10:42,23.7,68.9
2026-07-22 23:11:02,23.7,68.8
2026-07-22 23:11:22,23.7,68.7
2026-07-22 23:11:42,23.7,68.7
2026-07-22 23:12:03,23.6,68.7
2026-07-22 23:12:23,23.6,68.8
2026-07-22 23:12:43,23.6,68.8
2026-07-22 23:13:03,23.6,68.8
2026-07-22 23:13:23,23.7,68.8
2026-07-22 23:13:43,23.7,68.8
2026-07-22 23:14:03,23.7,68.7
2026-07-22 23:14:23,23.6,68.7
2026-07-22 23:14:43,23.6,68.8
2026-07-22 23:15:03,23.7,68.7
2026-07-22 23:15:23,23.7,68.7
2026-07-22 23:15:43,23.7,68.7
2026-07-22 23:16:03,23.7,68.6
2026-07-22 23:16:23,23.7,68.5
2026-07-22 23:16:43,23.7,68.5
2026-07-22 23:17:03,23.7,68.6
2026-07-22 23:17:23,23.7,68.6
2026-07-22 23:17:43,23.7,68.5
2026-07-22 23:18:03,23.7,68.5
2026-07-22 23:18:23,23.7,68.3
2026-07-22 23:18:43,23.7,68.3
2026-07-22 23:19:03,23.6,68.2
2026-07-22 23:19:23,23.7,67.9
2026-07-22 23:19:43,23.6,68.0
2026-07-22 23:20:03,23.6,68.1
2026-07-22 23:20:23,23.6,67.9
2026-07-22 23:20:43,23.6,67.8
2026-07-22 23:21:03,23.6,67.8
2026-07-22 23:21:23,23.5,68.0
2026-07-22 23:21:43,23.6,68.1
2026-07-22 23:22:03,23.6,68.0
2026-07-22 23:22:23,23.6,67.9
2026-07-22 23:22:43,23.6,67.8
2026-07-22 23:23:03,23.6,67.5
2026-07-22 23:23:23,23.6,67.4
2026-07-22 23:23:43,23.6,67.4
2026-07-22 23:24:03,23.6,67.5
2026-07-22 23:24:23,23.6,67.3
2026-07-22 23:24:43,23.6,67.3
2026-07-22 23:25:03,23.5,67.2
2026-07-22 23:25:23,23.5,67.2
2026-07-22 23:25:43,23.5,67.2
2026-07-22 23:26:03,23.5,67.1
2026-07-22 23:26:23,23.5,67.2
2026-07-22 23:26:43,23.5,67.1
2026-07-22 23:27:03,23.5,67.1
2026-07-22 23:27:23,23.5,67.1
2026-07-22 23:27:43,23.5,67.1
2026-07-22 23:28:03,23.5,67.0
2026-07-22 23:28:23,23.5,67.0
2026-07-22 23:28:44,23.5,66.9
2026-07-22 23:29:04,23.5,67.1
2026-07-22 23:29:24,23.5,67.0
2026-07-22 23:29:44,23.5,67.0
2026-07-22 23:30:04,23.5,66.9
2026-07-22 23:30:24,23.5,66.8
2026-07-22 23:30:44,23.5,66.9
2026-07-22 23:31:04,23.5,66.9
2026-07-22 23:31:24,23.5,67.0
2026-07-22 23:31:44,23.5,66.9
2026-07-22 23:32:04,23.5,66.6
2026-07-22 23:32:24,23.5,66.5
2026-07-22 23:32:44,23.5,66.4
2026-07-22 23:33:04,23.5,66.3
2026-07-22 23:33:24,23.4,66.3
2026-07-22 23:33:44,23.4,66.2
2026-07-22 23:34:04,23.4,66.3
2026-07-22 23:34:24,23.4,66.6
2026-07-22 23:34:44,23.5,66.8
2026-07-22 23:35:04,23.5,66.7
2026-07-22 23:35:24,23.5,66.5
2026-07-22 23:35:44,23.5,66.4
2026-07-22 23:36:04,23.5,66.3
2026-07-22 23:36:24,23.5,66.3
2026-07-22 23:36:44,23.5,66.4
2026-07-22 23:37:04,23.5,66.4
2026-07-22 23:37:24,23.5,66.2
2026-07-22 23:37:44,23.5,66.1
2026-07-22 23:38:04,23.5,66.1
2026-07-22 23:38:24,23.5,66.0
2026-07-22 23:38:44,23.5,66.1
2026-07-22 23:39:04,23.5,66.3
2026-07-22 23:39:24,23.5,66.1
2026-07-22 23:39:44,23.5,66.0
2026-07-22 23:40:04,23.4,66.0
2026-07-22 23:40:24,23.4,65.9
2026-07-22 23:40:44,23.5,66.2
2026-07-22 23:41:04,23.5,66.2
2026-07-22 23:41:24,23.5,66.1
2026-07-22 23:41:44,23.5,66.0
2026-07-22 23:42:04,23.5,65.9
2026-07-22 23:42:24,23.4,65.8
2026-07-22 23:42:44,23.4,65.8
2026-07-22 23:43:04,23.4,65.9
2026-07-22 23:43:24,23.4,65.9
2026-07-22 23:43:44,23.4,65.9
2026-07-22 23:44:04,23.4,65.8
2026-07-22 23:44:24,23.4,65.8
2026-07-22 23:44:44,23.4,65.9
2026-07-22 23:45:05,23.4,66.0
2026-07-22 23:45:25,23.4,65.9
2026-07-22 23:45:45,23.4,65.8
2026-07-22 23:46:05,23.4,65.9
2026-07-22 23:46:25,23.4,65.9
2026-07-22 23:46:45,23.4,66.1
2026-07-22 23:47:05,23.4,66.1
2026-07-22 23:47:25,23.4,66.1
2026-07-22 23:47:45,23.4,66.0
2026-07-22 23:48:05,23.4,65.9
2026-07-22 23:48:25,23.4,65.8
2026-07-22 23:48:45,23.4,65.8
2026-07-22 23:49:05,23.4,65.8
2026-07-22 23:49:25,23.4,65.8
2026-07-22 23:49:45,23.4,65.9
2026-07-22 23:50:05,23.4,65.9
2026-07-22 23:50:25,23.4,65.8
2026-07-22 23:50:45,23.4,65.8
2026-07-22 23:51:05,23.4,65.9
2026-07-22 23:51:25,23.4,66.0
2026-07-22 23:51:45,23.4,65.9
2026-07-22 23:52:05,23.4,65.9
2026-07-22 23:52:25,23.4,65.8
2026-07-22 23:52:45,23.4,65.8
2026-07-22 23:53:05,23.4,65.8
2026-07-22 23:53:25,23.4,65.7
2026-07-22 23:53:45,23.4,65.7
2026-07-22 23:54:05,23.3,65.7
2026-07-22 23:54:25,23.3,65.8
2026-07-22 23:54:45,23.3,66.1
2026-07-22 23:55:05,23.3,66.2
2026-07-22 23:55:25,23.3,66.0
2026-07-22 23:55:45,23.3,65.8
2026-07-22 23:56:05,23.3,65.8
2026-07-22 23:56:25,23.3,65.9
2026-07-22 23:56:45,23.2,66.0
2026-07-22 23:57:05,23.2,65.9
2026-07-22 23:57:25,23.2,65.9
2026-07-22 23:57:45,23.2,66.2
2026-07-22 23:58:05,23.2,66.2
2026-07-22 23:58:25,23.2,66.2
2026-07-22 23:58:45,23.3,66.0
2026-07-22 23:59:05,23.3,66.0
2026-07-22 23:59:25,23.3,66.1
2026-07-22 23:59:45,23.3,66.1
2026-07-23 00:00:05,23.3,66.1
2026-07-23 00:00:25,23.3,66.0
2026-07-23 00:00:45,23.3,66.0
2026-07-23 00:01:05,23.3,66.0
2026-07-23 00:01:25,23.3,66.0
2026-07-23 00:01:45,23.3,66.0
2026-07-23 00:02:05,23.3,66.0
2026-07-23 00:02:26,23.3,66.1
2026-07-23 00:02:46,23.2,66.1
2026-07-23 00:03:06,23.2,66.1
2026-07-23 00:03:26,23.2,66.2
2026-07-23 00:03:46,23.2,66.2
2026-07-23 00:04:06,23.2,66.3
2026-07-23 00:04:26,23.2,66.4
2026-07-23 00:04:46,23.2,66.5
2026-07-23 00:05:06,23.3,66.5
2026-07-23 00:05:26,23.3,66.5
2026-07-23 00:05:46,23.3,66.5
2026-07-23 00:06:06,23.3,66.5
2026-07-23 00:06:26,23.3,66.5
2026-07-23 00:06:46,23.3,66.5
2026-07-23 00:07:06,23.3,66.4
2026-07-23 00:07:26,23.3,66.4
2026-07-23 00:07:46,23.3,66.4
2026-07-23 00:08:06,23.3,66.4
2026-07-23 00:08:26,23.3,66.4
2026-07-23 00:08:46,23.2,66.5
2026-07-23 00:09:06,23.2,66.7
2026-07-23 00:09:26,23.2,66.7
2026-07-23 00:09:46,23.2,66.8
2026-07-23 00:10:06,23.2,66.8
2026-07-23 00:10:26,23.2,66.8
2026-07-23 00:10:46,23.2,66.8
2026-07-23 00:11:06,23.2,66.9
2026-07-23 00:11:26,23.2,67.1
2026-07-23 00:11:46,23.3,67.1
2026-07-23 00:12:06,23.3,66.9
2026-07-23 00:12:26,23.3,66.9
2026-07-23 00:12:46,23.3,66.9
2026-07-23 00:13:06,23.4,66.8
2026-07-23 00:13:26,23.3,66.9
2026-07-23 00:13:46,23.3,66.9
2026-07-23 00:14:06,23.3,66.9
2026-07-23 00:14:26,23.3,66.9
2026-07-23 00:14:46,23.3,67.0
2026-07-23 00:15:06,23.3,67.1
2026-07-23 00:15:26,23.2,67.2
2026-07-23 00:15:46,23.2,67.4
2026-07-23 00:16:06,23.2,67.4
2026-07-23 00:16:26,23.2,67.5
2026-07-23 00:16:46,23.1,67.6
2026-07-23 00:17:06,23.1,67.7
2026-07-23 00:17:26,23.1,67.7
2026-07-23 00:17:46,23.1,67.8
2026-07-23 00:18:06,23.1,67.8
2026-07-23 00:18:26,23.1,67.9
2026-07-23 00:18:47,23.2,67.9
2026-07-23 00:19:07,23.2,67.8
2026-07-23 00:19:27,23.2,67.8
2026-07-23 00:19:47,23.2,67.8
2026-07-23 00:20:07,23.3,67.8
2026-07-23 00:20:27,23.3,67.8
2026-07-23 00:20:47,23.3,67.7
2026-07-23 00:21:07,23.3,67.6
2026-07-23 00:21:27,23.3,67.7
2026-07-23 00:21:47,23.3,67.6
2026-07-23 00:22:07,23.3,67.7
2026-07-23 00:22:27,23.3,67.7
2026-07-23 00:22:47,23.2,67.8
2026-07-23 00:23:07,23.2,67.9
2026-07-23 00:23:27,23.2,68.0
2026-07-23 00:23:47,23.2,68.0
2026-07-23 00:24:07,23.2,68.1
2026-07-23 00:24:27,23.2,68.1
2026-07-23 00:24:47,23.2,68.2
2026-07-23 00:25:07,23.2,68.2
2026-07-23 00:25:27,23.2,68.2
2026-07-23 00:25:47,23.2,68.3
2026-07-23 00:26:07,23.2,68.2
2026-07-23 00:26:27,23.2,68.3
2026-07-23 00:26:47,23.3,68.2
2026-07-23 00:27:07,23.3,68.2
2026-07-23 00:27:27,23.2,68.2
2026-07-23 00:27:47,23.2,68.3
2026-07-23 00:28:07,23.2,68.4
2026-07-23 00:28:27,23.2,68.3
2026-07-23 00:28:47,23.2,68.4
2026-07-23 00:29:07,23.2,68.5
2026-07-23 00:29:27,23.2,68.6
2026-07-23 00:29:47,23.2,68.7
2026-07-23 00:30:07,23.1,68.8
2026-07-23 00:30:27,23.1,68.8
2026-07-23 00:30:47,23.1,68.8
2026-07-23 00:31:07,23.1,68.9
2026-07-23 00:31:27,23.1,68.9
2026-07-23 00:31:47,23.1,69.0
2026-07-23 00:32:07,23.1,69.0
2026-07-23 00:32:27,23.1,69.1
2026-07-23 00:32:47,23.1,69.1
2026-07-23 00:33:07,23.1,69.1
2026-07-23 00:33:27,23.1,69.2
2026-07-23 00:33:47,23.1,69.2
2026-07-23 00:34:07,23.0,69.3
2026-07-23 00:34:27,23.1,69.3
2026-07-23 00:34:47,23.0,69.3
2026-07-23 00:35:07,23.1,69.3
2026-07-23 00:35:27,23.1,69.2
2026-07-23 00:35:47,23.1,69.3
2026-07-23 00:36:08,23.1,69.3
2026-07-23 00:36:28,23.1,69.3
2026-07-23 00:36:48,23.1,69.3
2026-07-23 00:37:08,23.1,69.4
2026-07-23 00:37:28,23.1,69.3
2026-07-23 00:37:48,23.1,69.3
2026-07-23 00:38:08,23.1,69.4
2026-07-23 00:38:28,23.1,69.4
2026-07-23 00:38:48,23.2,69.4
2026-07-23 00:39:08,23.2,69.3
2026-07-23 00:39:28,23.2,69.1
2026-07-23 00:39:48,23.2,69.0
2026-07-23 00:40:08,23.2,69.0
2026-07-23 00:40:28,23.2,69.0
2026-07-23 00:40:48,23.2,69.0
2026-07-23 00:41:08,23.2,69.1
2026-07-23 00:41:28,23.2,69.1
2026-07-23 00:41:48,23.2,69.1
2026-07-23 00:42:08,23.2,69.2
2026-07-23 00:42:28,23.2,69.2
2026-07-23 00:42:48,23.2,69.2
2026-07-23 00:43:08,23.1,69.2
2026-07-23 00:43:28,23.1,69.2
2026-07-23 00:43:48,23.1,69.3
2026-07-23 00:44:08,23.1,69.3
2026-07-23 00:44:28,23.1,69.3
2026-07-23 00:44:48,23.1,69.3
2026-07-23 00:45:08,23.2,69.3
2026-07-23 00:45:28,23.2,69.2
2026-07-23 00:45:48,23.2,69.2
2026-07-23 00:46:08,23.1,69.3
2026-07-23 00:46:28,23.2,69.2
2026-07-23 00:46:48,23.2,69.2
2026-07-23 00:47:08,23.2,69.3
2026-07-23 00:47:28,23.2,69.2
2026-07-23 00:47:48,23.2,69.2
2026-07-23 00:48:08,23.2,69.1
2026-07-23 00:48:28,23.2,69.0
2026-07-23 00:48:48,23.2,69.0
2026-07-23 00:49:08,23.2,69.0
2026-07-23 00:49:28,23.2,69.0
2026-07-23 00:49:48,23.2,69.0
2026-07-23 00:50:08,23.2,69.0
2026-07-23 00:50:28,23.2,69.0
2026-07-23 00:50:48,23.2,69.1
2026-07-23 00:51:08,23.2,69.0
2026-07-23 00:51:28,23.2,69.0
2026-07-23 00:51:48,23.2,69.0
2026-07-23 00:52:08,23.2,68.9
2026-07-23 00:52:28,23.2,69.0
2026-07-23 00:52:49,23.2,69.0
2026-07-23 00:53:09,23.2,69.0
2026-07-23 00:53:29,23.2,69.0
2026-07-23 00:53:49,23.2,69.0
2026-07-23 00:54:09,23.2,69.0
2026-07-23 00:54:29,23.2,69.0
2026-07-23 00:54:49,23.2,69.1
2026-07-23 00:55:09,23.2,69.0
2026-07-23 00:55:29,23.2,69.1
2026-07-23 00:55:49,23.2,69.0
2026-07-23 00:56:09,23.2,68.9
2026-07-23 00:56:29,23.2,68.9
2026-07-23 00:56:49,23.2,68.8
2026-07-23 00:57:09,23.2,68.7
2026-07-23 00:57:29,23.2,68.8
2026-07-23 00:57:49,23.2,68.7
2026-07-23 00:58:09,23.2,68.7
2026-07-23 00:58:29,23.2,68.7
2026-07-23 00:58:49,23.2,68.6
2026-07-23 00:59:09,23.2,68.6
2026-07-23 00:59:29,23.2,68.6
2026-07-23 00:59:49,23.2,68.6
2026-07-23 01:00:09,23.2,68.5
2026-07-23 01:00:29,23.2,68.6
2026-07-23 01:00:49,23.2,68.6
2026-07-23 01:01:09,23.3,68.6
2026-07-23 01:01:29,23.3,68.5
2026-07-23 01:01:49,23.3,68.5
2026-07-23 01:02:09,23.3,68.4
2026-07-23 01:02:29,23.3,68.4
2026-07-23 01:02:49,23.3,68.3
2026-07-23 01:03:09,23.3,68.4
2026-07-23 01:03:29,23.3,68.5
2026-07-23 01:03:49,23.3,68.6
2026-07-23 01:04:09,23.3,68.3
2026-07-23 01:04:29,23.3,68.3
2026-07-23 01:04:49,23.3,68.3
2026-07-23 01:05:09,23.3,68.2
2026-07-23 01:05:29,23.3,68.3
2026-07-23 01:05:49,23.3,68.2
2026-07-23 01:06:09,23.3,68.1
2026-07-23 01:06:29,23.2,68.1
2026-07-23 01:06:49,23.2,68.0
2026-07-23 01:07:09,23.2,68.1
2026-07-23 01:07:29,23.2,68.1
2026-07-23 01:07:49,23.2,68.1
2026-07-23 01:08:09,23.2,68.2
2026-07-23 01:08:29,23.2,68.2
2026-07-23 01:08:49,23.2,68.2
2026-07-23 01:09:09,23.2,68.2
2026-07-23 01:09:29,23.3,68.2
2026-07-23 01:09:49,23.2,68.3
2026-07-23 01:10:10,23.2,68.2
2026-07-23 01:10:30,23.3,68.2
2026-07-23 01:10:50,23.3,68.2
2026-07-23 01:11:10,23.3,68.1
2026-07-23 01:11:30,23.3,68.1
2026-07-23 01:11:50,23.3,68.0
2026-07-23 01:12:10,23.3,68.0
2026-07-23 01:12:30,23.3,68.0
2026-07-23 01:12:50,23.3,67.9
2026-07-23 01:13:10,23.3,67.9
2026-07-23 01:13:30,23.3,67.9
2026-07-23 01:13:50,23.3,67.9
2026-07-23 01:14:10,23.3,67.8
2026-07-23 01:14:30,23.3,67.8
2026-07-23 01:14:50,23.3,67.7
2026-07-23 01:15:10,23.3,67.7
2026-07-23 01:15:30,23.3,67.6
2026-07-23 01:15:50,23.3,67.6
2026-07-23 01:16:10,23.3,67.5
2026-07-23 01:16:30,23.3,67.6
2026-07-23 01:16:50,23.3,67.7
2026-07-23 01:17:10,23.3,67.8
2026-07-23 01:17:30,23.3,67.7
2026-07-23 01:17:50,23.4,67.6
2026-07-23 01:18:10,23.3,67.6
2026-07-23 01:18:30,23.4,67.6
2026-07-23 01:18:50,23.4,67.6
2026-07-23 01:19:10,23.4,67.5
2026-07-23 01:19:30,23.3,67.5
2026-07-23 01:19:50,23.3,67.5
2026-07-23 01:20:10,23.4,67.5
2026-07-23 01:20:30,23.3,67.6
2026-07-23 01:20:50,23.3,67.6
2026-07-23 01:21:10,23.4,67.6
2026-07-23 01:21:30,23.3,67.5
2026-07-23 01:21:50,23.3,67.4
2026-07-23 01:22:10,23.3,67.5
2026-07-23 01:22:30,23.3,67.7
2026-07-23 01:22:50,23.3,67.6
2026-07-23 01:23:10,23.3,67.7
2026-07-23 01:23:30,23.3,67.7
2026-07-23 01:23:50,23.3,67.7
2026-07-23 01:24:10,23.3,67.6
2026-07-23 01:24:30,23.3,67.6
2026-07-23 01:24:50,23.3,67.6
2026-07-23 01:25:10,23.3,67.5
2026-07-23 01:25:30,23.3,67.4
2026-07-23 01:25:50,23.3,67.4
2026-07-23 01:26:10,23.2,67.4
2026-07-23 01:26:30,23.3,67.5
2026-07-23 01:26:50,23.2,67.6
2026-07-23 01:27:10,23.2,67.6
2026-07-23 01:27:31,23.3,67.7
2026-07-23 01:27:51,23.3,67.7
2026-07-23 01:28:11,23.3,67.6
2026-07-23 01:28:31,23.3,67.5
2026-07-23 01:28:51,23.3,67.4
2026-07-23 01:29:11,23.3,67.5
2026-07-23 01:29:31,23.3,67.6
2026-07-23 01:29:51,23.2,67.5
2026-07-23 01:30:11,23.2,67.5
2026-07-23 01:30:31,23.2,67.6
2026-07-23 01:30:51,23.2,67.6
2026-07-23 01:31:11,23.2,67.5
2026-07-23 01:31:31,23.2,67.5
2026-07-23 01:31:51,23.2,67.5
2026-07-23 01:32:11,23.2,67.5
2026-07-23 01:32:31,23.2,67.6
2026-07-23 01:32:51,23.2,67.6
2026-07-23 01:33:11,23.2,67.6
2026-07-23 01:33:31,23.2,67.6
2026-07-23 01:33:51,23.2,67.5
2026-07-23 01:34:11,23.3,67.6
2026-07-23 01:34:31,23.3,67.6
2026-07-23 01:34:51,23.3,67.5
2026-07-23 01:35:11,23.3,67.4
2026-07-23 01:35:31,23.3,67.4
2026-07-23 01:35:51,23.3,67.3
2026-07-23 01:36:11,23.3,67.3
2026-07-23 01:36:31,23.3,67.3
2026-07-23 01:36:51,23.3,67.2
2026-07-23 01:37:11,23.3,67.2
2026-07-23 01:37:31,23.3,67.3
2026-07-23 01:37:51,23.3,67.3
2026-07-23 01:38:11,23.2,67.1
2026-07-23 01:38:31,23.2,67.2
2026-07-23 01:38:51,23.2,67.1
2026-07-23 01:39:11,23.2,67.1
2026-07-23 01:39:31,23.2,67.3
2026-07-23 01:39:51,23.2,67.3
2026-07-23 01:40:11,23.2,67.4
2026-07-23 01:40:31,23.2,67.4
2026-07-23 01:40:51,23.2,67.4
2026-07-23 01:41:11,23.2,67.3
2026-07-23 01:41:31,23.2,67.3
2026-07-23 01:41:51,23.3,67.2
2026-07-23 01:42:11,23.3,67.1
2026-07-23 01:42:31,23.2,67.0
2026-07-23 01:42:51,23.2,67.1
2026-07-23 01:43:11,23.2,67.1
2026-07-23 01:43:31,23.2,67.1
2026-07-23 01:43:51,23.2,67.1
2026-07-23 01:44:11,23.2,67.1
2026-07-23 01:44:31,23.2,67.1
2026-07-23 01:44:51,23.3,
2026-07-23 01:44:52,,67.0
2026-07-23 01:45:12,23.2,67.1
2026-07-23 01:45:32,23.3,67.0
2026-07-23 01:45:52,23.2,67.0
2026-07-23 01:46:12,23.2,66.9
2026-07-23 01:46:32,23.2,67.0
2026-07-23 01:46:52,23.2,66.9
2026-07-23 01:47:12,23.2,67.0
2026-07-23 01:47:32,23.2,67.0
2026-07-23 01:47:52,23.2,67.1
2026-07-23 01:48:12,23.3,67.1
2026-07-23 01:48:32,23.2,67.0
2026-07-23 01:48:52,23.2,66.9
2026-07-23 01:49:12,23.2,66.9
2026-07-23 01:49:32,23.2,66.9
2026-07-23 01:49:52,23.2,67.1
2026-07-23 01:50:12,23.2,67.0
2026-07-23 01:50:32,23.2,67.1
2026-07-23 01:50:52,23.2,66.9
2026-07-23 01:51:12,23.2,66.8
2026-07-23 01:51:32,23.2,66.9
2026-07-23 01:51:52,23.2,66.9
2026-07-23 01:52:12,23.2,66.9
2026-07-23 01:52:32,23.2,66.8
2026-07-23 01:52:52,23.2,67.0
2026-07-23 01:53:12,23.3,67.0
2026-07-23 01:53:32,23.3,66.8
2026-07-23 01:53:52,23.3,66.8
2026-07-23 01:54:12,23.3,66.7
2026-07-23 01:54:32,23.3,66.7
2026-07-23 01:54:52,23.2,66.7
2026-07-23 01:55:12,23.2,66.7
2026-07-23 01:55:32,23.2,66.7
2026-07-23 01:55:52,23.2,66.6
2026-07-23 01:56:12,23.2,66.6
2026-07-23 01:56:32,23.2,66.6
2026-07-23 01:56:52,23.2,66.5
2026-07-23 01:57:12,23.2,66.5
2026-07-23 01:57:32,23.2,66.5
2026-07-23 01:57:52,23.2,66.5
2026-07-23 01:58:12,23.2,66.5
2026-07-23 01:58:32,23.2,66.5
2026-07-23 01:58:52,23.2,66.5
2026-07-23 01:59:12,23.2,66.6
2026-07-23 01:59:32,23.2,66.7
2026-07-23 01:59:52,23.3,66.6
2026-07-23 02:00:12,23.3,66.5
2026-07-23 02:00:32,23.3,66.4
2026-07-23 02:00:52,23.3,66.3
2026-07-23 02:01:12,23.3,
2026-07-23 02:01:13,,66.3
2026-07-23 02:01:33,23.3,66.3
2026-07-23 02:01:53,23.3,66.2
2026-07-23 02:02:13,23.3,66.4
2026-07-23 02:02:33,23.2,66.3
2026-07-23 02:02:53,23.3,66.2
2026-07-23 02:03:13,23.2,66.0
2026-07-23 02:03:33,23.2,66.2
2026-07-23 02:03:53,23.2,66.4
2026-07-23 02:04:13,23.2,66.5
2026-07-23 02:04:33,23.2,66.4
2026-07-23 02:04:53,23.2,66.5
2026-07-23 02:05:13,23.2,66.5
2026-07-23 02:05:33,23.2,66.4
2026-07-23 02:05:53,23.2,66.4
2026-07-23 02:06:13,23.2,66.3
2026-07-23 02:06:33,23.2,66.5
2026-07-23 02:06:53,23.2,66.4
2026-07-23 02:07:13,23.2,66.3
2026-07-23 02:07:33,23.2,66.2
2026-07-23 02:07:53,23.2,66.3
2026-07-23 02:08:13,23.2,66.3
2026-07-23 02:08:33,23.2,66.3
2026-07-23 02:08:53,23.2,66.3
2026-07-23 02:09:13,23.3,66.3
2026-07-23 02:09:33,23.3,66.4
2026-07-23 02:09:53,23.3,66.3
2026-07-23 02:10:13,23.3,66.2
2026-07-23 02:10:33,23.3,66.0
2026-07-23 02:10:53,23.3,65.6
2026-07-23 02:11:13,23.2,65.4
2026-07-23 02:11:33,23.2,65.5
2026-07-23 02:11:53,23.2,65.5
2026-07-23 02:12:13,23.2,65.3
2026-07-23 02:12:33,23.2,65.3
2026-07-23 02:12:53,23.2,65.3
2026-07-23 02:13:13,23.1,65.3
2026-07-23 02:13:33,23.1,65.2
2026-07-23 02:13:53,23.2,65.4
2026-07-23 02:14:13,23.1,65.3
2026-07-23 02:14:33,23.1,65.3
2026-07-23 02:14:53,23.2,65.4
2026-07-23 02:15:13,23.2,65.3
2026-07-23 02:15:33,23.2,65.3
2026-07-23 02:15:53,23.2,65.1
2026-07-23 02:16:13,23.2,65.1
2026-07-23 02:16:33,23.1,65.2
2026-07-23 02:16:53,23.1,65.0
2026-07-23 02:17:13,23.1,65.0
2026-07-23 02:17:33,23.1,64.9
2026-07-23 02:17:53,23.1,64.9
2026-07-23 02:18:13,23.1,64.8
2026-07-23 02:18:33,23.1,
2026-07-23 02:18:34,,64.7
2026-07-23 02:18:54,23.1,64.7
2026-07-23 02:19:14,23.1,64.7
2026-07-23 02:19:34,23.1,64.8
2026-07-23 02:19:54,23.1,64.8
2026-07-23 02:20:14,23.1,64.8
2026-07-23 02:20:34,23.1,64.8
2026-07-23 02:20:54,23.1,64.8
2026-07-23 02:21:14,23.1,64.7
2026-07-23 02:21:34,23.1,64.7
2026-07-23 02:21:54,23.1,64.8
2026-07-23 02:22:14,23.1,64.9
2026-07-23 02:22:34,23.1,65.0
2026-07-23 02:22:54,23.1,64.9
2026-07-23 02:23:14,23.1,64.8
2026-07-23 02:23:34,23.1,64.7
2026-07-23 02:23:54,23.1,64.7
2026-07-23 02:24:14,23.1,64.7
2026-07-23 02:24:34,23.1,64.8
2026-07-23 02:24:54,23.1,64.8
2026-07-23 02:25:14,23.1,64.8
2026-07-23 02:25:34,23.1,64.8
2026-07-23 02:25:54,23.2,65.0
2026-07-23 02:26:14,23.2,65.0
2026-07-23 02:26:34,23.2,64.8
2026-07-23 02:26:54,23.2,64.8
2026-07-23 02:27:14,23.2,64.7
2026-07-23 02:27:34,23.2,64.7
2026-07-23 02:27:54,23.2,64.5
2026-07-23 02:28:14,23.1,64.5
2026-07-23 02:28:34,23.1,64.7
2026-07-23 02:28:54,23.2,64.8
2026-07-23 02:29:14,23.2,64.6
2026-07-23 02:29:34,23.2,64.6
2026-07-23 02:29:54,23.2,64.7
2026-07-23 02:30:14,23.2,64.8
2026-07-23 02:30:34,23.2,64.6
2026-07-23 02:30:54,23.2,64.4
2026-07-23 02:31:14,23.2,64.3
2026-07-23 02:31:34,23.2,64.4
2026-07-23 02:31:54,23.2,64.6
2026-07-23 02:32:14,23.2,64.4
2026-07-23 02:32:34,23.2,64.0
2026-07-23 02:32:54,23.2,64.2
2026-07-23 02:33:14,23.2,64.0
2026-07-23 02:33:34,23.2,63.8
2026-07-23 02:33:54,23.2,63.8
2026-07-23 02:34:14,23.1,63.7
2026-07-23 02:34:34,23.1,63.8
2026-07-23 02:34:54,23.1,63.8
2026-07-23 02:35:14,23.1,64.0
2026-07-23 02:35:34,23.1,64.1
2026-07-23 02:35:55,23.1,64.3
2026-07-23 02:36:15,23.1,64.4
2026-07-23 02:36:35,23.2,64.2
2026-07-23 02:36:55,23.2,64.2
2026-07-23 02:37:15,23.2,64.1
2026-07-23 02:37:35,23.2,64.2
2026-07-23 02:37:55,23.1,64.1
2026-07-23 02:38:15,23.1,64.2
2026-07-23 02:38:35,23.1,64.2
2026-07-23 02:38:55,23.1,64.2
2026-07-23 02:39:15,23.1,64.3
2026-07-23 02:39:35,23.1,64.3
2026-07-23 02:39:55,23.1,64.2
2026-07-23 02:40:15,23.1,64.4
2026-07-23 02:40:35,23.1,64.3
2026-07-23 02:40:55,23.1,64.0
2026-07-23 02:41:15,23.1,63.8
2026-07-23 02:41:35,23.1,63.8
2026-07-23 02:41:55,23.1,63.6
2026-07-23 02:42:15,23.1,63.6
2026-07-23 02:42:35,23.1,63.5
2026-07-23 02:42:55,23.1,63.8
2026-07-23 02:43:15,23.1,64.1
2026-07-23 02:43:35,23.1,63.9
2026-07-23 02:43:55,23.2,64.1
2026-07-23 02:44:15,23.2,64.1
2026-07-23 02:44:35,23.2,64.0
2026-07-23 02:44:55,23.2,63.9
2026-07-23 02:45:15,23.1,64.0
2026-07-23 02:45:35,23.1,64.0
2026-07-23 02:45:55,23.1,64.1
2026-07-23 02:46:15,23.1,64.3
2026-07-23 02:46:35,23.1,64.3
2026-07-23 02:46:55,23.1,64.4
2026-07-23 02:47:15,23.0,64.5
2026-07-23 02:47:35,23.1,64.6
2026-07-23 02:47:55,23.1,64.7
2026-07-23 02:48:15,23.1,64.7
2026-07-23 02:48:35,23.1,64.8
2026-07-23 02:48:55,23.1,64.7
2026-07-23 02:49:15,23.1,64.7
2026-07-23 02:49:35,23.2,64.7
2026-07-23 02:49:55,23.2,64.9
2026-07-23 02:50:15,23.2,64.9
2026-07-23 02:50:35,23.2,64.9
2026-07-23 02:50:55,23.2,64.9
2026-07-23 02:51:15,23.2,64.9
2026-07-23 02:51:35,23.1,65.0
2026-07-23 02:51:55,23.1,65.0
2026-07-23 02:52:15,23.2,65.1
2026-07-23 02:52:36,23.1,65.1
2026-07-23 02:52:56,23.1,65.1
2026-07-23 02:53:16,23.1,65.1
2026-07-23 02:53:36,23.1,65.3
2026-07-23 02:53:56,23.1,65.4
2026-07-23 02:54:16,23.1,65.5
2026-07-23 02:54:36,23.0,65.5
2026-07-23 02:54:56,23.0,65.7
2026-07-23 02:55:16,23.0,65.7
2026-07-23 02:55:36,23.1,65.7
2026-07-23 02:55:56,23.1,65.5
2026-07-23 02:56:16,23.0,65.4
2026-07-23 02:56:36,23.0,65.3
2026-07-23 02:56:56,23.0,65.3
2026-07-23 02:57:16,23.0,65.2
2026-07-23 02:57:36,23.1,65.1
2026-07-23 02:57:56,23.1,64.9
2026-07-23 02:58:16,23.0,64.7
2026-07-23 02:58:36,23.1,64.8
2026-07-23 02:58:56,23.1,64.8
2026-07-23 02:59:16,23.1,64.7
2026-07-23 02:59:36,23.1,64.8
2026-07-23 02:59:56,23.1,64.7
2026-07-23 03:00:16,23.1,64.7
2026-07-23 03:00:36,23.1,64.2
2026-07-23 03:00:56,23.1,63.8
2026-07-23 03:01:16,23.1,63.5
2026-07-23 03:01:36,23.1,63.6
2026-07-23 03:01:56,23.1,63.4
2026-07-23 03:02:16,23.0,63.3
2026-07-23 03:02:36,23.1,63.4
2026-07-23 03:02:56,23.1,63.3
2026-07-23 03:03:16,23.0,63.2
2026-07-23 03:03:36,23.1,63.0
2026-07-23 03:03:56,23.0,63.0
2026-07-23 03:04:16,23.0,63.2
2026-07-23 03:04:36,23.0,63.3
2026-07-23 03:04:56,23.0,63.2
2026-07-23 03:05:16,23.0,63.4
2026-07-23 03:05:36,23.1,64.0
2026-07-23 03:05:56,23.1,63.8
2026-07-23 03:06:16,23.1,63.6
2026-07-23 03:06:36,23.1,63.8
2026-07-23 03:06:56,23.1,63.8
2026-07-23 03:07:16,23.2,63.8
2026-07-23 03:07:36,23.1,63.6
2026-07-23 03:07:56,23.1,63.5
2026-07-23 03:08:16,23.1,63.4
2026-07-23 03:08:36,23.1,63.4
2026-07-23 03:08:56,23.1,63.2
2026-07-23 03:09:16,23.1,63.2
2026-07-23 03:09:36,23.1,63.3
2026-07-23 03:09:57,23.1,63.3
2026-07-23 03:10:17,23.1,63.3
2026-07-23 03:10:37,23.0,63.3
2026-07-23 03:10:57,23.0,63.3
2026-07-23 03:11:17,23.0,63.4
2026-07-23 03:11:37,23.0,63.2
2026-07-23 03:11:57,23.0,63.2
2026-07-23 03:12:17,23.0,63.2
2026-07-23 03:12:37,23.0,63.1
2026-07-23 03:12:57,23.0,62.9
2026-07-23 03:13:17,23.0,63.0
2026-07-23 03:13:37,22.9,63.1
2026-07-23 03:13:57,22.9,63.1
2026-07-23 03:14:17,22.9,63.0
2026-07-23 03:14:37,22.9,63.0
2026-07-23 03:14:57,22.9,63.2
2026-07-23 03:15:17,22.9,63.2
2026-07-23 03:15:37,22.9,63.1
2026-07-23 03:15:57,22.9,63.1
2026-07-23 03:16:17,22.9,63.2
2026-07-23 03:16:37,22.9,63.3
2026-07-23 03:16:57,22.9,63.3
2026-07-23 03:17:17,22.9,63.3
2026-07-23 03:17:37,22.9,63.3
2026-07-23 03:17:57,22.9,63.3
2026-07-23 03:18:17,22.9,63.4
2026-07-23 03:18:37,22.9,63.5
2026-07-23 03:18:57,22.9,63.4
2026-07-23 03:19:17,22.9,63.4
2026-07-23 03:19:37,22.9,63.4
2026-07-23 03:19:57,22.8,63.4
2026-07-23 03:20:17,22.8,63.3
2026-07-23 03:20:37,22.8,63.3
2026-07-23 03:20:57,22.8,63.5
2026-07-23 03:21:17,22.8,63.5
2026-07-23 03:21:37,22.8,63.5
2026-07-23 03:21:57,22.8,63.5
2026-07-23 03:22:17,22.8,63.5
2026-07-23 03:22:37,22.8,63.7
2026-07-23 03:22:57,22.8,63.7
2026-07-23 03:23:17,22.8,63.8
2026-07-23 03:23:37,22.8,63.9
2026-07-23 03:23:59,22.8,63.9
2026-07-23 03:24:17,22.8,63.9
2026-07-23 03:24:37,22.8,64.0
2026-07-23 03:24:57,22.9,64.1
2026-07-23 03:25:17,22.9,64.1
2026-07-23 03:25:37,22.9,64.0
2026-07-23 03:25:57,22.9,63.9
2026-07-23 03:26:17,22.9,64.0
2026-07-23 03:26:37,22.9,64.0
2026-07-23 03:26:57,22.9,64.0
2026-07-23 03:27:18,22.9,64.0
2026-07-23 03:27:38,22.9,64.1
2026-07-23 03:27:58,22.9,64.2
2026-07-23 03:28:18,22.8,64.3
2026-07-23 03:28:38,22.8,64.4
2026-07-23 03:28:58,22.8,64.6
2026-07-23 03:29:18,22.8,64.6
2026-07-23 03:29:38,22.9,64.7
2026-07-23 03:29:58,22.8,64.7
2026-07-23 03:30:18,22.9,64.8
2026-07-23 03:30:38,22.9,64.7
2026-07-23 03:30:58,22.9,64.6
2026-07-23 03:31:18,22.9,64.6
2026-07-23 03:31:38,22.8,64.7
2026-07-23 03:31:58,22.8,64.7
2026-07-23 03:32:18,22.8,64.8
2026-07-23 03:32:38,22.7,65.0
2026-07-23 03:32:58,22.8,65.0
2026-07-23 03:33:18,22.7,65.1
2026-07-23 03:33:38,22.7,65.2
2026-07-23 03:33:58,22.7,65.2
2026-07-23 03:34:18,22.7,65.2
2026-07-23 03:34:38,22.7,65.3
2026-07-23 03:34:58,22.7,65.4
2026-07-23 03:35:18,22.8,65.4
2026-07-23 03:35:38,22.8,65.4
2026-07-23 03:35:58,22.8,65.3
2026-07-23 03:36:18,22.8,65.4
2026-07-23 03:36:38,22.9,65.4
2026-07-23 03:36:58,22.9,65.3
2026-07-23 03:37:18,22.9,65.2
2026-07-23 03:37:38,22.9,65.1
2026-07-23 03:37:58,22.9,65.2
2026-07-23 03:38:18,22.9,65.2
2026-07-23 03:38:38,22.9,65.2
2026-07-23 03:38:58,22.9,65.2
2026-07-23 03:39:18,22.9,65.2
2026-07-23 03:39:38,22.9,65.2
2026-07-23 03:39:58,22.8,65.3
2026-07-23 03:40:18,22.9,65.3
2026-07-23 03:40:38,22.8,65.3
2026-07-23 03:40:58,22.8,65.4
2026-07-23 03:41:18,22.8,65.3
2026-07-23 03:41:38,22.8,65.5
2026-07-23 03:41:58,22.9,65.6
2026-07-23 03:42:18,22.9,65.5
2026-07-23 03:42:38,22.9,65.4
2026-07-23 03:42:58,22.9,65.3
2026-07-23 03:43:18,22.9,65.3
2026-07-23 03:43:38,22.9,65.3
2026-07-23 03:43:58,22.9,65.3
2026-07-23 03:44:18,22.9,65.4
2026-07-23 03:44:39,22.9,65.4
2026-07-23 03:44:59,22.9,65.4
2026-07-23 03:45:19,22.9,65.5
2026-07-23 03:45:39,22.9,65.5
2026-07-23 03:45:59,22.9,65.5
2026-07-23 03:46:19,22.9,65.6
2026-07-23 03:46:39,22.9,65.7
2026-07-23 03:46:59,22.9,65.7
2026-07-23 03:47:19,22.9,65.7
2026-07-23 03:47:39,22.9,65.6
2026-07-23 03:47:59,22.9,65.6
2026-07-23 03:48:19,22.9,65.6
2026-07-23 03:48:39,23.0,65.7
2026-07-23 03:48:59,23.0,65.7
2026-07-23 03:49:19,23.0,65.7
2026-07-23 03:49:39,23.0,65.5
2026-07-23 03:49:59,23.0,65.5
2026-07-23 03:50:19,23.0,65.3
2026-07-23 03:50:39,23.0,65.4
2026-07-23 03:50:59,23.0,65.4
2026-07-23 03:51:19,23.0,65.6
2026-07-23 03:51:39,23.0,65.6
2026-07-23 03:51:59,22.9,65.6
2026-07-23 03:52:19,23.0,65.6
2026-07-23 03:52:39,23.0,65.4
2026-07-23 03:52:59,23.0,65.4
2026-07-23 03:53:19,22.9,65.4
2026-07-23 03:53:39,22.9,65.5
2026-07-23 03:53:59,22.9,65.6
2026-07-23 03:54:19,22.9,65.6
2026-07-23 03:54:39,22.9,65.6
2026-07-23 03:54:59,22.9,65.6
2026-07-23 03:55:19,22.9,65.4
2026-07-23 03:55:39,22.9,65.5
2026-07-23 03:55:59,22.9,65.5
2026-07-23 03:56:19,22.9,65.5
2026-07-23 03:56:39,23.0,65.6
2026-07-23 03:56:59,23.0,65.5
2026-07-23 03:57:19,23.0,65.4
2026-07-23 03:57:39,23.0,65.3
2026-07-23 03:57:59,23.0,65.2
2026-07-23 03:58:19,23.0,65.1
2026-07-23 03:58:39,23.0,65.2
2026-07-23 03:58:59,23.0,65.1
2026-07-23 03:59:19,23.0,65.1
2026-07-23 03:59:39,23.0,65.2
2026-07-23 03:59:59,23.0,65.2
2026-07-23 04:00:19,23.0,65.3
2026-07-23 04:00:39,23.0,65.3
2026-07-23 04:00:59,23.0,65.3
2026-07-23 04:01:19,23.0,65.4
2026-07-23 04:01:39,23.0,
2026-07-23 04:01:40,,65.4
2026-07-23 04:02:00,23.0,65.4
2026-07-23 04:02:20,23.0,65.4
2026-07-23 04:02:40,23.0,65.4
2026-07-23 04:03:00,23.0,65.5
2026-07-23 04:03:20,23.0,65.4
2026-07-23 04:03:40,23.0,65.4
2026-07-23 04:04:00,23.0,65.3
2026-07-23 04:04:20,23.0,65.3
2026-07-23 04:04:40,23.0,65.3
2026-07-23 04:05:00,23.0,65.3
2026-07-23 04:05:20,22.9,65.3
2026-07-23 04:05:40,22.9,65.4
2026-07-23 04:06:00,22.9,65.5
2026-07-23 04:06:20,22.9,65.6
2026-07-23 04:06:40,22.9,65.6
2026-07-23 04:07:00,22.9,65.5
2026-07-23 04:07:20,22.9,65.6
2026-07-23 04:07:40,22.8,65.5
2026-07-23 04:08:00,22.8,65.6
2026-07-23 04:08:20,22.8,65.7
2026-07-23 04:08:40,22.8,65.8
2026-07-23 04:09:00,22.8,65.9
2026-07-23 04:09:20,22.8,66.0
2026-07-23 04:09:40,22.7,66.0
2026-07-23 04:10:00,22.7,66.0
2026-07-23 04:10:20,22.8,66.2
2026-07-23 04:10:40,22.7,66.3
2026-07-23 04:11:00,22.8,66.2
2026-07-23 04:11:20,22.8,66.3
2026-07-23 04:11:40,22.8,66.3
2026-07-23 04:12:00,22.9,66.2
2026-07-23 04:12:20,22.9,66.0
2026-07-23 04:12:40,22.8,66.1
2026-07-23 04:13:00,22.9,66.2
2026-07-23 04:13:20,22.9,66.1
2026-07-23 04:13:40,22.9,66.2
2026-07-23 04:14:00,22.9,66.1
2026-07-23 04:14:20,22.9,66.2
2026-07-23 04:14:40,22.9,66.2
2026-07-23 04:15:00,22.8,66.3
2026-07-23 04:15:20,22.8,66.3
2026-07-23 04:15:40,22.8,66.3
2026-07-23 04:16:00,22.8,66.4
2026-07-23 04:16:20,22.8,66.5
2026-07-23 04:16:40,22.8,66.5
2026-07-23 04:17:00,22.8,66.5
2026-07-23 04:17:20,22.8,66.5
2026-07-23 04:17:40,22.8,66.5
2026-07-23 04:18:00,22.8,66.6
2026-07-23 04:18:20,22.9,66.6
2026-07-23 04:18:40,22.9,66.6
2026-07-23 04:19:00,22.8,
2026-07-23 04:19:01,,66.6
2026-07-23 04:19:21,22.8,66.7
2026-07-23 04:19:41,22.8,66.7
2026-07-23 04:20:01,22.8,66.7
2026-07-23 04:20:21,22.8,66.7
2026-07-23 04:20:41,22.8,66.7
2026-07-23 04:21:01,22.7,66.7
2026-07-23 04:21:21,22.7,66.8
2026-07-23 04:21:41,22.7,66.8
2026-07-23 04:22:01,22.7,66.9
2026-07-23 04:22:21,22.7,67.0
2026-07-23 04:22:41,22.7,66.9
2026-07-23 04:23:01,22.6,67.1
2026-07-23 04:23:21,22.6,67.0
2026-07-23 04:23:41,22.6,67.0
2026-07-23 04:24:01,22.6,67.0
2026-07-23 04:24:21,22.6,67.1
2026-07-23 04:24:41,22.6,67.2
2026-07-23 04:25:01,22.6,67.2
2026-07-23 04:25:21,22.6,67.2
2026-07-23 04:25:41,22.6,67.1
2026-07-23 04:26:01,22.6,67.1
2026-07-23 04:26:21,22.6,67.1
2026-07-23 04:26:41,22.6,67.2
2026-07-23 04:27:01,22.5,67.2
2026-07-23 04:27:21,22.5,67.2
2026-07-23 04:27:41,22.5,67.3
2026-07-23 04:28:01,22.5,67.3
2026-07-23 04:28:21,22.5,67.3
2026-07-23 04:28:41,22.5,67.3
2026-07-23 04:29:01,22.5,67.4
2026-07-23 04:29:21,22.5,67.4
2026-07-23 04:29:41,22.5,67.4
2026-07-23 04:30:01,22.5,67.3
2026-07-23 04:30:21,22.5,67.4
2026-07-23 04:30:41,22.5,67.4
2026-07-23 04:31:01,22.5,67.4
2026-07-23 04:31:21,22.5,67.3
2026-07-23 04:31:41,22.5,67.4
2026-07-23 04:32:01,22.5,67.4
2026-07-23 04:32:21,22.5,67.4
2026-07-23 04:32:41,22.5,67.5
2026-07-23 04:33:01,22.5,67.4
2026-07-23 04:33:21,22.5,67.4
2026-07-23 04:33:41,22.5,67.5
2026-07-23 04:34:01,22.5,67.4
2026-07-23 04:34:21,22.5,67.4
2026-07-23 04:34:41,22.5,67.5
2026-07-23 04:35:01,22.5,67.5
2026-07-23 04:35:21,22.4,
2026-07-23 04:35:22,,67.5
2026-07-23 04:35:42,22.5,67.5
2026-07-23 04:36:02,22.4,67.5
2026-07-23 04:36:22,22.4,67.4
2026-07-23 04:36:42,22.4,67.5
2026-07-23 04:37:02,22.5,67.4
2026-07-23 04:37:22,22.4,67.3
2026-07-23 04:37:42,22.5,67.4
2026-07-23 04:38:02,22.4,67.4
2026-07-23 04:38:22,22.4,67.4
2026-07-23 04:38:42,22.4,67.3
2026-07-23 04:39:02,22.4,67.3
2026-07-23 04:39:22,22.4,67.4
2026-07-23 04:39:42,22.4,67.4
2026-07-23 04:40:02,22.4,67.5
2026-07-23 04:40:22,22.4,67.5
2026-07-23 04:40:42,22.4,67.4
2026-07-23 04:41:02,22.4,67.3
2026-07-23 04:41:22,22.5,67.4
2026-07-23 04:41:42,22.4,67.4
2026-07-23 04:42:02,22.4,67.4
2026-07-23 04:42:22,22.5,67.4
2026-07-23 04:42:42,22.4,67.4
2026-07-23 04:43:02,22.4,67.4
2026-07-23 04:43:22,22.5,67.5
2026-07-23 04:43:42,22.5,67.4
2026-07-23 04:44:02,22.4,67.4
2026-07-23 04:44:22,22.5,67.5
2026-07-23 04:44:42,22.5,67.5
2026-07-23 04:45:02,22.5,67.4
2026-07-23 04:45:22,22.5,67.5
2026-07-23 04:45:42,22.5,67.5
2026-07-23 04:46:02,22.5,67.5
2026-07-23 04:46:22,22.5,67.5
2026-07-23 04:46:42,22.5,67.6
2026-07-23 04:47:02,22.5,67.6
2026-07-23 04:47:22,22.5,67.6
2026-07-23 04:47:42,22.5,67.6
2026-07-23 04:48:02,22.5,67.5
2026-07-23 04:48:22,22.5,67.5
2026-07-23 04:48:42,22.5,67.5
2026-07-23 04:49:02,22.5,67.4
2026-07-23 04:49:22,22.5,67.5
2026-07-23 04:49:42,22.5,67.5
2026-07-23 04:50:02,22.5,67.5
2026-07-23 04:50:22,22.5,67.5
2026-07-23 04:50:42,22.5,67.5
2026-07-23 04:51:02,22.6,67.5
2026-07-23 04:51:22,22.6,67.4
2026-07-23 04:51:42,22.5,67.4
2026-07-23 04:52:02,22.6,67.5
2026-07-23 04:52:22,22.5,67.5
2026-07-23 04:52:42,22.6,67.5
2026-07-23 04:53:03,22.6,67.5
2026-07-23 04:53:23,22.5,67.6
2026-07-23 04:53:43,22.5,67.6
2026-07-23 04:54:03,22.5,67.7
2026-07-23 04:54:23,22.5,67.7
2026-07-23 04:54:43,22.5,67.7
2026-07-23 04:55:03,22.5,67.7
2026-07-23 04:55:23,22.5,67.8
2026-07-23 04:55:43,22.5,67.7
2026-07-23 04:56:03,22.5,67.7
2026-07-23 04:56:23,22.5,67.8
2026-07-23 04:56:43,22.5,67.8
2026-07-23 04:57:03,22.5,67.9
2026-07-23 04:57:23,22.5,67.9
2026-07-23 04:57:43,22.5,67.9
2026-07-23 04:58:03,22.5,67.9
2026-07-23 04:58:23,22.5,67.9
2026-07-23 04:58:43,22.5,68.0
2026-07-23 04:59:03,22.5,68.0
2026-07-23 04:59:23,22.5,68.0
2026-07-23 04:59:43,22.5,68.0
2026-07-23 05:00:03,22.5,68.1
2026-07-23 05:00:23,22.5,68.1
2026-07-23 05:00:43,22.5,68.1
2026-07-23 05:01:03,22.5,68.2
2026-07-23 05:01:23,22.5,68.2
2026-07-23 05:01:43,22.5,68.2
2026-07-23 05:02:03,22.5,68.2
2026-07-23 05:02:23,22.6,68.2
2026-07-23 05:02:43,22.6,68.1
2026-07-23 05:03:03,22.6,68.0
2026-07-23 05:03:23,22.6,68.0
2026-07-23 05:03:43,22.6,68.0
2026-07-23 05:04:03,22.5,68.0
2026-07-23 05:04:23,22.5,68.0
2026-07-23 05:04:43,22.5,68.0
2026-07-23 05:05:03,22.5,68.0
2026-07-23 05:05:23,22.5,67.9
2026-07-23 05:05:43,22.5,68.0
2026-07-23 05:06:03,22.5,68.0
2026-07-23 05:06:23,22.5,67.9
2026-07-23 05:06:43,22.5,68.0
2026-07-23 05:07:03,22.5,68.0
2026-07-23 05:07:23,22.6,68.0
2026-07-23 05:07:43,22.6,68.0
2026-07-23 05:08:03,22.6,68.0
2026-07-23 05:08:23,22.6,68.0
2026-07-23 05:08:43,22.6,67.9
2026-07-23 05:09:03,22.6,67.8
2026-07-23 05:09:23,22.6,67.9
2026-07-23 05:09:43,22.6,67.8
2026-07-23 05:10:03,22.6,67.8
2026-07-23 05:10:24,22.6,67.8
2026-07-23 05:10:44,22.6,67.8
2026-07-23 05:11:04,22.5,67.7
2026-07-23 05:11:24,22.5,67.8
2026-07-23 05:11:44,22.5,67.9
2026-07-23 05:12:04,22.6,67.8
2026-07-23 05:12:24,22.6,67.8
2026-07-23 05:12:44,22.6,67.9
2026-07-23 05:13:04,22.6,67.9
2026-07-23 05:13:24,22.7,67.8
2026-07-23 05:13:44,22.7,67.7
2026-07-23 05:14:04,22.7,67.6
2026-07-23 05:14:24,22.7,67.5
2026-07-23 05:14:44,22.7,67.5
2026-07-23 05:15:04,22.7,67.5
2026-07-23 05:15:24,22.7,67.5
2026-07-23 05:15:44,22.7,67.6
2026-07-23 05:16:04,22.7,67.5
2026-07-23 05:16:24,22.7,67.6
2026-07-23 05:16:44,22.7,67.4
2026-07-23 05:17:04,22.7,67.3
2026-07-23 05:17:24,22.7,67.3
2026-07-23 05:17:44,22.7,67.4
2026-07-23 05:18:04,22.7,67.3
2026-07-23 05:18:24,22.7,67.3
2026-07-23 05:18:44,22.7,67.3
2026-07-23 05:19:04,22.7,67.3
2026-07-23 05:19:24,22.8,67.4
2026-07-23 05:19:44,22.8,67.4
2026-07-23 05:20:04,22.8,67.4
2026-07-23 05:20:24,22.8,67.3
2026-07-23 05:20:44,22.8,67.3
2026-07-23 05:21:04,22.8,67.3
2026-07-23 05:21:24,22.8,67.2
2026-07-23 05:21:44,22.8,67.1
2026-07-23 05:22:04,22.8,67.1
2026-07-23 05:22:24,22.8,67.1
2026-07-23 05:22:44,22.8,67.1
2026-07-23 05:23:04,22.8,67.0
2026-07-23 05:23:24,22.8,66.9
2026-07-23 05:23:44,22.8,67.0
2026-07-23 05:24:04,22.8,67.0
2026-07-23 05:24:24,22.8,67.1
2026-07-23 05:24:44,22.8,67.1
2026-07-23 05:25:04,22.8,67.0
2026-07-23 05:25:24,22.8,67.0
2026-07-23 05:25:44,22.8,66.9
2026-07-23 05:26:04,22.8,66.8
2026-07-23 05:26:24,22.8,66.8
2026-07-23 05:26:44,22.8,66.8
2026-07-23 05:27:04,22.8,66.8
2026-07-23 05:27:24,22.8,
2026-07-23 05:27:25,,66.7
2026-07-23 05:27:44,22.8,
2026-07-23 05:27:45,,66.6
2026-07-23 05:28:05,22.8,66.7
2026-07-23 05:28:25,22.8,66.6
2026-07-23 05:28:45,22.8,66.6
2026-07-23 05:29:05,22.7,66.5
2026-07-23 05:29:25,22.7,66.7
2026-07-23 05:29:45,22.7,66.8
2026-07-23 05:30:05,22.7,66.8
2026-07-23 05:30:25,22.7,66.7
2026-07-23 05:30:45,22.7,66.7
2026-07-23 05:31:05,22.7,66.6
2026-07-23 05:31:25,22.7,66.7
2026-07-23 05:31:45,22.6,66.8
2026-07-23 05:32:05,22.7,66.9
2026-07-23 05:32:25,22.7,67.0
2026-07-23 05:32:45,22.7,66.9
2026-07-23 05:33:05,22.7,66.8
2026-07-23 05:33:25,22.7,66.8
2026-07-23 05:33:45,22.6,66.8
2026-07-23 05:34:05,22.7,67.0
2026-07-23 05:34:25,22.7,67.0
2026-07-23 05:34:45,22.7,66.9
2026-07-23 05:35:05,22.7,66.9
2026-07-23 05:35:25,22.7,66.9
2026-07-23 05:35:45,22.8,67.0
2026-07-23 05:36:05,22.8,66.9
2026-07-23 05:36:25,22.8,66.9
2026-07-23 05:36:45,22.8,66.8
2026-07-23 05:37:05,22.8,66.7
2026-07-23 05:37:25,22.8,66.7
2026-07-23 05:37:45,22.8,66.8
2026-07-23 05:38:05,22.8,66.8
2026-07-23 05:38:25,22.9,66.8
2026-07-23 05:38:45,22.9,66.7
2026-07-23 05:39:05,22.8,66.6
2026-07-23 05:39:25,22.8,66.7
2026-07-23 05:39:45,22.8,66.8
2026-07-23 05:40:05,22.8,66.7
2026-07-23 05:40:25,22.8,66.8
2026-07-23 05:40:45,22.8,66.9
2026-07-23 05:41:05,22.8,66.9
2026-07-23 05:41:25,22.8,67.0
2026-07-23 05:41:45,22.8,67.0
2026-07-23 05:42:05,22.8,67.0
2026-07-23 05:42:25,22.8,67.0
2026-07-23 05:42:45,22.8,67.1
2026-07-23 05:43:05,22.8,67.2
2026-07-23 05:43:25,22.8,67.3
2026-07-23 05:43:45,22.8,67.3
2026-07-23 05:44:05,22.7,67.3
2026-07-23 05:44:25,22.7,67.5
2026-07-23 05:44:45,22.7,
2026-07-23 05:44:46,,67.8
2026-07-23 05:45:06,22.7,68.2
2026-07-23 05:45:26,22.7,68.4
2026-07-23 05:45:46,22.7,68.8
2026-07-23 05:46:06,22.7,69.0
2026-07-23 05:46:26,22.7,69.2
2026-07-23 05:46:46,22.7,69.4
2026-07-23 05:47:06,22.7,69.2
2026-07-23 05:47:27,22.7,69.1
2026-07-23 05:47:46,22.7,69.0
2026-07-23 05:48:06,22.7,69.0
2026-07-23 05:48:26,22.7,69.1
2026-07-23 05:48:46,22.7,69.6
2026-07-23 05:49:06,22.7,69.8
2026-07-23 05:49:26,22.7,69.8
2026-07-23 05:49:46,22.7,70.2
2026-07-23 05:50:06,22.7,70.0
2026-07-23 05:50:26,22.7,69.7
2026-07-23 05:50:46,22.7,70.0
2026-07-23 05:51:08,22.7,
2026-07-23 05:51:09,,69.9
2026-07-23 05:51:26,22.7,69.9
2026-07-23 05:51:46,22.7,70.2
2026-07-23 05:52:06,22.7,70.5
2026-07-23 05:52:26,22.7,70.4
2026-07-23 05:52:46,22.7,70.6
2026-07-23 05:53:06,22.7,70.5
2026-07-23 05:53:26,22.7,70.3
2026-07-23 05:53:46,22.7,70.3
2026-07-23 05:54:06,22.7,70.3
2026-07-23 05:54:26,22.7,70.5
2026-07-23 05:54:46,22.7,70.9
2026-07-23 05:55:06,22.7,70.8
2026-07-23 05:55:26,22.7,71.0
2026-07-23 05:55:46,22.7,70.9
2026-07-23 05:56:06,22.7,71.1
2026-07-23 05:56:26,22.7,71.3
2026-07-23 05:56:46,22.7,71.5
2026-07-23 05:57:06,22.7,71.5
2026-07-23 05:57:26,22.6,71.5
2026-07-23 05:57:46,22.6,71.6
2026-07-23 05:58:06,22.6,71.6
2026-07-23 05:58:26,22.6,71.6
2026-07-23 05:58:46,22.6,71.5
2026-07-23 05:59:06,22.6,71.7
2026-07-23 05:59:26,22.6,71.6
2026-07-23 05:59:46,22.6,71.7
2026-07-23 06:00:06,22.6,71.7
2026-07-23 06:00:26,22.6,71.8
2026-07-23 06:00:46,22.6,71.7
2026-07-23 06:01:06,22.6,71.8
2026-07-23 06:01:28,22.6,71.8
2026-07-23 06:01:47,22.6,71.7
2026-07-23 06:02:06,22.6,71.6
2026-07-23 06:03:00,22.5,71.55
2026-07-23 06:03:07,22.5,71.5
2026-07-23 06:03:27,22.5,71.5
2026-07-23 06:03:47,22.5,71.2
2026-07-23 06:04:07,22.5,71.1
2026-07-23 06:04:27,22.5,71.0
2026-07-23 06:04:47,22.4,70.8
2026-07-23 06:05:07,22.4,70.8
2026-07-23 06:05:27,22.4,70.8
2026-07-23 06:05:47,22.4,70.7
2026-07-23 06:06:07,22.4,70.7
2026-07-23 06:06:27,22.4,70.6
2026-07-23 06:06:47,22.4,70.4
2026-07-23 06:07:07,22.4,70.3
2026-07-23 06:07:27,22.4,70.2
2026-07-23 06:07:47,22.5,70.1
2026-07-23 06:08:07,22.4,70.1
2026-07-23 06:08:27,22.4,70.1
2026-07-23 06:08:47,22.4,70.1
2026-07-23 06:09:07,22.4,70.0
2026-07-23 06:09:27,22.4,70.0
2026-07-23 06:09:47,22.5,70.0
2026-07-23 06:10:07,22.4,69.9
2026-07-23 06:10:27,22.5,70.0
2026-07-23 06:10:47,22.5,70.0
2026-07-23 06:11:07,22.5,69.9
2026-07-23 06:11:27,22.5,70.0
2026-07-23 06:11:47,22.5,70.0
2026-07-23 06:12:07,22.5,70.2
2026-07-23 06:12:27,22.5,70.2
2026-07-23 06:12:47,22.5,70.1
2026-07-23 06:13:07,22.5,70.1
2026-07-23 06:13:27,22.5,70.1
2026-07-23 06:13:47,22.5,70.0
2026-07-23 06:14:07,22.5,70.1
2026-07-23 06:14:27,22.5,70.1
2026-07-23 06:14:47,22.5,70.1
2026-07-23 06:15:07,22.5,70.1
2026-07-23 06:15:27,22.5,70.1
2026-07-23 06:15:47,22.5,70.1
2026-07-23 06:16:07,22.5,70.1
2026-07-23 06:16:27,22.4,70.0
2026-07-23 06:16:47,22.5,70.1
2026-07-23 06:17:07,22.5,70.1
2026-07-23 06:17:27,22.5,70.2
2026-07-23 06:17:47,22.5,70.3
2026-07-23 06:18:07,22.5,70.2
2026-07-23 06:18:27,22.5,
2026-07-23 06:18:28,,70.2
2026-07-23 06:18:48,22.5,70.1
2026-07-23 06:19:08,22.5,70.1
2026-07-23 06:19:28,22.5,70.1
2026-07-23 06:19:48,22.5,70.1
2026-07-23 06:20:08,22.5,70.1
2026-07-23 06:20:28,22.6,70.1
2026-07-23 06:20:48,22.6,70.1
2026-07-23 06:21:08,22.6,70.1
2026-07-23 06:21:28,22.6,70.2
2026-07-23 06:21:48,22.6,70.0
2026-07-23 06:22:08,22.6,70.1
2026-07-23 06:22:28,22.6,70.1
2026-07-23 06:22:48,22.6,70.1
2026-07-23 06:23:08,22.6,70.0
2026-07-23 06:23:28,22.6,70.1
2026-07-23 06:23:48,22.7,70.1
2026-07-23 06:24:08,22.7,70.1
2026-07-23 06:24:28,22.7,70.1
2026-07-23 06:24:48,22.7,70.1
2026-07-23 06:25:08,22.7,70.1
2026-07-23 06:25:28,22.7,70.1
2026-07-23 06:25:48,22.7,70.1
2026-07-23 06:26:08,22.7,70.1
2026-07-23 06:26:28,22.7,70.1
2026-07-23 06:26:48,22.7,70.1
2026-07-23 06:27:08,22.7,70.0
2026-07-23 06:27:28,22.7,70.0
2026-07-23 06:27:48,22.7,70.0
2026-07-23 06:28:08,22.7,70.1
2026-07-23 06:28:28,22.7,70.0
2026-07-23 06:28:48,22.7,70.0
2026-07-23 06:29:08,22.7,70.0
2026-07-23 06:29:28,22.7,70.0
2026-07-23 06:29:48,22.6,70.0
2026-07-23 06:30:08,22.7,70.1
2026-07-23 06:30:28,22.6,70.2
2026-07-23 06:30:48,22.7,70.2
2026-07-23 06:31:08,22.6,70.2
2026-07-23 06:31:28,22.6,70.2
2026-07-23 06:31:48,22.7,70.2
2026-07-23 06:32:08,22.7,70.2
2026-07-23 06:32:28,22.7,70.2
2026-07-23 06:32:48,22.6,70.2
2026-07-23 06:33:08,22.7,70.2
2026-07-23 06:33:28,22.7,70.2
2026-07-23 06:33:48,22.7,70.2
2026-07-23 06:34:08,22.6,70.2
2026-07-23 06:34:28,22.7,70.2
2026-07-23 06:34:48,22.7,70.2
2026-07-23 06:35:08,22.7,70.2
2026-07-23 06:35:28,22.7,70.1
2026-07-23 06:35:48,22.7,70.2
2026-07-23 06:36:08,22.7,
2026-07-23 06:36:09,,70.2
2026-07-23 06:36:29,22.6,70.3
2026-07-23 06:36:49,22.6,70.3
2026-07-23 06:37:09,22.6,70.3
2026-07-23 06:37:29,22.6,70.4
2026-07-23 06:37:49,22.6,70.4
2026-07-23 06:38:09,22.6,70.4
2026-07-23 06:38:29,22.6,70.5
2026-07-23 06:38:49,22.6,70.6
2026-07-23 06:39:09,22.6,70.6
2026-07-23 06:39:29,22.5,70.6
2026-07-23 06:39:49,22.6,70.6
2026-07-23 06:40:09,22.5,70.6
2026-07-23 06:40:29,22.5,70.6
2026-07-23 06:40:49,22.6,70.6
2026-07-23 06:41:09,22.6,70.6
2026-07-23 06:41:29,22.6,70.6
2026-07-23 06:41:49,22.6,70.5
2026-07-23 06:42:09,22.6,70.5
2026-07-23 06:42:29,22.6,70.5
2026-07-23 06:42:49,22.6,70.5
2026-07-23 06:43:09,22.6,70.5
2026-07-23 06:43:29,22.6,70.4
2026-07-23 06:43:49,22.6,70.4
2026-07-23 06:44:09,22.7,70.4
2026-07-23 06:44:29,22.6,70.3
2026-07-23 06:44:49,22.6,70.4
2026-07-23 06:45:09,22.7,70.4
2026-07-23 06:45:29,22.7,70.4
2026-07-23 06:45:49,22.7,70.4
2026-07-23 06:46:09,22.6,70.4
2026-07-23 06:46:29,22.7,70.4
2026-07-23 06:46:49,22.7,70.4
2026-07-23 06:47:09,22.7,70.4
2026-07-23 06:47:29,22.7,70.5
2026-07-23 06:47:49,22.6,70.4
2026-07-23 06:48:09,22.7,70.5
2026-07-23 06:48:29,22.6,70.5
2026-07-23 06:48:49,22.7,70.5
2026-07-23 06:49:09,22.7,70.4
2026-07-23 06:49:29,22.7,70.4
2026-07-23 06:49:49,22.7,70.6
2026-07-23 06:50:09,22.7,70.5
2026-07-23 06:50:29,22.7,70.5
2026-07-23 06:50:49,22.7,70.5
2026-07-23 06:51:09,22.7,70.6
2026-07-23 06:51:29,22.7,70.6
2026-07-23 06:51:49,22.6,70.6
2026-07-23 06:52:09,22.6,70.7
2026-07-23 06:52:29,22.6,70.7
2026-07-23 06:52:50,22.6,70.8
2026-07-23 06:53:10,22.6,70.7
2026-07-23 06:53:30,22.7,70.7
2026-07-23 06:53:50,22.7,70.6
2026-07-23 06:54:10,22.7,70.7
2026-07-23 06:54:30,22.7,70.6
2026-07-23 06:54:50,22.7,70.6
2026-07-23 06:55:10,22.7,70.6
2026-07-23 06:55:30,22.7,70.6
2026-07-23 06:55:50,22.7,70.7
2026-07-23 06:56:10,22.7,70.6
2026-07-23 06:56:30,22.7,70.6
2026-07-23 06:56:50,22.7,70.7
2026-07-23 06:57:10,22.7,70.7
2026-07-23 06:57:30,22.7,70.7
2026-07-23 06:57:50,22.7,70.8
2026-07-23 06:58:10,22.7,70.8
2026-07-23 06:58:30,22.7,70.7
2026-07-23 06:58:50,22.7,70.7
2026-07-23 06:59:10,22.7,70.6
2026-07-23 06:59:30,22.7,70.6
2026-07-23 06:59:50,22.7,70.5
2026-07-23 07:00:10,22.8,70.5
2026-07-23 07:00:30,22.8,70.4
2026-07-23 07:00:50,22.7,70.5
2026-07-23 07:01:10,22.8,70.5
2026-07-23 07:01:30,22.8,70.5
2026-07-23 07:01:50,22.8,70.5
2026-07-23 07:02:10,22.8,70.5
2026-07-23 07:02:30,22.8,70.4
2026-07-23 07:02:50,22.8,70.4
2026-07-23 07:03:10,22.8,70.4
2026-07-23 07:03:30,22.8,70.4
2026-07-23 07:03:50,22.8,70.4
2026-07-23 07:04:10,22.8,70.4
2026-07-23 07:04:30,22.8,70.2
2026-07-23 07:04:50,22.8,70.2
2026-07-23 07:05:10,22.8,70.2
2026-07-23 07:05:30,22.9,70.2
2026-07-23 07:05:50,22.9,70.0
2026-07-23 07:06:10,22.9,70.0
2026-07-23 07:06:30,22.9,70.0
2026-07-23 07:06:50,22.9,69.8
2026-07-23 07:07:10,22.9,69.7
2026-07-23 07:07:30,22.9,69.6
2026-07-23 07:07:50,22.9,69.5
2026-07-23 07:08:10,22.9,69.3
2026-07-23 07:08:30,22.9,68.6
2026-07-23 07:08:50,22.8,68.5
2026-07-23 07:09:10,22.8,68.4
2026-07-23 07:09:30,22.8,68.2
2026-07-23 07:09:50,22.8,
2026-07-23 07:09:51,,67.8
2026-07-23 07:10:11,22.8,67.9
2026-07-23 07:10:31,22.8,67.9
2026-07-23 07:10:51,22.8,67.9
2026-07-23 07:11:11,22.8,67.7
2026-07-23 07:11:31,22.8,67.5
2026-07-23 07:11:51,22.8,67.5
2026-07-23 07:12:11,22.7,67.2
2026-07-23 07:12:31,22.7,67.0
2026-07-23 07:12:51,22.7,67.0
2026-07-23 07:13:11,22.7,67.1
2026-07-23 07:13:31,22.7,67.1
2026-07-23 07:13:51,22.7,66.9
2026-07-23 07:14:11,22.7,66.9
2026-07-23 07:14:31,22.7,66.6
2026-07-23 07:14:51,22.7,66.5
2026-07-23 07:15:11,22.7,66.5
2026-07-23 07:15:31,22.7,66.7
2026-07-23 07:15:51,22.7,66.7
2026-07-23 07:16:11,22.7,66.4
2026-07-23 07:16:31,22.7,66.4
2026-07-23 07:16:51,22.7,66.3
2026-07-23 07:17:11,22.6,66.1
2026-07-23 07:17:31,22.6,66.0
2026-07-23 07:17:51,22.6,65.9
2026-07-23 07:18:11,22.6,65.8
2026-07-23 07:18:31,22.6,65.9
2026-07-23 07:18:51,22.7,65.8
2026-07-23 07:19:11,22.6,65.8
2026-07-23 07:19:31,22.6,65.7
2026-07-23 07:19:51,22.6,65.6
2026-07-23 07:20:11,22.6,65.7
2026-07-23 07:20:31,22.6,65.6
2026-07-23 07:20:51,22.6,65.7
2026-07-23 07:21:11,22.6,65.6
2026-07-23 07:21:31,22.6,65.6
2026-07-23 07:21:51,22.6,65.6
2026-07-23 07:22:11,22.6,65.6
2026-07-23 07:22:31,22.6,65.8
2026-07-23 07:22:51,22.6,65.9
2026-07-23 07:23:11,22.7,66.0
2026-07-23 07:23:31,22.7,65.9
2026-07-23 07:23:51,22.7,65.8
2026-07-23 07:24:11,22.7,65.8
2026-07-23 07:24:31,22.6,65.9
2026-07-23 07:24:51,22.6,66.0
2026-07-23 07:25:11,22.6,66.0
2026-07-23 07:25:31,22.6,66.1
2026-07-23 07:25:51,22.6,66.3
2026-07-23 07:26:11,22.6,66.4
2026-07-23 07:26:31,22.6,66.5
2026-07-23 07:26:51,22.6,66.7
2026-07-23 07:27:11,22.6,67.0
2026-07-23 07:27:32,22.6,67.1
2026-07-23 07:27:52,22.6,67.3
2026-07-23 07:28:12,22.6,67.5
2026-07-23 07:28:32,22.6,67.6
2026-07-23 07:28:52,22.5,67.8
2026-07-23 07:29:12,22.6,68.0
2026-07-23 07:29:32,22.5,68.2
2026-07-23 07:29:52,22.5,68.3
2026-07-23 07:30:12,22.5,68.6
2026-07-23 07:30:32,22.5,68.7
2026-07-23 07:30:52,22.5,68.8
2026-07-23 07:31:12,22.5,69.0
2026-07-23 07:31:32,22.5,69.2
2026-07-23 07:31:52,22.5,69.4
2026-07-23 07:32:12,22.5,69.6
2026-07-23 07:32:32,22.5,69.6
2026-07-23 07:32:52,22.5,69.8
2026-07-23 07:33:12,22.5,70.0
2026-07-23 07:33:32,22.5,70.2
2026-07-23 07:33:52,22.5,70.3
2026-07-23 07:34:12,22.5,70.5
2026-07-23 07:34:32,22.5,70.5
2026-07-23 07:34:52,22.5,70.5
2026-07-23 07:35:12,22.6,70.6
2026-07-23 07:35:32,22.6,70.6
2026-07-23 07:35:52,22.6,70.7
2026-07-23 07:36:12,22.6,70.6
2026-07-23 07:36:32,22.6,70.7
2026-07-23 07:36:52,22.6,70.9
2026-07-23 07:37:12,22.6,70.9
2026-07-23 07:37:32,22.6,70.9
2026-07-23 07:37:52,22.6,70.9
2026-07-23 07:38:12,22.6,71.0
2026-07-23 07:38:32,22.7,71.0
2026-07-23 07:38:52,22.7,71.1
2026-07-23 07:39:12,22.7,71.3
2026-07-23 07:39:32,22.7,71.3
2026-07-23 07:39:52,22.7,71.4
2026-07-23 07:40:12,22.7,71.4
2026-07-23 07:40:32,22.7,71.5
2026-07-23 07:40:52,22.7,71.5
2026-07-23 07:41:12,22.7,71.6
2026-07-23 07:41:32,22.7,71.7
2026-07-23 07:41:52,22.7,71.7
2026-07-23 07:42:12,22.7,71.8
2026-07-23 07:42:32,22.7,71.8
2026-07-23 07:42:52,22.7,71.8
2026-07-23 07:43:12,22.7,71.9
2026-07-23 07:43:32,22.7,71.9
2026-07-23 07:43:53,22.7,71.9
2026-07-23 07:44:13,22.7,72.0
2026-07-23 07:44:33,22.7,72.0
2026-07-23 07:44:53,22.7,72.0
2026-07-23 07:45:13,22.8,72.0
2026-07-23 07:45:33,22.7,72.1
2026-07-23 07:45:53,22.7,72.1
2026-07-23 07:46:13,22.7,72.1
2026-07-23 07:46:33,22.8,72.1
2026-07-23 07:46:53,22.8,72.2
2026-07-23 07:47:13,22.8,72.2
2026-07-23 07:47:33,22.8,72.1
2026-07-23 07:47:53,22.8,72.2
2026-07-23 07:48:13,22.7,72.3
2026-07-23 07:48:33,22.8,72.3
2026-07-23 07:48:53,22.8,72.3
2026-07-23 07:49:13,22.8,72.3
2026-07-23 07:49:33,22.8,72.4
2026-07-23 07:49:53,22.8,72.4
2026-07-23 07:50:13,22.8,72.4
2026-07-23 07:50:33,22.8,72.4
2026-07-23 07:50:53,22.8,72.4
2026-07-23 07:51:13,22.8,72.4
2026-07-23 07:51:33,22.8,72.4
2026-07-23 07:51:53,22.8,72.4
2026-07-23 07:52:13,22.8,72.4
2026-07-23 07:52:33,22.8,72.5
2026-07-23 07:52:53,22.8,72.5
2026-07-23 07:53:13,22.9,72.5
2026-07-23 07:53:33,22.8,72.5
2026-07-23 07:53:53,22.9,72.5
2026-07-23 07:54:13,22.9,72.5
2026-07-23 07:54:33,22.9,72.6
2026-07-23 07:54:53,22.9,72.6
2026-07-23 07:55:13,22.9,72.5
2026-07-23 07:55:33,22.9,72.6
2026-07-23 07:55:53,22.9,72.5
2026-07-23 07:56:13,22.9,72.5
2026-07-23 07:56:33,22.9,72.6
2026-07-23 07:56:53,22.8,72.6
2026-07-23 07:57:13,22.9,72.6
2026-07-23 07:57:33,22.8,72.7
2026-07-23 07:57:53,22.8,72.7
2026-07-23 07:58:13,22.9,72.7
2026-07-23 07:58:33,22.9,72.7
2026-07-23 07:58:53,22.9,72.6
2026-07-23 07:59:13,22.8,72.5
2026-07-23 07:59:33,22.8,72.4
2026-07-23 07:59:54,22.8,72.4
2026-07-23 08:00:13,22.8,
2026-07-23 08:00:14,,72.3
2026-07-23 08:00:34,22.8,72.3
2026-07-23 08:00:54,22.7,72.4
2026-07-23 08:01:14,22.7,72.5
2026-07-23 08:01:34,22.7,72.4
2026-07-23 08:01:54,22.8,72.4
2026-07-23 08:02:14,22.7,72.3
2026-07-23 08:02:34,22.7,72.3
2026-07-23 08:02:54,22.7,72.2
2026-07-23 08:03:14,22.8,72.3
2026-07-23 08:03:34,22.8,72.3
2026-07-23 08:03:54,22.7,72.2
2026-07-23 08:04:14,22.7,72.2
2026-07-23 08:04:34,22.7,72.2
2026-07-23 08:04:54,22.7,72.3
2026-07-23 08:05:14,22.7,72.4
2026-07-23 08:05:34,22.7,72.4
2026-07-23 08:05:54,22.7,72.5
2026-07-23 08:06:14,22.7,72.5
2026-07-23 08:06:34,22.7,72.5
2026-07-23 08:06:54,22.7,72.5
2026-07-23 08:07:14,22.7,72.6
2026-07-23 08:07:34,22.7,72.6
2026-07-23 08:07:54,22.7,72.6
2026-07-23 08:08:14,22.7,72.7
2026-07-23 08:08:34,22.7,72.8
2026-07-23 08:08:54,22.7,72.9
2026-07-23 08:09:14,22.7,73.0
2026-07-23 08:09:34,22.7,72.9
2026-07-23 08:09:54,22.7,72.8
2026-07-23 08:10:14,22.7,72.8
2026-07-23 08:10:34,22.7,72.7
2026-07-23 08:10:54,22.7,72.7
2026-07-23 08:11:14,22.7,72.6
2026-07-23 08:11:34,22.8,72.6
2026-07-23 08:11:54,22.8,72.4
2026-07-23 08:12:14,22.7,72.3
2026-07-23 08:12:34,22.8,72.2
2026-07-23 08:12:54,22.8,72.2
2026-07-23 08:13:14,22.8,72.2
2026-07-23 08:13:34,22.8,72.2
2026-07-23 08:13:54,22.8,72.1
2026-07-23 08:14:14,22.8,72.1
2026-07-23 08:14:34,22.8,72.0
2026-07-23 08:14:54,22.8,72.0
2026-07-23 08:15:14,22.8,72.0
2026-07-23 08:15:34,22.8,72.1
2026-07-23 08:15:54,22.8,72.2
2026-07-23 08:16:14,22.8,72.3
2026-07-23 08:16:34,22.8,72.3
2026-07-23 08:16:55,22.8,72.4
2026-07-23 08:17:15,22.8,72.4
2026-07-23 08:17:35,22.8,72.5
2026-07-23 08:17:55,22.9,72.4
2026-07-23 08:18:15,22.9,72.2
2026-07-23 08:18:35,22.8,72.1
2026-07-23 08:18:55,22.8,72.1
2026-07-23 08:19:15,22.8,72.1
2026-07-23 08:19:35,22.8,72.1
2026-07-23 08:19:55,22.8,72.2
2026-07-23 08:20:15,22.8,72.1
2026-07-23 08:20:35,22.8,72.2
2026-07-23 08:20:55,22.8,72.2
2026-07-23 08:21:15,22.8,72.3
2026-07-23 08:21:35,22.8,72.3
2026-07-23 08:21:55,22.8,72.4
2026-07-23 08:22:15,22.8,72.3
2026-07-23 08:22:35,22.9,72.3
2026-07-23 08:22:55,22.9,72.2
2026-07-23 08:23:15,22.9,72.2
2026-07-23 08:23:35,23.0,72.1
2026-07-23 08:23:55,23.0,72.0
2026-07-23 08:24:15,23.0,71.9
2026-07-23 08:24:35,23.0,71.8
2026-07-23 08:24:55,23.0,71.9
2026-07-23 08:25:15,23.0,71.7
2026-07-23 08:25:35,23.1,71.7
2026-07-23 08:25:55,23.1,71.7
2026-07-23 08:26:15,23.1,71.7
2026-07-23 08:26:35,23.1,71.8
2026-07-23 08:26:55,23.1,71.8
2026-07-23 08:27:15,23.1,71.8
2026-07-23 08:27:35,23.1,71.8
2026-07-23 08:27:55,23.1,71.8
2026-07-23 08:28:15,23.1,71.8
2026-07-23 08:28:35,23.2,71.8
2026-07-23 08:28:55,23.2,71.7
2026-07-23 08:29:15,23.2,71.7
2026-07-23 08:29:35,23.2,71.7
2026-07-23 08:29:55,23.2,71.7
2026-07-23 08:30:15,23.2,71.7
2026-07-23 08:30:35,23.2,71.8
2026-07-23 08:30:55,23.2,71.7
2026-07-23 08:31:15,23.2,71.6
2026-07-23 08:31:35,23.2,71.7
2026-07-23 08:31:55,23.2,71.7
2026-07-23 08:32:15,23.2,71.8
2026-07-23 08:32:35,23.3,71.9
2026-07-23 08:32:55,23.3,71.9
2026-07-23 08:33:15,23.3,71.8
2026-07-23 08:33:35,23.3,71.7
2026-07-23 08:33:55,23.3,71.6
2026-07-23 08:34:16,23.3,71.5
2026-07-23 08:34:36,23.3,71.4
2026-07-23 08:34:56,23.3,71.4
2026-07-23 08:35:16,23.3,71.4
2026-07-23 08:35:36,23.3,71.3
2026-07-23 08:35:56,23.4,71.3
2026-07-23 08:36:16,23.4,71.2
2026-07-23 08:36:36,23.4,71.0
2026-07-23 08:36:56,23.4,71.0
2026-07-23 08:37:16,23.4,70.9
2026-07-23 08:37:36,23.4,70.8
2026-07-23 08:37:56,23.4,70.7
2026-07-23 08:38:16,23.4,70.7
2026-07-23 08:38:36,23.4,70.8
2026-07-23 08:38:56,23.4,70.7
2026-07-23 08:39:16,23.4,70.7
2026-07-23 08:39:36,23.4,70.7
2026-07-23 08:39:56,23.4,70.6
2026-07-23 08:40:16,23.4,70.7
2026-07-23 08:40:36,23.4,70.7
2026-07-23 08:40:56,23.4,70.7
2026-07-23 08:41:16,23.4,70.8
2026-07-23 08:41:36,23.4,70.9
2026-07-23 08:41:56,23.4,71.0
2026-07-23 08:42:16,23.4,70.9
2026-07-23 08:42:36,23.4,70.9
2026-07-23 08:42:56,23.4,70.9
2026-07-23 08:43:16,23.4,71.0
2026-07-23 08:43:36,23.4,70.9
2026-07-23 08:43:56,23.5,71.0
2026-07-23 08:44:16,23.5,71.0
2026-07-23 08:44:36,23.4,71.1
2026-07-23 08:44:56,23.5,71.1
2026-07-23 08:45:16,23.5,71.1
2026-07-23 08:45:36,23.5,71.1
2026-07-23 08:45:56,23.4,71.1
2026-07-23 08:46:16,23.4,71.1
2026-07-23 08:46:36,23.4,71.2
2026-07-23 08:46:56,23.4,71.2
2026-07-23 08:47:16,23.5,71.2
2026-07-23 08:47:36,23.5,71.1
2026-07-23 08:47:56,23.5,71.2
2026-07-23 08:48:16,23.5,71.1
2026-07-23 08:48:36,23.5,71.1
2026-07-23 08:48:56,23.5,71.2
2026-07-23 08:49:16,23.4,71.2
2026-07-23 08:49:36,23.5,71.2
2026-07-23 08:49:56,23.5,71.2
2026-07-23 08:50:16,23.4,71.2
2026-07-23 08:50:36,23.4,71.2
2026-07-23 08:50:56,23.5,71.2
2026-07-23 08:51:16,23.5,71.2
2026-07-23 08:51:37,23.5,71.2
2026-07-23 08:51:57,23.5,71.1
2026-07-23 08:52:17,23.5,71.1
2026-07-23 08:52:37,23.6,71.1
2026-07-23 08:52:57,23.6,71.1
2026-07-23 08:53:17,23.6,71.0
2026-07-23 08:53:37,23.6,71.1
2026-07-23 08:53:57,23.6,71.0
2026-07-23 08:54:17,23.6,70.9
2026-07-23 08:54:37,23.6,70.9
2026-07-23 08:54:57,23.6,71.0
2026-07-23 08:55:17,23.6,71.0
2026-07-23 08:55:37,23.6,71.2
2026-07-23 08:55:57,23.7,71.2
2026-07-23 08:56:17,23.7,71.2
2026-07-23 08:56:37,23.7,71.2
2026-07-23 08:56:57,23.7,71.1
2026-07-23 08:57:17,23.7,71.2
2026-07-23 08:57:37,23.7,71.2
2026-07-23 08:57:57,23.7,71.2
2026-07-23 08:58:17,23.7,71.2
2026-07-23 08:58:37,23.7,71.3
2026-07-23 08:58:57,23.8,71.3
2026-07-23 08:59:17,23.8,71.4
2026-07-23 08:59:37,23.8,71.3
2026-07-23 08:59:57,23.8,71.3
2026-07-23 09:00:17,23.9,71.2
2026-07-23 09:00:37,23.9,71.0
2026-07-23 09:00:57,24.0,70.9
2026-07-23 09:01:17,24.0,70.9
2026-07-23 09:01:37,24.0,70.7
2026-07-23 09:01:57,24.0,70.6
2026-07-23 09:02:17,24.0,70.5
2026-07-23 09:02:37,24.0,70.5
2026-07-23 09:02:57,24.0,70.4
2026-07-23 09:03:17,24.0,70.3
2026-07-23 09:03:37,23.9,70.2
2026-07-23 09:03:57,23.9,70.3
2026-07-23 09:04:17,23.9,70.3
2026-07-23 09:04:37,23.9,70.4
2026-07-23 09:04:57,23.9,70.5
2026-07-23 09:05:17,24.0,70.5
2026-07-23 09:05:37,24.0,70.4
2026-07-23 09:05:57,24.0,70.2
2026-07-23 09:06:17,24.0,70.2
2026-07-23 09:06:37,24.1,70.1
2026-07-23 09:06:57,24.0,70.0
2026-07-23 09:07:17,24.0,69.9
2026-07-23 09:07:37,24.0,70.0
2026-07-23 09:07:57,24.0,
2026-07-23 09:07:58,,70.0
2026-07-23 09:08:17,23.9,70.1
2026-07-23 09:08:37,23.9,70.1
2026-07-23 09:08:58,23.9,70.1
2026-07-23 09:09:18,23.9,70.1
2026-07-23 09:09:38,23.9,70.0
2026-07-23 09:09:58,23.9,69.9
2026-07-23 09:10:18,24.0,69.8
2026-07-23 09:10:38,24.0,69.6
2026-07-23 09:10:58,24.0,69.4
2026-07-23 09:11:18,24.0,69.3
2026-07-23 09:11:38,24.0,69.2
2026-07-23 09:11:58,24.0,69.1
2026-07-23 09:12:18,24.0,69.1
2026-07-23 09:12:38,24.0,69.1
2026-07-23 09:12:58,24.0,69.0
2026-07-23 09:13:18,24.0,69.0
2026-07-23 09:13:38,23.9,68.9
2026-07-23 09:13:58,23.9,68.9
2026-07-23 09:14:18,23.9,68.9
2026-07-23 09:14:38,23.8,68.9
2026-07-23 09:14:58,23.8,68.9
2026-07-23 09:15:18,23.8,68.9
2026-07-23 09:15:38,23.8,69.1
2026-07-23 09:15:58,23.8,69.0
2026-07-23 09:16:18,23.9,69.0
2026-07-23 09:16:38,23.9,68.9
2026-07-23 09:16:58,23.9,68.8
2026-07-23 09:17:18,24.0,68.7
2026-07-23 09:17:38,23.9,68.5
2026-07-23 09:17:58,24.0,68.5
2026-07-23 09:18:18,24.0,68.5
2026-07-23 09:18:38,24.0,68.4
2026-07-23 09:18:58,24.0,68.3
2026-07-23 09:19:18,24.0,68.2
2026-07-23 09:19:38,24.0,68.2
2026-07-23 09:19:58,24.0,68.1
2026-07-23 09:20:18,24.0,68.2
2026-07-23 09:20:38,24.0,68.1
2026-07-23 09:20:58,24.0,68.2
2026-07-23 09:21:18,24.0,68.2
2026-07-23 09:21:38,24.0,68.2
2026-07-23 09:21:58,24.0,68.3
2026-07-23 09:22:18,23.9,68.3
2026-07-23 09:22:38,23.9,68.4
2026-07-23 09:22:58,23.9,
2026-07-23 09:22:59,,68.5
2026-07-23 09:23:18,23.9,68.5
2026-07-23 09:23:38,23.9,68.6
2026-07-23 09:23:58,23.9,68.7
2026-07-23 09:24:18,23.9,68.8
2026-07-23 09:24:38,24.0,68.8
2026-07-23 09:24:59,24.0,68.7
2026-07-23 09:25:18,24.0,68.6
2026-07-23 09:25:38,24.0,68.3
2026-07-23 09:25:59,24.0,68.3
2026-07-23 09:26:19,24.0,68.2
2026-07-23 09:26:39,24.0,68.1
2026-07-23 09:26:59,24.0,68.1
2026-07-23 09:27:19,24.0,68.1
2026-07-23 09:27:39,24.0,68.1
2026-07-23 09:27:59,24.0,68.1
2026-07-23 09:28:19,24.0,68.1
2026-07-23 09:28:39,24.0,68.1
2026-07-23 09:28:59,24.0,68.2
2026-07-23 09:29:19,24.0,68.2
2026-07-23 09:29:39,24.0,68.2
2026-07-23 09:29:59,24.0,68.3
2026-07-23 09:30:19,24.1,
2026-07-23 09:30:20,,68.4
2026-07-23 09:30:39,24.0,
2026-07-23 09:30:43,,68.3
2026-07-23 09:30:59,24.1,68.4
2026-07-23 09:31:19,24.1,68.4
2026-07-23 09:31:39,24.1,68.4
2026-07-23 09:31:59,24.1,68.6
2026-07-23 09:32:19,24.1,68.7
2026-07-23 09:32:39,24.1,68.7
2026-07-23 09:32:59,24.2,68.6
2026-07-23 09:33:19,24.2,68.6
2026-07-23 09:33:39,24.3,68.6
2026-07-23 09:33:59,24.3,68.4
2026-07-23 09:34:19,24.3,68.2
2026-07-23 09:34:39,24.3,68.0
2026-07-23 09:34:59,24.3,67.8
2026-07-23 09:35:19,24.3,67.8
2026-07-23 09:35:39,24.3,67.8
2026-07-23 09:35:59,24.3,67.7
2026-07-23 09:36:19,24.3,67.8
2026-07-23 09:36:39,24.3,67.8
2026-07-23 09:36:59,24.4,67.9
2026-07-23 09:37:19,24.4,67.7
2026-07-23 09:37:39,24.4,67.4
2026-07-23 09:37:59,24.4,67.4
2026-07-23 09:38:19,24.5,67.2
2026-07-23 09:38:39,24.5,67.1
2026-07-23 09:38:59,24.5,66.9
2026-07-23 09:39:19,24.5,66.9
2026-07-23 09:39:39,24.5,66.8
2026-07-23 09:39:59,24.4,66.7
2026-07-23 09:40:19,24.4,66.7
2026-07-23 09:40:39,24.4,66.7
2026-07-23 09:40:59,24.4,66.8
2026-07-23 09:41:19,24.4,66.7
2026-07-23 09:41:40,24.5,66.7
2026-07-23 09:42:00,24.5,66.6
2026-07-23 09:42:19,24.5,66.5
2026-07-23 09:42:40,24.5,66.5
2026-07-23 09:43:00,24.5,66.5
2026-07-23 09:43:20,24.5,66.6
2026-07-23 09:43:40,24.5,66.6
2026-07-23 09:44:00,24.5,66.7
2026-07-23 09:44:20,24.5,66.7
2026-07-23 09:44:40,24.5,66.8
2026-07-23 09:45:00,24.5,66.8
2026-07-23 09:45:20,24.5,66.8
2026-07-23 09:45:40,24.5,66.8
2026-07-23 09:46:00,24.5,66.8
2026-07-23 09:46:20,24.6,67.0
2026-07-23 09:46:40,24.6,67.0
2026-07-23 09:47:00,24.7,67.0
2026-07-23 09:47:20,24.7,66.8
2026-07-23 09:47:40,24.7,66.8
2026-07-23 09:48:00,24.8,66.8
2026-07-23 09:48:20,24.8,66.8
2026-07-23 09:48:40,24.8,66.9
2026-07-23 09:49:00,24.8,67.0
2026-07-23 09:49:20,24.8,67.0
2026-07-23 09:49:40,24.8,67.0
2026-07-23 09:50:00,24.8,67.0
2026-07-23 09:50:20,24.8,67.1
2026-07-23 09:50:40,24.8,67.1
2026-07-23 09:51:00,24.8,67.1
2026-07-23 09:51:20,24.8,67.0
2026-07-23 09:51:40,24.9,67.1
2026-07-23 09:52:00,24.9,67.1
2026-07-23 09:52:20,24.9,67.1
2026-07-23 09:52:40,24.9,67.0
2026-07-23 09:53:00,24.8,66.9
2026-07-23 09:53:20,24.8,67.0
2026-07-23 09:53:40,24.8,67.1
2026-07-23 09:54:00,24.8,67.1
2026-07-23 09:54:20,24.8,67.1
2026-07-23 09:54:40,24.8,67.1
2026-07-23 09:55:00,24.8,67.0
2026-07-23 09:55:20,24.7,67.0
2026-07-23 09:55:40,24.7,67.1
2026-07-23 09:56:00,24.8,67.4
2026-07-23 09:56:20,24.8,67.5
2026-07-23 09:56:40,24.8,67.4
2026-07-23 09:57:00,24.8,67.3
2026-07-23 09:57:20,24.9,67.3
2026-07-23 09:57:40,24.9,67.3
2026-07-23 09:58:00,24.9,67.2
2026-07-23 09:58:20,24.9,67.0
2026-07-23 09:58:40,24.9,67.0
2026-07-23 09:59:01,24.8,67.1
2026-07-23 09:59:20,24.8,67.1
2026-07-23 09:59:41,24.8,67.2
2026-07-23 10:00:01,24.7,67.3
2026-07-23 10:00:21,24.7,67.4
2026-07-23 10:00:41,24.7,67.5
2026-07-23 10:01:01,24.7,67.5
2026-07-23 10:01:21,24.7,67.5
2026-07-23 10:01:41,24.8,67.4
2026-07-23 10:02:01,24.8,67.3
2026-07-23 10:02:21,24.9,67.2
2026-07-23 10:02:41,24.9,66.9
2026-07-23 10:03:01,24.9,66.6
2026-07-23 10:03:21,25.0,66.5
2026-07-23 10:03:41,25.0,66.2
2026-07-23 10:04:01,25.0,66.0
2026-07-23 10:04:21,24.9,65.8
2026-07-23 10:04:41,24.9,65.8
2026-07-23 10:05:01,24.9,65.7
2026-07-23 10:05:21,24.9,65.7
2026-07-23 10:05:41,24.9,65.7
2026-07-23 10:06:01,24.9,65.6
2026-07-23 10:06:21,24.9,65.8
2026-07-23 10:06:41,24.8,65.8
2026-07-23 10:07:01,24.8,65.7
2026-07-23 10:07:21,24.8,65.7
2026-07-23 10:07:41,24.8,66.0
2026-07-23 10:08:01,24.9,65.9
2026-07-23 10:08:21,24.9,65.7
2026-07-23 10:08:41,24.9,65.7
2026-07-23 10:09:01,24.9,65.6
2026-07-23 10:09:21,25.0,65.6
2026-07-23 10:09:41,25.0,65.6
2026-07-23 10:10:01,24.9,65.4
2026-07-23 10:10:21,24.9,65.4
2026-07-23 10:10:41,24.9,65.6
2026-07-23 10:11:01,24.9,65.6
2026-07-23 10:11:21,24.9,65.7
2026-07-23 10:11:41,24.9,65.7
2026-07-23 10:12:01,24.9,65.8
2026-07-23 10:12:21,24.8,65.9
2026-07-23 10:12:41,24.8,65.9
2026-07-23 10:13:01,24.8,65.9
2026-07-23 10:13:21,24.9,65.8
2026-07-23 10:13:41,24.9,66.0
2026-07-23 10:14:01,24.9,65.9
2026-07-23 10:14:21,25.0,65.8
2026-07-23 10:14:41,25.0,65.7
2026-07-23 10:15:01,25.0,65.6
2026-07-23 10:15:21,25.0,65.7
2026-07-23 10:15:41,25.1,65.6
2026-07-23 10:16:01,25.2,65.4
2026-07-23 10:16:21,25.2,65.1
2026-07-23 10:16:41,25.3,64.8
2026-07-23 10:17:01,25.3,64.3
2026-07-23 10:17:22,25.4,63.9
2026-07-23 10:17:41,25.4,63.6
2026-07-23 10:18:02,25.4,63.5
2026-07-23 10:18:22,25.4,63.3
2026-07-23 10:18:42,25.4,63.3
2026-07-23 10:19:02,25.3,63.3
2026-07-23 10:19:22,25.3,63.4
2026-07-23 10:19:42,25.3,63.4
2026-07-23 10:20:02,25.3,63.5
2026-07-23 10:20:22,25.3,63.6
2026-07-23 10:20:42,25.3,63.6
2026-07-23 10:21:02,25.3,63.7
2026-07-23 10:21:22,25.3,63.8
2026-07-23 10:21:42,25.3,63.9
2026-07-23 10:22:02,25.3,64.0
2026-07-23 10:22:22,25.3,64.1
2026-07-23 10:22:42,25.3,64.2
2026-07-23 10:23:02,25.2,64.2
2026-07-23 10:23:22,25.2,64.3
2026-07-23 10:23:42,25.2,64.4
2026-07-23 10:24:02,25.2,64.4
2026-07-23 10:24:22,25.2,64.5
2026-07-23 10:24:42,25.2,64.5
2026-07-23 10:25:02,25.2,64.4
2026-07-23 10:25:22,25.2,64.3
2026-07-23 10:25:42,25.2,64.4
2026-07-23 10:26:02,25.2,64.3
2026-07-23 10:26:22,25.2,64.3
2026-07-23 10:26:42,25.2,64.3
2026-07-23 10:27:02,25.3,64.2
2026-07-23 10:27:22,25.3,64.2
2026-07-23 10:27:42,25.3,64.2
2026-07-23 10:28:02,25.3,64.2
2026-07-23 10:28:22,25.3,64.2
2026-07-23 10:28:42,25.3,64.3
2026-07-23 10:29:02,25.3,64.3
2026-07-23 10:29:22,25.3,64.3
2026-07-23 10:29:42,25.4,64.2
2026-07-23 10:30:02,25.4,64.1
2026-07-23 10:30:22,25.4,64.0
2026-07-23 10:30:42,25.5,64.0
2026-07-23 10:31:02,25.5,63.8
2026-07-23 10:31:22,25.5,63.8
2026-07-23 10:31:42,25.5,63.8
2026-07-23 10:32:02,25.5,63.7
2026-07-23 10:32:23,25.5,63.6
2026-07-23 10:32:42,25.5,63.5
2026-07-23 10:33:02,25.4,63.5
2026-07-23 10:33:22,25.5,63.6
2026-07-23 10:33:42,25.4,63.5
2026-07-23 10:34:02,25.4,63.5
2026-07-23 10:34:22,25.4,63.6
2026-07-23 10:34:42,25.4,63.6
2026-07-23 10:35:02,25.3,63.7
2026-07-23 10:35:23,25.4,63.7
2026-07-23 10:35:43,25.3,63.7
2026-07-23 10:36:03,25.3,63.8
2026-07-23 10:36:23,25.3,63.9
2026-07-23 10:36:43,25.3,64.0
2026-07-23 10:37:03,25.3,64.1
2026-07-23 10:37:23,25.4,64.1
2026-07-23 10:37:43,25.4,64.2
2026-07-23 10:38:03,25.4,64.3
2026-07-23 10:38:23,25.5,64.3
2026-07-23 10:38:43,25.5,64.3
2026-07-23 10:39:03,25.5,64.3
2026-07-23 10:39:23,25.6,64.5
2026-07-23 10:39:43,25.6,64.4
2026-07-23 10:40:03,25.6,64.4
2026-07-23 10:40:23,25.6,64.5
2026-07-23 10:40:43,25.6,64.5
2026-07-23 10:41:03,25.6,64.6
2026-07-23 10:41:23,25.6,64.7
2026-07-23 10:41:43,25.6,64.7
2026-07-23 10:42:04,25.6,64.8
2026-07-23 10:42:23,25.6,64.9
2026-07-23 10:42:43,25.6,64.9
2026-07-23 10:43:03,25.6,65.0
2026-07-23 10:43:23,25.7,65.0
2026-07-23 10:43:43,25.7,64.9
2026-07-23 10:44:03,25.7,64.8
2026-07-23 10:44:23,25.7,64.7
2026-07-23 10:44:43,25.8,64.6
2026-07-23 10:45:03,25.7,64.5
2026-07-23 10:45:23,25.7,64.3
2026-07-23 10:45:43,25.7,64.3
2026-07-23 10:46:03,25.8,64.3
2026-07-23 10:46:23,25.8,64.2
2026-07-23 10:46:43,25.8,64.2
2026-07-23 10:47:03,25.8,64.2
2026-07-23 10:47:23,25.8,64.1
2026-07-23 10:47:43,25.7,64.1
2026-07-23 10:48:03,25.7,64.2
2026-07-23 10:48:23,25.7,64.2
2026-07-23 10:48:43,25.7,64.3
2026-07-23 10:49:03,25.7,64.4
2026-07-23 10:49:23,25.7,64.4
2026-07-23 10:49:43,25.7,64.3
2026-07-23 10:50:03,25.7,64.4
2026-07-23 10:50:23,25.7,64.4
2026-07-23 10:50:44,25.7,64.3
2026-07-23 10:51:04,25.7,64.3
2026-07-23 10:51:24,25.7,64.2
2026-07-23 10:51:44,25.7,64.2
2026-07-23 10:52:04,25.7,64.0
2026-07-23 10:52:24,25.7,64.0
2026-07-23 10:52:44,25.7,63.9
2026-07-23 10:53:04,25.7,63.8
2026-07-23 10:53:24,25.7,63.9
2026-07-23 10:53:44,25.7,64.0
2026-07-23 10:54:04,25.8,63.9
2026-07-23 10:54:24,25.8,64.0
2026-07-23 10:54:44,25.8,64.0
2026-07-23 10:55:04,25.8,64.0
2026-07-23 10:55:24,25.8,64.0
2026-07-23 10:55:44,25.8,64.1
2026-07-23 10:56:04,25.8,64.1
2026-07-23 10:56:24,25.8,64.2
2026-07-23 10:56:44,25.8,64.3
2026-07-23 10:57:04,25.8,64.4
2026-07-23 10:57:24,25.8,64.3
2026-07-23 10:57:44,25.9,64.2
2026-07-23 10:58:04,25.8,64.2
2026-07-23 10:58:24,25.8,64.2
2026-07-23 10:58:44,25.8,64.2
2026-07-23 10:59:04,25.8,64.2
2026-07-23 10:59:24,25.8,64.3
2026-07-23 10:59:44,25.8,64.3
2026-07-23 11:00:04,25.8,64.4
2026-07-23 11:00:24,25.8,64.5
2026-07-23 11:00:44,25.9,64.4
2026-07-23 11:01:04,25.9,64.4
2026-07-23 11:01:24,25.9,64.4
2026-07-23 11:01:44,25.9,64.4
2026-07-23 11:02:04,25.9,64.4
2026-07-23 11:02:24,25.9,64.5
2026-07-23 11:02:44,25.9,64.6
2026-07-23 11:03:04,25.9,64.5
2026-07-23 11:03:24,25.9,64.5
2026-07-23 11:03:44,25.9,64.4
2026-07-23 11:04:04,25.9,64.4
2026-07-23 11:04:24,25.9,64.4
2026-07-23 11:04:44,25.9,64.3
2026-07-23 11:05:04,25.8,64.3
2026-07-23 11:05:24,25.8,64.4
2026-07-23 11:05:44,25.9,64.4
2026-07-23 11:06:04,25.9,64.5
2026-07-23 11:06:24,25.9,64.4
2026-07-23 11:06:44,25.9,64.4
2026-07-23 11:07:04,25.9,64.4
2026-07-23 11:07:25,25.9,64.2
2026-07-23 11:07:44,25.9,
2026-07-23 11:07:45,,64.1
2026-07-23 11:08:05,26.0,64.0
2026-07-23 11:08:25,25.9,63.8
2026-07-23 11:08:45,25.9,63.7
2026-07-23 11:09:05,26.0,63.7
2026-07-23 11:09:25,25.9,63.6
2026-07-23 11:09:45,25.9,63.6
2026-07-23 11:10:05,25.9,63.6
2026-07-23 11:10:25,25.9,63.6
2026-07-23 11:10:45,25.9,63.6
2026-07-23 11:11:05,25.9,63.6
2026-07-23 11:11:25,25.9,63.6
2026-07-23 11:11:45,25.9,63.6
2026-07-23 11:12:05,25.9,63.5
2026-07-23 11:12:25,26.0,63.4
2026-07-23 11:12:45,26.0,63.3
2026-07-23 11:13:05,26.0,63.1
2026-07-23 11:13:25,26.0,63.0
2026-07-23 11:13:45,26.0,62.9
2026-07-23 11:14:05,26.0,62.7
2026-07-23 11:14:25,26.0,62.6
2026-07-23 11:14:45,26.0,62.6
2026-07-23 11:15:05,26.0,62.7
2026-07-23 11:15:25,25.9,62.7
2026-07-23 11:15:45,25.9,62.6
2026-07-23 11:16:05,25.9,62.5
2026-07-23 11:16:25,26.0,62.3
2026-07-23 11:16:45,26.0,62.2
2026-07-23 11:17:05,26.0,62.2
2026-07-23 11:17:25,26.0,62.1
2026-07-23 11:17:45,26.0,62.1
2026-07-23 11:18:05,26.0,62.2
2026-07-23 11:18:25,26.0,62.2
2026-07-23 11:18:45,26.0,62.2
2026-07-23 11:19:05,26.0,62.0
2026-07-23 11:19:25,26.0,62.0
2026-07-23 11:19:45,26.1,61.7
2026-07-23 11:20:05,26.0,61.6
2026-07-23 11:20:25,26.1,61.6
2026-07-23 11:20:45,26.1,61.4
2026-07-23 11:21:05,26.1,61.2
2026-07-23 11:21:25,26.1,61.1
2026-07-23 11:21:45,26.2,61.0
2026-07-23 11:22:05,26.1,
2026-07-23 11:22:06,,60.9
2026-07-23 11:22:25,26.2,60.9
2026-07-23 11:22:45,26.2,60.9
2026-07-23 11:23:05,26.2,61.1
2026-07-23 11:23:25,26.2,61.1
2026-07-23 11:23:45,26.2,61.2
2026-07-23 11:24:06,26.2,61.2
2026-07-23 11:24:25,26.2,61.1
2026-07-23 11:24:46,26.2,61.1
2026-07-23 11:25:06,26.2,61.1
2026-07-23 11:25:26,26.2,61.1
2026-07-23 11:25:46,26.1,61.3
2026-07-23 11:26:06,26.1,61.3
2026-07-23 11:26:26,26.1,61.4
2026-07-23 11:26:46,26.1,61.6
2026-07-23 11:27:06,26.0,61.7
2026-07-23 11:27:26,26.0,61.8
2026-07-23 11:27:46,26.1,61.9
2026-07-23 11:28:06,26.1,62.0
2026-07-23 11:28:26,26.1,62.1
2026-07-23 11:28:46,26.1,62.0
2026-07-23 11:29:06,26.1,62.0
2026-07-23 11:29:26,26.2,62.0
2026-07-23 11:29:46,26.2,61.8
2026-07-23 11:30:06,26.2,61.7
2026-07-23 11:30:26,26.2,61.8
2026-07-23 11:30:46,26.3,61.7
2026-07-23 11:31:06,26.3,61.8
2026-07-23 11:31:26,26.2,61.8
2026-07-23 11:31:46,26.2,61.8
2026-07-23 11:32:06,26.2,61.9
2026-07-23 11:32:26,26.2,61.9
2026-07-23 11:32:46,26.2,61.9
2026-07-23 11:33:06,26.2,61.8
2026-07-23 11:33:26,26.2,61.9
2026-07-23 11:33:46,26.2,61.8
2026-07-23 11:34:06,26.2,61.9
2026-07-23 11:34:26,26.2,61.9
2026-07-23 11:34:46,26.2,61.9
2026-07-23 11:35:06,26.3,62.0
2026-07-23 11:35:26,26.3,62.0
2026-07-23 11:35:46,26.3,62.1
2026-07-23 11:36:06,26.4,62.0
2026-07-23 11:36:26,26.4,61.9
2026-07-23 11:36:46,26.4,61.9
2026-07-23 11:37:06,26.3,61.9
2026-07-23 11:37:26,26.3,62.0
2026-07-23 11:37:46,26.2,62.0
2026-07-23 11:38:06,26.2,62.1
2026-07-23 11:38:26,26.2,62.1
2026-07-23 11:38:46,26.2,62.2
2026-07-23 11:39:06,26.3,62.2
2026-07-23 11:39:26,26.3,62.1
2026-07-23 11:39:46,26.3,62.1
2026-07-23 11:40:06,26.3,62.1
2026-07-23 11:40:26,26.4,62.0
2026-07-23 11:40:46,26.4,61.9
2026-07-23 11:41:07,26.4,61.8
2026-07-23 11:41:27,26.4,61.8
2026-07-23 11:41:47,26.4,61.7
2026-07-23 11:42:07,26.4,61.7
2026-07-23 11:42:27,26.5,61.7
2026-07-23 11:42:47,26.5,61.6
2026-07-23 11:43:07,26.5,61.6
2026-07-23 11:43:27,26.5,61.6
2026-07-23 11:43:47,26.5,61.7
2026-07-23 11:44:07,26.5,61.7
2026-07-23 11:44:27,26.5,61.8
2026-07-23 11:44:47,26.5,61.9
2026-07-23 11:45:07,26.4,61.9
2026-07-23 11:45:27,26.4,62.1
2026-07-23 11:45:47,26.4,62.1
2026-07-23 11:46:07,26.5,62.2
2026-07-23 11:46:27,26.5,62.3
2026-07-23 11:46:47,26.5,62.3
2026-07-23 11:47:07,26.5,62.4
2026-07-23 11:47:27,26.5,62.4
2026-07-23 11:47:47,26.5,62.4
2026-07-23 11:48:07,26.5,62.4
2026-07-23 11:48:27,26.5,62.3
2026-07-23 11:48:47,26.5,62.3
2026-07-23 11:49:07,26.5,62.3
2026-07-23 11:49:27,26.5,62.4
2026-07-23 11:49:47,26.4,62.4
2026-07-23 11:50:07,26.4,62.3
2026-07-23 11:50:27,26.4,62.3
2026-07-23 11:50:47,26.4,62.3
2026-07-23 11:51:07,26.5,62.3
2026-07-23 11:51:27,26.5,62.2
2026-07-23 11:51:47,26.4,62.1
2026-07-23 11:52:07,26.4,62.1
2026-07-23 11:52:27,26.4,62.1
2026-07-23 11:52:47,26.4,62.0
2026-07-23 11:53:07,26.4,62.1
2026-07-23 11:53:27,26.4,62.1
2026-07-23 11:53:47,26.4,62.1
2026-07-23 11:54:07,26.4,62.1
2026-07-23 11:54:27,26.4,62.1
2026-07-23 11:54:47,26.4,62.2
2026-07-23 11:55:07,26.4,62.2
2026-07-23 11:55:27,26.3,62.3
2026-07-23 11:55:47,26.3,62.3
2026-07-23 11:56:07,26.3,62.4
2026-07-23 11:56:27,26.3,62.5
2026-07-23 11:56:47,26.3,62.5
2026-07-23 11:57:07,26.3,62.5
2026-07-23 11:57:28,26.4,62.4
2026-07-23 11:57:48,26.4,62.3
2026-07-23 11:58:08,26.4,62.3
2026-07-23 11:58:28,26.5,62.2
2026-07-23 11:58:48,26.5,62.2
2026-07-23 11:59:08,26.5,62.2
2026-07-23 11:59:28,26.5,62.2
2026-07-23 11:59:48,26.5,62.2
2026-07-23 12:00:08,26.5,62.0
2026-07-23 12:00:28,26.6,62.0
2026-07-23 12:00:48,26.6,61.8
2026-07-23 12:01:08,26.6,61.6
2026-07-23 12:01:28,26.6,61.5
2026-07-23 12:01:48,26.6,61.3
2026-07-23 12:02:08,26.7,61.1
2026-07-23 12:02:28,26.7,61.0
2026-07-23 12:02:48,26.7,61.1
2026-07-23 12:03:08,26.8,61.1
2026-07-23 12:03:28,26.8,61.0
2026-07-23 12:03:48,26.8,60.9
2026-07-23 12:04:08,26.8,60.8
2026-07-23 12:04:28,26.8,60.6
2026-07-23 12:04:48,26.9,60.6
2026-07-23 12:05:08,26.9,60.5
2026-07-23 12:05:28,26.9,60.6
2026-07-23 12:05:48,26.9,60.5
2026-07-23 12:06:08,26.9,60.5
2026-07-23 12:06:28,26.9,60.5
2026-07-23 12:06:48,26.8,60.6
2026-07-23 12:07:08,26.8,60.6
2026-07-23 12:07:28,26.8,60.7
2026-07-23 12:07:48,26.8,60.6
2026-07-23 12:08:08,26.8,60.7
2026-07-23 12:08:28,26.8,60.7
2026-07-23 12:08:48,26.8,60.8
2026-07-23 12:09:08,26.7,60.7
2026-07-23 12:09:28,26.8,60.7
2026-07-23 12:09:48,26.7,60.8
2026-07-23 12:10:08,26.7,60.7
2026-07-23 12:10:28,26.7,60.6
2026-07-23 12:10:48,26.7,60.5
2026-07-23 12:11:08,26.7,60.7
2026-07-23 12:11:29,26.7,60.7
2026-07-23 12:11:48,26.6,60.8
2026-07-23 12:12:08,26.6,60.7
2026-07-23 12:12:28,26.6,60.7
2026-07-23 12:12:48,26.6,60.5
2026-07-23 12:13:08,26.6,60.5
2026-07-23 12:13:28,26.6,60.5
2026-07-23 12:13:48,26.6,60.5
2026-07-23 12:14:09,26.6,60.5
2026-07-23 12:14:28,26.6,60.4
2026-07-23 12:14:49,26.6,60.4
2026-07-23 12:15:09,26.6,60.5
2026-07-23 12:15:29,26.6,60.4
2026-07-23 12:15:49,26.6,60.4
2026-07-23 12:16:09,26.6,60.5
2026-07-23 12:16:29,26.6,60.5
2026-07-23 12:16:49,26.6,60.5
2026-07-23 12:17:09,26.6,60.5
2026-07-23 12:17:29,26.6,60.6
2026-07-23 12:17:49,26.6,60.7
2026-07-23 12:18:09,26.6,60.8
2026-07-23 12:18:29,26.6,60.9
2026-07-23 12:18:49,26.5,60.9
2026-07-23 12:19:09,26.5,60.9
2026-07-23 12:19:29,26.5,61.0
2026-07-23 12:19:49,26.4,61.0
2026-07-23 12:20:09,26.4,61.2
2026-07-23 12:20:29,26.4,61.3
2026-07-23 12:20:49,26.4,61.4
2026-07-23 12:21:09,26.5,61.4
2026-07-23 12:21:29,26.5,61.3
2026-07-23 12:21:49,26.5,61.3
2026-07-23 12:22:09,26.5,61.2
2026-07-23 12:22:29,26.5,61.3
2026-07-23 12:22:49,26.4,61.4
2026-07-23 12:23:09,26.4,61.6
2026-07-23 12:23:29,26.4,61.7
2026-07-23 12:23:49,26.3,61.6
2026-07-23 12:24:09,26.3,61.6
2026-07-23 12:24:29,26.3,61.7
2026-07-23 12:24:49,26.3,61.6
2026-07-23 12:25:09,26.4,61.5
2026-07-23 12:25:29,26.4,61.3
2026-07-23 12:25:49,26.4,61.1
2026-07-23 12:26:09,26.4,61.4
2026-07-23 12:26:29,26.4,61.4
2026-07-23 12:26:49,26.3,61.3
2026-07-23 12:27:09,26.3,61.3
2026-07-23 12:27:29,26.3,61.5
2026-07-23 12:27:49,26.3,61.5
2026-07-23 12:28:09,26.2,61.6
2026-07-23 12:28:29,26.2,61.7
2026-07-23 12:28:49,26.1,61.9
2026-07-23 12:29:09,26.2,61.9
2026-07-23 12:29:29,26.2,62.1
2026-07-23 12:29:49,26.2,62.1
2026-07-23 12:30:09,26.2,62.2
2026-07-23 12:30:29,26.3,62.1
2026-07-23 12:30:49,26.3,62.1
2026-07-23 12:31:09,26.3,62.0
2026-07-23 12:31:30,26.3,61.9
2026-07-23 12:31:49,26.3,61.8
2026-07-23 12:32:10,26.4,61.6
2026-07-23 12:32:30,26.5,61.4
2026-07-23 12:32:50,26.6,61.1
2026-07-23 12:33:10,26.6,60.8
2026-07-23 12:33:30,26.7,60.5
2026-07-23 12:33:50,26.8,60.4
2026-07-23 12:34:10,26.8,60.2
2026-07-23 12:34:30,26.9,60.0
2026-07-23 12:34:50,26.9,59.8
2026-07-23 12:35:10,26.9,59.6
2026-07-23 12:35:30,27.0,59.5
2026-07-23 12:35:50,27.1,
2026-07-23 12:35:51,,59.3
2026-07-23 12:36:10,27.1,59.2
2026-07-23 12:36:30,27.1,59.2
2026-07-23 12:36:50,27.1,59.1
2026-07-23 12:37:10,27.1,59.0
2026-07-23 12:37:30,27.1,58.9
2026-07-23 12:37:50,27.2,58.9
2026-07-23 12:38:10,27.1,58.8
2026-07-23 12:38:30,27.1,58.7
2026-07-23 12:38:50,27.1,58.8
2026-07-23 12:39:10,27.1,58.8
2026-07-23 12:39:30,27.1,58.8
2026-07-23 12:39:50,27.1,58.9
2026-07-23 12:40:10,27.0,58.9
2026-07-23 12:40:30,27.1,59.0
2026-07-23 12:40:50,27.1,59.0
2026-07-23 12:41:10,27.1,59.1
2026-07-23 12:41:30,27.0,59.0
2026-07-23 12:41:50,27.0,59.0
2026-07-23 12:42:10,27.1,59.0
2026-07-23 12:42:30,27.1,58.9
2026-07-23 12:42:50,27.1,58.9
2026-07-23 12:43:10,27.1,58.9
2026-07-23 12:43:30,27.1,59.0
2026-07-23 12:43:50,27.1,58.9
2026-07-23 12:44:10,27.1,58.8
2026-07-23 12:44:30,27.1,58.7
2026-07-23 12:44:50,27.1,58.7
2026-07-23 12:45:10,27.1,58.7
2026-07-23 12:45:30,27.1,58.6
2026-07-23 12:45:50,27.1,58.6
2026-07-23 12:46:10,27.1,58.6
2026-07-23 12:46:30,27.1,58.6
2026-07-23 12:46:50,27.1,58.5
2026-07-23 12:47:10,27.2,58.3
2026-07-23 12:47:30,27.2,58.3
2026-07-23 12:47:50,27.2,58.3
2026-07-23 12:48:10,27.2,58.3
2026-07-23 12:48:30,27.2,58.3
2026-07-23 12:48:51,27.2,58.3
2026-07-23 12:49:10,27.3,58.2
2026-07-23 12:49:31,27.2,58.2
2026-07-23 12:49:51,27.2,58.3
2026-07-23 12:50:11,27.1,58.4
2026-07-23 12:50:31,27.1,58.5
2026-07-23 12:50:51,27.1,58.6
2026-07-23 12:51:11,27.1,58.7
2026-07-23 12:51:31,27.1,58.8
2026-07-23 12:51:51,27.1,58.7
2026-07-23 12:52:11,27.1,58.7
2026-07-23 12:52:31,27.1,58.7
2026-07-23 12:52:51,27.2,58.7
2026-07-23 12:53:11,27.2,58.6
2026-07-23 12:53:31,27.2,58.5
2026-07-23 12:53:51,27.2,58.5
2026-07-23 12:54:11,27.1,58.5
2026-07-23 12:54:31,27.1,58.6
2026-07-23 12:54:51,27.1,58.7
2026-07-23 12:55:11,27.1,58.7
2026-07-23 12:55:31,27.1,58.9
2026-07-23 12:55:51,27.1,59.1
2026-07-23 12:56:11,27.2,59.1
2026-07-23 12:56:31,27.1,59.1
2026-07-23 12:56:51,27.2,59.1
2026-07-23 12:57:11,27.2,59.2
2026-07-23 12:57:31,27.1,59.2
2026-07-23 12:57:51,27.2,59.2
2026-07-23 12:58:11,27.1,59.2
2026-07-23 12:58:31,27.1,59.3
2026-07-23 12:58:51,27.1,59.3
2026-07-23 12:59:11,27.1,59.1
2026-07-23 12:59:31,27.1,59.1
2026-07-23 12:59:51,27.1,59.3
2026-07-23 13:00:11,27.1,59.5
2026-07-23 13:00:31,27.2,59.8
2026-07-23 13:00:51,27.2,59.8
2026-07-23 13:01:11,27.2,59.7
2026-07-23 13:01:31,27.3,59.4
2026-07-23 13:01:51,27.3,59.3
2026-07-23 13:02:11,27.3,59.3
2026-07-23 13:02:31,27.3,59.2
2026-07-23 13:02:51,27.3,59.2
2026-07-23 13:03:11,27.3,59.2
2026-07-23 13:03:31,27.3,59.2
2026-07-23 13:03:51,27.3,59.1
2026-07-23 13:04:11,27.3,59.0
2026-07-23 13:04:31,27.3,58.9
2026-07-23 13:04:51,27.3,58.9
2026-07-23 13:05:11,27.3,58.8
2026-07-23 13:05:31,27.3,58.8
2026-07-23 13:05:51,27.3,58.8
2026-07-23 13:06:12,27.3,58.8
2026-07-23 13:06:31,27.2,58.8
2026-07-23 13:06:52,27.2,58.8
2026-07-23 13:07:12,27.2,58.7
2026-07-23 13:07:32,27.2,58.7
2026-07-23 13:07:52,27.1,58.7
2026-07-23 13:08:12,27.1,58.6
2026-07-23 13:08:32,27.1,58.9
2026-07-23 13:08:52,27.1,58.9
2026-07-23 13:09:12,27.1,58.9
2026-07-23 13:09:32,27.1,58.9
2026-07-23 13:09:52,27.1,58.9
2026-07-23 13:10:12,27.1,58.9
2026-07-23 13:10:32,27.1,58.8
2026-07-23 13:10:52,27.1,58.8
2026-07-23 13:11:12,27.1,58.8
2026-07-23 13:11:32,27.0,58.9
2026-07-23 13:11:52,27.0,59.0
2026-07-23 13:12:12,27.0,59.1
2026-07-23 13:12:32,27.0,59.2
2026-07-23 13:12:52,27.0,59.1
2026-07-23 13:13:12,26.9,59.1
2026-07-23 13:13:32,27.0,59.1
2026-07-23 13:13:52,26.9,59.3
2026-07-23 13:14:12,26.9,59.3
2026-07-23 13:14:32,26.9,59.3
2026-07-23 13:14:52,26.9,59.3
2026-07-23 13:15:12,26.9,59.2
2026-07-23 13:15:32,26.9,59.3
2026-07-23 13:15:52,26.9,59.3
2026-07-23 13:16:12,26.9,59.3
2026-07-23 13:16:32,27.0,59.2
2026-07-23 13:16:52,27.0,59.1
2026-07-23 13:17:12,27.0,59.0
2026-07-23 13:17:32,27.0,59.0
2026-07-23 13:17:52,27.0,59.0
2026-07-23 13:18:12,27.0,59.0
2026-07-23 13:18:32,26.9,58.9
2026-07-23 13:18:52,27.0,59.0
2026-07-23 13:19:12,27.0,59.2
2026-07-23 13:19:32,27.0,59.2
2026-07-23 13:19:52,27.0,59.1
2026-07-23 13:20:12,27.0,58.9
2026-07-23 13:20:32,27.0,59.0
2026-07-23 13:20:52,27.0,59.1
2026-07-23 13:21:12,27.0,59.0
2026-07-23 13:21:32,27.1,58.9
2026-07-23 13:21:52,27.1,58.9
2026-07-23 13:22:12,27.1,58.9
2026-07-23 13:22:32,27.1,59.0
2026-07-23 13:22:52,27.1,59.1
2026-07-23 13:23:12,27.1,59.2
2026-07-23 13:23:33,27.1,59.3
2026-07-23 13:23:52,27.1,59.3
2026-07-23 13:24:13,27.1,59.3
2026-07-23 13:24:32,27.0,
2026-07-23 13:24:33,,59.3
2026-07-23 13:24:53,27.0,59.5
2026-07-23 13:25:12,27.0,59.5
2026-07-23 13:25:33,27.0,59.5
2026-07-23 13:25:53,27.0,59.6
2026-07-23 13:26:13,27.0,59.6
2026-07-23 13:26:33,27.0,59.6
2026-07-23 13:26:53,27.0,59.7
2026-07-23 13:27:13,27.0,59.8
2026-07-23 13:27:33,27.0,59.8
2026-07-23 13:27:53,27.0,59.8
2026-07-23 13:28:13,27.1,59.7
2026-07-23 13:28:33,27.1,59.7
2026-07-23 13:28:53,27.0,59.6
2026-07-23 13:29:13,27.0,59.6
2026-07-23 13:29:33,27.0,59.5
2026-07-23 13:29:53,27.0,59.4
2026-07-23 13:30:13,27.0,59.4
2026-07-23 13:30:33,26.9,59.4
2026-07-23 13:30:53,26.9,59.4
2026-07-23 13:31:13,26.9,59.4
2026-07-23 13:31:33,26.9,59.6
2026-07-23 13:31:53,26.8,59.7
2026-07-23 13:32:13,26.8,59.7
2026-07-23 13:32:33,26.8,59.9
2026-07-23 13:32:53,26.8,59.9
2026-07-23 13:33:13,26.8,59.9
2026-07-23 13:33:33,26.8,59.9
2026-07-23 13:33:53,26.8,59.9
2026-07-23 13:34:13,26.8,59.9
2026-07-23 13:34:33,26.7,60.0
2026-07-23 13:34:53,26.8,60.1
2026-07-23 13:35:13,26.8,60.2
2026-07-23 13:35:33,26.8,60.1
2026-07-23 13:35:53,26.7,60.1
2026-07-23 13:36:13,26.8,60.1
2026-07-23 13:36:33,26.7,60.0
2026-07-23 13:36:53,26.7,60.1
2026-07-23 13:37:13,26.8,60.0
2026-07-23 13:37:33,26.8,60.0
2026-07-23 13:37:53,26.8,59.9
2026-07-23 13:38:13,26.8,59.9
2026-07-23 13:38:33,26.8,59.9
2026-07-23 13:38:53,26.8,59.8
2026-07-23 13:39:13,26.8,59.8
2026-07-23 13:39:33,26.8,59.7
2026-07-23 13:39:53,26.8,59.8
2026-07-23 13:40:13,26.7,60.0
2026-07-23 13:40:33,26.8,60.1
2026-07-23 13:40:53,26.8,60.1
2026-07-23 13:41:13,26.8,60.1
2026-07-23 13:41:33,26.8,60.2
2026-07-23 13:41:54,26.7,60.2
2026-07-23 13:42:13,26.7,60.3
2026-07-23 13:42:34,26.7,60.3
2026-07-23 13:42:54,26.8,60.4
2026-07-23 13:43:14,26.7,60.3
2026-07-23 13:43:34,26.7,60.4
2026-07-23 13:43:54,26.7,60.4
2026-07-23 13:44:14,26.7,60.4
2026-07-23 13:44:34,26.7,60.5
2026-07-23 13:44:54,26.7,60.4
2026-07-23 13:45:14,26.6,60.4
2026-07-23 13:45:34,26.6,60.5
2026-07-23 13:45:54,26.6,60.6
2026-07-23 13:46:14,26.6,60.7
2026-07-23 13:46:34,26.6,60.8
2026-07-23 13:46:54,26.6,60.9
2026-07-23 13:47:14,26.6,61.0
2026-07-23 13:47:34,26.6,61.0
2026-07-23 13:47:54,26.6,60.9
2026-07-23 13:48:14,26.6,61.0
2026-07-23 13:48:34,26.7,61.0
2026-07-23 13:48:54,26.7,60.9
2026-07-23 13:49:14,26.7,60.9
2026-07-23 13:49:34,26.8,60.7
2026-07-23 13:49:54,26.8,60.7
2026-07-23 13:50:14,26.8,60.7
2026-07-23 13:50:34,26.8,60.7
2026-07-23 13:50:54,26.8,60.7
2026-07-23 13:51:14,26.8,60.6
2026-07-23 13:51:34,26.8,60.7
2026-07-23 13:51:54,26.7,60.7
2026-07-23 13:52:14,26.7,60.7
2026-07-23 13:52:34,26.7,60.7
2026-07-23 13:52:54,26.6,60.8
2026-07-23 13:53:14,26.7,61.0
2026-07-23 13:53:34,26.7,61.1
2026-07-23 13:53:54,26.7,61.1
2026-07-23 13:54:14,26.7,61.0
2026-07-23 13:54:34,26.8,61.0
2026-07-23 13:54:54,26.7,60.9
2026-07-23 13:55:14,26.7,60.9
2026-07-23 13:55:34,26.7,60.9
2026-07-23 13:55:54,26.6,60.9
2026-07-23 13:56:14,26.6,61.1
2026-07-23 13:56:34,26.6,61.1
2026-07-23 13:56:54,26.6,61.1
2026-07-23 13:57:15,26.6,61.2
2026-07-23 13:57:34,26.6,61.4
2026-07-23 13:57:55,26.6,61.5
2026-07-23 13:58:15,26.6,61.5
2026-07-23 13:58:34,26.6,61.5
2026-07-23 13:58:54,26.6,61.5
2026-07-23 13:59:15,26.7,61.6
2026-07-23 13:59:34,26.7,61.6
2026-07-23 13:59:55,26.8,61.4
2026-07-23 14:00:15,26.8,61.3
2026-07-23 14:00:35,26.8,61.2
2026-07-23 14:00:55,26.9,61.1
2026-07-23 14:01:15,26.9,61.0
2026-07-23 14:01:35,26.9,61.0
2026-07-23 14:01:55,26.9,61.0
2026-07-23 14:02:15,26.9,60.9
2026-07-23 14:02:35,26.9,60.9
2026-07-23 14:02:55,26.9,60.9
2026-07-23 14:03:15,26.9,60.8
2026-07-23 14:03:35,26.9,60.8
2026-07-23 14:03:55,26.9,60.7
2026-07-23 14:04:15,26.9,60.6
2026-07-23 14:04:35,26.9,60.6
2026-07-23 14:04:55,26.9,60.6
2026-07-23 14:05:15,26.9,60.6
2026-07-23 14:05:35,26.9,60.6
2026-07-23 14:05:55,26.9,60.4
2026-07-23 14:06:15,26.9,60.4
2026-07-23 14:06:35,26.8,60.5
2026-07-23 14:06:55,26.8,60.4
2026-07-23 14:07:15,26.8,60.5
2026-07-23 14:07:35,26.8,60.5
2026-07-23 14:07:55,26.8,60.5
2026-07-23 14:08:16,26.8,60.4
2026-07-23 14:08:35,26.8,60.3
2026-07-23 14:08:55,26.8,60.2
2026-07-23 14:09:15,26.8,60.1
2026-07-23 14:09:35,26.8,60.0
2026-07-23 14:09:55,26.8,60.0
2026-07-23 14:10:15,26.8,59.9
2026-07-23 14:10:35,26.8,60.0
2026-07-23 14:10:55,26.8,59.9
2026-07-23 14:11:15,26.8,59.8
2026-07-23 14:11:35,26.8,59.8
2026-07-23 14:11:55,26.8,59.9
2026-07-23 14:12:15,26.8,59.8
2026-07-23 14:12:35,26.8,59.8
2026-07-23 14:12:55,26.7,59.8
2026-07-23 14:13:15,26.7,59.9
2026-07-23 14:13:36,26.7,59.9
2026-07-23 14:13:55,26.7,60.0
2026-07-23 14:14:15,26.7,60.0
2026-07-23 14:14:35,26.7,60.0
2026-07-23 14:14:55,26.7,60.2
2026-07-23 14:15:15,26.7,60.3
2026-07-23 14:15:36,26.7,60.3
2026-07-23 14:15:55,26.6,60.4
2026-07-23 14:16:15,26.6,60.5
2026-07-23 14:16:36,26.6,60.5
2026-07-23 14:16:56,26.7,60.6
2026-07-23 14:17:16,26.6,60.6
2026-07-23 14:17:36,26.6,60.7
2026-07-23 14:17:56,26.5,60.8
2026-07-23 14:18:16,26.4,61.0
2026-07-23 14:18:36,26.4,61.1
2026-07-23 14:18:56,26.4,61.2
2026-07-23 14:19:16,26.4,61.3
2026-07-23 14:19:36,26.4,61.4
2026-07-23 14:19:56,26.4,61.5
2026-07-23 14:20:16,26.5,61.6
2026-07-23 14:20:36,26.5,61.6
2026-07-23 14:20:56,26.5,61.5
2026-07-23 14:21:16,26.6,61.5
2026-07-23 14:21:36,26.6,61.5
2026-07-23 14:21:56,26.7,61.5
2026-07-23 14:22:16,26.7,61.3
2026-07-23 14:22:36,26.8,61.3
2026-07-23 14:22:56,26.8,61.1
2026-07-23 14:23:16,26.8,61.0
2026-07-23 14:23:36,26.8,60.9
2026-07-23 14:23:56,26.8,61.0
2026-07-23 14:24:16,26.8,60.9
2026-07-23 14:24:36,26.8,60.8
2026-07-23 14:24:56,26.8,60.7
2026-07-23 14:25:16,26.8,60.7
2026-07-23 14:25:36,26.7,60.8
2026-07-23 14:25:56,26.7,60.9
2026-07-23 14:26:16,26.7,61.1
2026-07-23 14:26:36,26.7,61.1
2026-07-23 14:26:56,26.8,61.1
2026-07-23 14:27:16,26.8,61.0
2026-07-23 14:27:36,26.8,60.8
2026-07-23 14:27:56,26.8,60.7
2026-07-23 14:28:16,26.8,60.6
2026-07-23 14:28:36,26.8,60.5
2026-07-23 14:28:56,26.8,60.5
2026-07-23 14:29:16,26.7,60.4
2026-07-23 14:29:36,26.7,60.4
2026-07-23 14:29:56,26.7,60.4
2026-07-23 14:30:16,26.7,60.4
2026-07-23 14:30:36,26.7,60.4
2026-07-23 14:30:56,26.6,60.5
2026-07-23 14:31:16,26.6,60.6
2026-07-23 14:31:36,26.6,60.7
2026-07-23 14:31:56,26.6,60.8
2026-07-23 14:32:16,26.5,60.9
2026-07-23 14:32:36,26.6,61.0
2026-07-23 14:32:56,26.5,61.0
2026-07-23 14:33:16,26.5,61.1
2026-07-23 14:33:37,26.5,61.2
2026-07-23 14:33:57,26.5,61.2
2026-07-23 14:34:17,26.5,61.4
2026-07-23 14:34:37,26.5,61.4
2026-07-23 14:34:57,26.5,61.5
2026-07-23 14:35:17,26.6,61.5
2026-07-23 14:35:37,26.6,61.3
2026-07-23 14:35:57,26.6,61.2
2026-07-23 14:36:17,26.6,61.1
2026-07-23 14:36:37,26.6,61.0
2026-07-23 14:36:57,26.6,61.0
2026-07-23 14:37:17,26.6,61.0
2026-07-23 14:37:37,26.6,61.1
2026-07-23 14:37:57,26.6,61.0
2026-07-23 14:38:17,26.6,61.0
2026-07-23 14:38:37,26.5,61.0
2026-07-23 14:38:57,26.5,60.8
2026-07-23 14:39:17,26.5,60.9
2026-07-23 14:39:37,26.5,61.1
2026-07-23 14:39:57,26.5,61.1
2026-07-23 14:40:17,26.5,61.2
2026-07-23 14:40:37,26.5,61.4
2026-07-23 14:40:57,26.5,61.5
2026-07-23 14:41:18,26.5,61.5
2026-07-23 14:41:37,26.5,61.6
2026-07-23 14:41:57,26.5,61.9
2026-07-23 14:42:17,26.5,62.1
2026-07-23 14:42:37,26.4,62.9
2026-07-23 14:42:57,26.4,63.3
2026-07-23 14:43:17,26.4,63.0
2026-07-23 14:43:37,26.4,62.6
2026-07-23 14:43:57,26.3,62.5
2026-07-23 14:44:17,26.4,62.7
2026-07-23 14:44:37,26.3,62.7
2026-07-23 14:44:57,26.3,62.7
2026-07-23 14:45:17,26.3,62.6
2026-07-23 14:45:37,26.4,62.4
2026-07-23 14:45:57,26.4,62.4
2026-07-23 14:46:17,26.4,62.1
2026-07-23 14:46:37,26.4,62.1
2026-07-23 14:46:57,26.4,61.8
2026-07-23 14:47:17,26.3,61.7
2026-07-23 14:47:37,26.3,61.6
2026-07-23 14:47:57,26.3,61.5
2026-07-23 14:48:17,26.3,61.5
2026-07-23 14:48:37,26.3,61.4
2026-07-23 14:48:57,26.3,61.3
2026-07-23 14:49:17,26.3,61.3
2026-07-23 14:49:37,26.3,61.3
2026-07-23 14:49:57,26.3,61.2
2026-07-23 14:50:18,26.3,61.2
2026-07-23 14:50:37,26.3,61.2
2026-07-23 14:50:58,26.2,61.2
2026-07-23 14:51:18,26.3,61.2
2026-07-23 14:51:38,26.2,61.3
2026-07-23 14:51:58,26.2,61.3
2026-07-23 14:52:18,26.2,61.5
2026-07-23 14:52:38,26.2,61.4
2026-07-23 14:52:58,26.2,61.5
2026-07-23 14:53:18,26.2,61.5
2026-07-23 14:53:38,26.2,61.4
2026-07-23 14:53:58,26.2,61.4
2026-07-23 14:54:18,26.2,61.3
2026-07-23 14:54:38,26.2,61.3
2026-07-23 14:54:58,26.2,61.3
2026-07-23 14:55:18,26.2,61.4
2026-07-23 14:55:38,26.2,61.4
2026-07-23 14:55:58,26.2,61.3
2026-07-23 14:56:18,26.2,61.3
2026-07-23 14:56:38,26.2,61.2
2026-07-23 14:56:58,26.2,61.2
2026-07-23 14:57:18,26.2,61.2
2026-07-23 14:57:38,26.2,61.2
2026-07-23 14:57:58,26.2,61.2
2026-07-23 14:58:18,26.2,61.2
2026-07-23 14:58:38,26.3,61.3
2026-07-23 14:58:58,26.2,61.3
2026-07-23 14:59:18,26.2,61.3
2026-07-23 14:59:38,26.2,61.4
2026-07-23 14:59:58,26.2,61.4
2026-07-23 15:00:18,26.2,61.5
2026-07-23 15:00:38,26.2,61.7
2026-07-23 15:00:58,26.2,61.7
2026-07-23 15:01:18,26.2,61.7
2026-07-23 15:01:38,26.3,61.6
2026-07-23 15:01:58,26.3,61.6
2026-07-23 15:02:18,26.3,61.5
2026-07-23 15:02:38,26.3,61.5
2026-07-23 15:02:58,26.3,61.3
2026-07-23 15:03:18,26.3,61.4
2026-07-23 15:03:38,26.3,61.4
2026-07-23 15:03:58,26.3,61.2
2026-07-23 15:04:18,26.3,61.2
2026-07-23 15:04:38,26.3,61.0
2026-07-23 15:04:58,26.3,61.0
2026-07-23 15:05:18,26.3,61.0
2026-07-23 15:05:38,26.3,61.1
2026-07-23 15:05:58,26.3,61.2
2026-07-23 15:06:18,26.3,61.3
2026-07-23 15:06:39,26.3,61.3
2026-07-23 15:06:58,26.3,61.3
2026-07-23 15:07:19,26.3,61.3
2026-07-23 15:07:39,26.3,61.2
2026-07-23 15:07:59,26.3,61.2
2026-07-23 15:08:19,26.3,61.2
2026-07-23 15:08:39,26.3,61.2
2026-07-23 15:08:59,26.3,61.1
2026-07-23 15:09:19,26.3,61.3
2026-07-23 15:09:39,26.2,61.3
2026-07-23 15:09:59,26.2,61.3
2026-07-23 15:10:19,26.2,61.3
2026-07-23 15:10:39,26.2,61.3
2026-07-23 15:10:59,26.2,61.5
2026-07-23 15:11:19,26.2,61.6
2026-07-23 15:11:39,26.2,61.8
2026-07-23 15:11:59,26.2,61.7
2026-07-23 15:12:19,26.2,61.7
2026-07-23 15:12:39,26.2,61.6
2026-07-23 15:12:59,26.2,61.5
2026-07-23 15:13:19,26.2,61.3
2026-07-23 15:13:39,26.2,61.3
2026-07-23 15:13:59,26.2,61.2
2026-07-23 15:14:19,26.2,61.1
2026-07-23 15:14:39,26.3,61.0
2026-07-23 15:14:59,26.3,61.0
2026-07-23 15:15:19,26.2,60.9
2026-07-23 15:15:39,26.2,60.7
2026-07-23 15:15:59,26.2,60.7
2026-07-23 15:16:19,26.2,60.6
2026-07-23 15:16:39,26.2,60.5
2026-07-23 15:16:59,26.2,60.5
2026-07-23 15:17:19,26.1,60.4
2026-07-23 15:17:39,26.1,60.5
2026-07-23 15:17:59,26.1,60.6
2026-07-23 15:18:19,26.0,60.7
2026-07-23 15:18:39,26.0,60.7
2026-07-23 15:18:59,26.0,60.7
2026-07-23 15:19:19,26.0,60.7
2026-07-23 15:19:39,26.0,60.8
2026-07-23 15:19:59,26.0,60.8
2026-07-23 15:20:19,26.0,60.9
2026-07-23 15:20:39,26.0,61.0
2026-07-23 15:20:59,26.0,61.1
2026-07-23 15:21:19,26.0,61.2
2026-07-23 15:21:39,26.0,61.3
2026-07-23 15:21:59,26.0,61.2
2026-07-23 15:22:19,26.0,61.3
2026-07-23 15:22:39,26.0,61.3
2026-07-23 15:22:59,26.0,61.3
2026-07-23 15:23:19,26.0,61.2
2026-07-23 15:23:39,26.1,61.1
2026-07-23 15:23:59,26.1,61.1
2026-07-23 15:24:19,26.1,61.1
2026-07-23 15:24:40,26.1,61.1
2026-07-23 15:25:00,26.1,61.0
2026-07-23 15:25:20,26.1,61.0
2026-07-23 15:25:40,26.1,61.0
2026-07-23 15:26:00,26.1,61.1
2026-07-23 15:26:20,26.1,61.0
2026-07-23 15:26:40,26.1,61.0
2026-07-23 15:27:00,26.1,61.0
2026-07-23 15:27:20,26.1,61.1
2026-07-23 15:27:40,26.1,61.1
2026-07-23 15:28:00,26.0,61.1
2026-07-23 15:28:20,26.0,61.1
2026-07-23 15:28:40,26.0,61.2
2026-07-23 15:29:00,26.0,61.2
2026-07-23 15:29:20,26.0,61.3
2026-07-23 15:29:40,26.0,61.3
2026-07-23 15:30:00,26.0,61.3
2026-07-23 15:30:20,25.9,61.5
2026-07-23 15:30:40,25.9,61.6
2026-07-23 15:31:00,25.9,61.5
2026-07-23 15:31:20,25.9,61.6
2026-07-23 15:31:40,25.9,61.6
2026-07-23 15:32:00,25.9,61.7
2026-07-23 15:32:20,25.9,61.6
2026-07-23 15:32:40,25.9,61.6
2026-07-23 15:33:00,25.8,61.7
2026-07-23 15:33:20,25.9,61.7
2026-07-23 15:33:40,25.9,61.7
2026-07-23 15:34:00,25.9,61.8
2026-07-23 15:34:21,25.9,61.8
2026-07-23 15:34:40,25.8,61.8
2026-07-23 15:35:00,25.8,61.8
2026-07-23 15:35:20,25.9,61.9
2026-07-23 15:35:40,25.9,61.9
2026-07-23 15:36:00,25.9,61.9
2026-07-23 15:36:20,25.8,61.9
2026-07-23 15:36:40,25.9,61.9
2026-07-23 15:37:00,25.9,62.0
2026-07-23 15:37:20,25.9,62.0
2026-07-23 15:37:40,25.9,61.9
2026-07-23 15:38:00,25.9,62.0
2026-07-23 15:38:20,25.9,62.0
2026-07-23 15:38:40,25.9,62.0
2026-07-23 15:39:00,25.9,62.0
2026-07-23 15:39:20,25.9,62.0
2026-07-23 15:39:40,25.9,62.1
2026-07-23 15:40:00,25.9,62.1
2026-07-23 15:40:20,25.9,62.2
2026-07-23 15:40:40,25.9,62.2
2026-07-23 15:41:00,25.9,62.2
2026-07-23 15:41:20,25.9,62.2
2026-07-23 15:41:41,25.9,62.2
2026-07-23 15:42:01,25.9,62.2
2026-07-23 15:42:21,25.9,62.2
2026-07-23 15:42:41,25.9,62.2
2026-07-23 15:43:01,25.9,62.2
2026-07-23 15:43:21,25.9,62.2
2026-07-23 15:43:41,25.9,62.2
2026-07-23 15:44:01,25.9,62.3
2026-07-23 15:44:21,25.9,62.3
2026-07-23 15:44:41,25.8,62.4
2026-07-23 15:45:01,25.8,62.5
2026-07-23 15:45:21,25.8,62.5
2026-07-23 15:45:41,25.8,62.5
2026-07-23 15:46:01,25.8,62.6
2026-07-23 15:46:21,25.8,62.6
2026-07-23 15:46:41,25.9,62.5
2026-07-23 15:47:01,25.8,62.6
2026-07-23 15:47:21,25.8,62.7
2026-07-23 15:47:41,25.8,62.7
2026-07-23 15:48:01,25.8,62.7
2026-07-23 15:48:21,25.8,62.8
2026-07-23 15:48:41,25.8,62.9
2026-07-23 15:49:01,25.7,63.0
2026-07-23 15:49:21,25.7,63.1
2026-07-23 15:49:41,25.7,63.1
2026-07-23 15:50:01,25.7,63.1
2026-07-23 15:50:21,25.7,63.2
2026-07-23 15:50:41,25.7,63.2
2026-07-23 15:51:01,25.6,63.4
2026-07-23 15:51:21,25.7,63.3
2026-07-23 15:51:41,25.7,63.3
2026-07-23 15:52:01,25.7,63.4
2026-07-23 15:52:21,25.7,63.4
2026-07-23 15:52:41,25.7,63.4
2026-07-23 15:53:01,25.7,63.5
2026-07-23 15:53:21,25.7,63.4
2026-07-23 15:53:41,25.7,63.5
2026-07-23 15:54:01,25.7,63.6
2026-07-23 15:54:21,25.6,63.6
2026-07-23 15:54:41,25.6,63.6
2026-07-23 15:55:01,25.6,63.6
2026-07-23 15:55:21,25.6,63.6
2026-07-23 15:55:41,25.6,63.6
2026-07-23 15:56:01,25.7,63.6
2026-07-23 15:56:21,25.6,63.5
2026-07-23 15:56:41,25.7,63.5
2026-07-23 15:57:01,25.7,63.4
2026-07-23 15:57:21,25.6,63.4
2026-07-23 15:57:41,25.7,63.5
2026-07-23 15:58:01,25.6,63.5
2026-07-23 15:58:21,25.7,63.4
2026-07-23 15:58:41,25.7,63.4
2026-07-23 15:59:01,25.6,63.5
2026-07-23 15:59:21,25.6,63.5
2026-07-23 15:59:42,25.6,63.6
2026-07-23 16:00:02,25.6,63.5
2026-07-23 16:00:22,25.6,63.6
2026-07-23 16:00:42,25.6,63.6
2026-07-23 16:01:02,25.6,63.6
2026-07-23 16:01:22,25.6,63.6
2026-07-23 16:01:42,25.6,63.7
2026-07-23 16:02:02,25.6,63.7
2026-07-23 16:02:22,25.6,63.7
2026-07-23 16:02:42,25.7,63.6
2026-07-23 16:03:02,25.7,63.5
2026-07-23 16:03:22,25.7,63.6
2026-07-23 16:03:42,25.7,63.6
2026-07-23 16:04:02,25.7,63.6
2026-07-23 16:04:22,25.7,63.6
2026-07-23 16:04:42,25.7,63.6
2026-07-23 16:05:02,25.7,63.5
2026-07-23 16:05:22,25.7,63.5
2026-07-23 16:05:42,25.7,63.5
2026-07-23 16:06:02,25.8,63.4
2026-07-23 16:06:22,25.8,63.4
2026-07-23 16:06:42,25.8,63.4
2026-07-23 16:07:02,25.8,63.4
2026-07-23 16:07:22,25.8,63.4
2026-07-23 16:07:42,25.8,63.5
2026-07-23 16:08:02,25.7,63.5
2026-07-23 16:08:22,25.7,63.6
2026-07-23 16:08:42,25.7,63.6
2026-07-23 16:09:02,25.7,63.6
2026-07-23 16:09:22,25.7,63.6
2026-07-23 16:09:42,25.7,63.6
2026-07-23 16:10:02,25.6,63.7
2026-07-23 16:10:22,25.6,63.7
2026-07-23 16:10:42,25.6,63.7
2026-07-23 16:11:02,25.6,63.7
2026-07-23 16:11:22,25.6,63.8
2026-07-23 16:11:42,25.6,63.7
2026-07-23 16:12:02,25.6,63.7
2026-07-23 16:12:22,25.6,63.7
2026-07-23 16:12:42,25.6,63.8
2026-07-23 16:13:02,25.6,63.9
2026-07-23 16:13:22,25.6,63.9
2026-07-23 16:13:42,25.6,63.9
2026-07-23 16:14:02,25.6,63.9
2026-07-23 16:14:22,25.6,63.9
2026-07-23 16:14:42,25.5,63.9
2026-07-23 16:15:02,25.6,63.9
2026-07-23 16:15:22,25.5,63.9
2026-07-23 16:15:42,25.5,63.9
2026-07-23 16:16:02,25.5,63.9
2026-07-23 16:16:22,25.5,64.0
2026-07-23 16:16:42,25.5,63.9
2026-07-23 16:17:03,25.5,64.0
2026-07-23 16:17:23,25.5,64.0
2026-07-23 16:17:43,25.5,64.0
2026-07-23 16:18:03,25.6,64.0
2026-07-23 16:18:23,25.5,64.2
2026-07-23 16:18:43,25.5,64.1
2026-07-23 16:19:03,25.5,64.3
2026-07-23 16:19:23,25.5,64.3
2026-07-23 16:19:43,25.5,64.3
2026-07-23 16:20:03,25.5,64.2
2026-07-23 16:20:23,25.5,64.1
2026-07-23 16:20:43,25.5,64.1
2026-07-23 16:21:03,25.6,64.2
2026-07-23 16:21:23,25.6,64.1
2026-07-23 16:21:43,25.6,64.2
2026-07-23 16:22:03,25.6,64.1
2026-07-23 16:22:23,25.6,64.1
2026-07-23 16:22:43,25.6,64.2
2026-07-23 16:23:03,25.6,64.2
2026-07-23 16:23:23,25.6,64.2
2026-07-23 16:23:43,25.5,64.2
2026-07-23 16:24:03,25.5,64.4
2026-07-23 16:24:23,25.5,64.4
2026-07-23 16:24:43,25.5,64.4
2026-07-23 16:25:03,25.5,64.5
2026-07-23 16:25:23,25.5,64.5
2026-07-23 16:25:43,25.5,64.4
2026-07-23 16:26:03,25.5,64.5
2026-07-23 16:26:23,25.5,64.6
2026-07-23 16:26:43,25.5,64.6
2026-07-23 16:27:03,25.5,64.6
2026-07-23 16:27:23,25.5,64.7
2026-07-23 16:27:43,25.5,64.7
2026-07-23 16:28:03,25.5,64.8
2026-07-23 16:28:23,25.5,64.9
2026-07-23 16:28:43,25.5,64.9
2026-07-23 16:29:03,25.5,65.0
2026-07-23 16:29:23,25.5,65.1
2026-07-23 16:29:43,25.4,65.0
2026-07-23 16:30:03,25.5,65.0
2026-07-23 16:30:23,25.5,65.2
2026-07-23 16:30:43,25.5,65.3
2026-07-23 16:31:03,25.4,65.3
2026-07-23 16:31:23,25.5,65.3
2026-07-23 16:31:44,25.4,65.4
2026-07-23 16:32:03,25.4,65.5
2026-07-23 16:32:23,25.4,65.5
2026-07-23 16:32:44,25.4,65.5
2026-07-23 16:33:04,25.4,65.5
2026-07-23 16:33:24,25.4,65.6
2026-07-23 16:33:44,25.4,65.5
2026-07-23 16:34:04,25.4,65.6
2026-07-23 16:34:24,25.4,65.7
2026-07-23 16:34:44,25.4,65.8
2026-07-23 16:35:04,25.4,65.7
2026-07-23 16:35:24,25.4,65.8
2026-07-23 16:35:44,25.4,65.8
2026-07-23 16:36:04,25.5,65.8
2026-07-23 16:36:24,25.4,65.9
2026-07-23 16:36:44,25.4,65.9
2026-07-23 16:37:04,25.4,66.1
2026-07-23 16:37:24,25.4,66.0
2026-07-23 16:37:44,25.4,66.0
2026-07-23 16:38:04,25.4,66.1
2026-07-23 16:38:24,25.4,66.1
2026-07-23 16:38:44,25.4,66.1
2026-07-23 16:39:04,25.4,66.1
2026-07-23 16:39:24,25.4,66.1
2026-07-23 16:39:44,25.4,66.2
2026-07-23 16:40:04,25.4,66.2
2026-07-23 16:40:24,25.4,66.2
2026-07-23 16:40:44,25.4,66.2
2026-07-23 16:41:04,25.4,66.3
2026-07-23 16:41:24,25.4,66.4
2026-07-23 16:41:44,25.3,66.4
2026-07-23 16:42:04,25.3,66.4
2026-07-23 16:42:24,25.3,66.5
2026-07-23 16:42:44,25.3,66.6
2026-07-23 16:43:04,25.3,66.6
2026-07-23 16:43:24,25.3,66.7
2026-07-23 16:43:44,25.3,66.8
2026-07-23 16:44:04,25.3,66.8
2026-07-23 16:44:24,25.3,66.8
2026-07-23 16:44:44,25.3,66.8
2026-07-23 16:45:04,25.3,66.9
2026-07-23 16:45:24,25.3,66.9
2026-07-23 16:45:44,25.3,67.0
2026-07-23 16:46:04,25.3,67.0
2026-07-23 16:46:24,25.2,67.1
2026-07-23 16:46:44,25.2,67.1
2026-07-23 16:47:04,25.2,67.2
2026-07-23 16:47:24,25.3,67.2
2026-07-23 16:47:44,25.2,67.2
2026-07-23 16:48:04,25.2,67.2
2026-07-23 16:48:24,25.2,67.2
2026-07-23 16:48:44,25.3,67.2
2026-07-23 16:49:04,25.3,67.2
2026-07-23 16:49:24,25.2,67.2
2026-07-23 16:49:44,25.2,67.2
2026-07-23 16:50:04,25.2,67.4
2026-07-23 16:50:24,25.2,67.4
2026-07-23 16:50:44,25.2,67.4
2026-07-23 16:51:05,25.2,67.4
2026-07-23 16:51:25,25.2,67.4
2026-07-23 16:51:45,25.2,67.6
2026-07-23 16:52:05,25.2,67.5
2026-07-23 16:52:25,25.2,67.6
2026-07-23 16:52:45,25.2,67.5
2026-07-23 16:53:05,25.2,67.6
2026-07-23 16:53:25,25.2,67.7
2026-07-23 16:53:45,25.2,67.6
2026-07-23 16:54:05,25.1,67.6
2026-07-23 16:54:25,25.1,67.7
2026-07-23 16:54:45,25.1,67.7
2026-07-23 16:55:05,25.2,67.7
2026-07-23 16:55:25,25.1,67.7
2026-07-23 16:55:45,25.1,67.8
2026-07-23 16:56:05,25.1,67.8
2026-07-23 16:56:25,25.1,67.7
2026-07-23 16:56:45,25.1,67.8
2026-07-23 16:57:05,25.1,67.8
2026-07-23 16:57:25,25.1,67.8
2026-07-23 16:57:45,25.1,
2026-07-23 16:57:46,,67.8
2026-07-23 16:58:05,25.1,67.8
2026-07-23 16:58:25,25.1,67.8
2026-07-23 16:58:45,25.1,67.8
2026-07-23 16:59:05,25.1,67.8
2026-07-23 16:59:25,25.1,67.8
2026-07-23 16:59:45,25.1,67.9
2026-07-23 17:00:05,25.1,67.8
2026-07-23 17:00:25,25.1,67.8
2026-07-23 17:00:45,25.1,67.8
2026-07-23 17:01:05,25.1,67.9
2026-07-23 17:01:25,25.1,67.9
2026-07-23 17:01:45,25.1,67.9
2026-07-23 17:02:05,25.1,67.9
2026-07-23 17:02:25,25.0,68.0
2026-07-23 17:02:45,25.0,
2026-07-23 17:02:46,,68.0
2026-07-23 17:03:05,25.0,68.0
2026-07-23 17:03:25,25.0,68.1
2026-07-23 17:03:45,25.0,68.1
2026-07-23 17:04:05,25.0,68.1
2026-07-23 17:04:25,25.0,68.2
2026-07-23 17:04:45,25.0,68.1
2026-07-23 17:05:05,25.0,68.2
2026-07-23 17:05:25,25.0,68.2
2026-07-23 17:05:45,25.0,68.2
2026-07-23 17:06:05,25.0,68.2
2026-07-23 17:06:25,25.0,68.2
2026-07-23 17:06:45,25.0,68.3
2026-07-23 17:07:05,25.0,68.3
2026-07-23 17:07:25,25.0,68.4
2026-07-23 17:07:45,25.0,68.4
2026-07-23 17:08:05,25.0,68.4
2026-07-23 17:08:26,25.0,68.4
2026-07-23 17:08:46,25.0,68.4
2026-07-23 17:09:06,25.0,68.5
2026-07-23 17:09:26,25.0,68.5
2026-07-23 17:09:46,25.0,68.5
2026-07-23 17:10:06,24.9,68.6
2026-07-23 17:10:26,24.9,68.6
2026-07-23 17:10:46,24.9,68.6
2026-07-23 17:11:06,24.9,68.6
2026-07-23 17:11:26,24.9,68.6
2026-07-23 17:11:46,24.9,68.6
2026-07-23 17:12:06,24.9,68.6
2026-07-23 17:12:26,24.9,68.6
2026-07-23 17:12:46,24.9,68.6
2026-07-23 17:13:06,24.9,68.6
2026-07-23 17:13:26,24.9,
2026-07-23 17:13:27,,68.7
2026-07-23 17:13:46,24.9,
2026-07-23 17:13:47,,68.7
2026-07-23 17:14:06,24.9,68.7
2026-07-23 17:14:26,24.9,68.7
2026-07-23 17:14:46,24.9,68.8
2026-07-23 17:15:06,24.9,68.8
2026-07-23 17:15:26,24.9,68.7
2026-07-23 17:15:46,24.9,
2026-07-23 17:15:47,,68.8
2026-07-23 17:16:06,24.9,68.7
2026-07-23 17:16:26,24.9,68.8
2026-07-23 17:16:46,24.9,68.8
2026-07-23 17:17:06,24.9,68.8
2026-07-23 17:17:26,24.9,68.8
2026-07-23 17:17:46,24.9,68.7
2026-07-23 17:18:06,24.9,68.7
2026-07-23 17:18:26,24.9,68.8
2026-07-23 17:18:46,24.8,68.8
2026-07-23 17:19:06,24.9,68.8
2026-07-23 17:19:26,24.8,68.9
2026-07-23 17:19:46,24.8,69.0
2026-07-23 17:20:06,24.8,68.8
2026-07-23 17:20:26,24.8,68.9
2026-07-23 17:20:46,24.8,69.0
2026-07-23 17:21:06,24.8,69.0
2026-07-23 17:21:26,24.8,69.0
2026-07-23 17:21:46,24.8,69.0
2026-07-23 17:22:06,24.8,69.1
2026-07-23 17:22:26,24.8,69.0
2026-07-23 17:22:46,24.8,69.0
2026-07-23 17:23:06,24.8,68.9
2026-07-23 17:23:26,24.8,68.9
2026-07-23 17:23:46,24.8,
2026-07-23 17:23:47,,68.9
2026-07-23 17:24:06,24.8,69.0
2026-07-23 17:24:26,24.8,68.9
2026-07-23 17:24:46,24.8,68.9
2026-07-23 17:25:07,24.8,68.9
2026-07-23 17:25:26,24.8,68.9
2026-07-23 17:25:47,24.8,68.9
2026-07-23 17:26:07,24.8,69.0
2026-07-23 17:26:27,24.8,68.9
2026-07-23 17:26:47,24.8,68.8
2026-07-23 17:27:07,24.8,68.9
2026-07-23 17:27:27,24.8,68.8
2026-07-23 17:27:47,24.8,68.8
2026-07-23 17:28:07,24.8,68.8
2026-07-23 17:28:27,24.7,68.8
2026-07-23 17:28:47,24.8,68.8
2026-07-23 17:29:07,24.8,68.8
2026-07-23 17:29:27,24.7,68.9
2026-07-23 17:29:47,24.7,68.9
2026-07-23 17:30:07,24.7,68.9
2026-07-23 17:30:27,24.8,68.9
2026-07-23 17:30:47,24.7,68.8
2026-07-23 17:31:07,24.7,68.9
2026-07-23 17:31:27,24.7,68.9
2026-07-23 17:31:47,24.7,68.9
2026-07-23 17:32:07,24.8,68.9
2026-07-23 17:32:27,24.7,68.9
2026-07-23 17:32:47,24.7,68.8
2026-07-23 17:33:07,24.8,68.7
2026-07-23 17:33:27,24.7,68.8
2026-07-23 17:33:47,24.8,68.8
2026-07-23 17:34:07,24.8,68.8
2026-07-23 17:34:27,24.8,68.8
2026-07-23 17:34:47,24.8,68.8
2026-07-23 17:35:07,24.8,68.7
2026-07-23 17:35:27,24.8,68.8
2026-07-23 17:35:47,24.8,68.9
2026-07-23 17:36:07,24.8,68.8
2026-07-23 17:36:27,24.8,68.9
2026-07-23 17:36:47,24.7,69.0
2026-07-23 17:37:07,24.8,69.0
2026-07-23 17:37:27,24.7,69.1
2026-07-23 17:37:47,24.7,69.1
2026-07-23 17:38:07,24.7,69.1
2026-07-23 17:38:27,24.7,69.1
2026-07-23 17:38:47,24.7,69.2
2026-07-23 17:39:07,24.7,69.3
2026-07-23 17:39:27,24.7,69.3
2026-07-23 17:39:48,24.7,69.4
2026-07-23 17:40:07,24.6,69.4
2026-07-23 17:40:27,24.6,69.5
2026-07-23 17:40:47,24.6,69.5
2026-07-23 17:41:08,24.6,69.6
2026-07-23 17:41:27,24.6,69.6
2026-07-23 17:41:47,24.6,69.6
2026-07-23 17:42:07,24.6,69.7
2026-07-23 17:42:27,24.6,69.6
2026-07-23 17:42:47,24.6,69.7
2026-07-23 17:43:08,24.6,69.6
2026-07-23 17:43:28,24.6,69.6
2026-07-23 17:43:48,24.7,69.6
2026-07-23 17:44:08,24.6,69.6
2026-07-23 17:44:28,24.7,69.6
2026-07-23 17:44:48,24.6,69.6
2026-07-23 17:45:08,24.6,69.6
2026-07-23 17:45:28,24.6,69.6
2026-07-23 17:45:48,24.6,69.7
2026-07-23 17:46:08,24.6,69.8
2026-07-23 17:46:28,24.6,69.9
2026-07-23 17:46:48,24.5,70.0
2026-07-23 17:47:08,24.5,
2026-07-23 17:47:09,,70.1
2026-07-23 17:47:28,24.5,70.2
2026-07-23 17:47:48,24.5,70.3
2026-07-23 17:48:08,24.5,70.5
2026-07-23 17:48:28,24.5,70.5
2026-07-23 17:48:48,24.5,70.6
2026-07-23 17:49:08,24.5,70.7
2026-07-23 17:49:28,24.4,70.8
2026-07-23 17:49:48,24.4,70.8
2026-07-23 17:50:08,24.5,70.8
2026-07-23 17:50:29,24.5,70.8
2026-07-23 17:50:48,24.5,70.8
2026-07-23 17:51:08,24.5,70.8
2026-07-23 17:51:28,24.5,71.0
2026-07-23 17:51:48,24.5,71.0
2026-07-23 17:52:08,24.5,
2026-07-23 17:52:09,,71.0
2026-07-23 17:52:28,24.5,71.0
2026-07-23 17:52:48,24.5,71.0
2026-07-23 17:53:08,24.5,71.0
2026-07-23 17:53:28,24.5,71.1
2026-07-23 17:53:48,24.5,71.1
2026-07-23 17:54:08,24.5,
2026-07-23 17:54:09,,71.3
2026-07-23 17:54:28,24.4,71.2
2026-07-23 17:54:50,24.4,71.5
2026-07-23 17:55:08,24.4,71.6
2026-07-23 17:55:28,24.3,71.8
2026-07-23 17:55:48,24.3,71.7
2026-07-23 17:56:08,24.3,71.7
2026-07-23 17:56:28,24.3,71.8
2026-07-23 17:56:48,24.3,71.8
2026-07-23 17:57:08,24.3,71.9
2026-07-23 17:57:29,24.3,72.0
2026-07-23 17:57:48,24.3,71.9
2026-07-23 17:58:09,24.3,71.9
2026-07-23 17:58:28,24.3,71.9
2026-07-23 17:58:48,24.3,71.9
2026-07-23 17:59:09,24.3,71.9
2026-07-23 17:59:28,24.2,72.0
2026-07-23 17:59:52,24.2,72.1
2026-07-23 18:00:11,24.2,72.1
2026-07-23 18:00:29,24.2,72.1
2026-07-23 18:00:49,24.2,72.0
2026-07-23 18:01:09,24.3,72.0
2026-07-23 18:01:29,24.3,72.0
2026-07-23 18:01:49,24.3,72.0
2026-07-23 18:02:09,24.3,71.9
2026-07-23 18:02:29,24.3,71.9
2026-07-23 18:02:49,24.3,71.8
2026-07-23 18:03:09,24.3,71.8
2026-07-23 18:03:29,24.3,71.9
2026-07-23 18:03:49,24.2,71.8
2026-07-23 18:04:09,24.3,71.9
2026-07-23 18:04:29,24.2,72.0
2026-07-23 18:04:49,24.2,71.9
2026-07-23 18:05:09,24.2,72.0
2026-07-23 18:05:29,24.2,71.9
2026-07-23 18:05:49,24.2,72.0
2026-07-23 18:06:09,24.2,72.0
2026-07-23 18:06:29,24.2,72.1
2026-07-23 18:06:49,24.2,72.0
2026-07-23 18:07:09,24.2,72.0
2026-07-23 18:07:29,24.1,72.0
2026-07-23 18:07:49,24.1,72.0
2026-07-23 18:08:09,24.1,72.0
2026-07-23 18:08:29,24.2,72.0
2026-07-23 18:08:49,24.2,72.0
2026-07-23 18:09:09,24.1,72.1
2026-07-23 18:09:29,24.1,72.1
2026-07-23 18:09:49,24.1,72.1
2026-07-23 18:10:09,24.1,72.1
2026-07-23 18:10:29,24.1,72.2
2026-07-23 18:10:49,24.1,72.3
2026-07-23 18:11:09,24.0,72.4
2026-07-23 18:11:29,24.0,
2026-07-23 18:11:30,,72.4
2026-07-23 18:11:49,24.0,
2026-07-23 18:11:50,,72.5
2026-07-23 18:12:09,24.0,72.6
2026-07-23 18:12:29,24.0,72.6
2026-07-23 18:12:49,24.0,72.6
2026-07-23 18:13:09,24.0,72.6
2026-07-23 18:13:29,24.0,72.7
2026-07-23 18:13:49,24.0,72.7
2026-07-23 18:14:09,24.0,72.6
2026-07-23 18:14:29,24.0,72.7
2026-07-23 18:14:49,24.0,72.7
2026-07-23 18:15:09,24.1,72.7
2026-07-23 18:15:29,24.0,72.7
2026-07-23 18:15:49,24.1,72.6
2026-07-23 18:16:09,24.1,72.6
2026-07-23 18:16:29,24.1,72.4
2026-07-23 18:16:49,24.1,
2026-07-23 18:16:50,,72.4
2026-07-23 18:17:10,24.2,72.3
2026-07-23 18:17:30,24.2,72.3
2026-07-23 18:17:50,24.2,72.3
2026-07-23 18:18:10,24.2,72.2
2026-07-23 18:18:30,24.2,72.1
2026-07-23 18:18:50,24.2,72.1
2026-07-23 18:19:10,24.2,72.1
2026-07-23 18:19:30,24.2,72.1
2026-07-23 18:19:50,24.2,72.1
2026-07-23 18:20:10,24.2,72.1
2026-07-23 18:20:30,24.2,72.1
2026-07-23 18:20:50,24.2,72.1
2026-07-23 18:21:10,24.2,72.1
2026-07-23 18:21:30,24.2,72.0
2026-07-23 18:21:50,24.2,72.0
2026-07-23 18:22:10,24.2,72.0
2026-07-23 18:22:30,24.2,72.0
2026-07-23 18:22:50,24.2,71.9
2026-07-23 18:23:10,24.2,71.9
2026-07-23 18:23:30,24.3,71.8
2026-07-23 18:23:50,24.2,71.8
2026-07-23 18:24:10,24.3,71.8
2026-07-23 18:24:30,24.3,71.8
2026-07-23 18:24:50,24.3,71.8
2026-07-23 18:25:10,24.3,71.8
2026-07-23 18:25:30,24.3,71.8
2026-07-23 18:25:50,24.3,71.7
2026-07-23 18:26:10,24.3,71.7
2026-07-23 18:26:30,24.3,71.6
2026-07-23 18:26:50,24.3,71.6
2026-07-23 18:27:10,24.3,71.6
2026-07-23 18:27:30,24.3,71.7
2026-07-23 18:27:50,24.3,71.5
2026-07-23 18:28:10,24.3,71.5
2026-07-23 18:28:30,24.3,71.5
2026-07-23 18:28:50,24.3,71.5
2026-07-23 18:29:10,24.3,71.5
2026-07-23 18:29:30,24.3,71.5
2026-07-23 18:29:50,24.3,71.5
2026-07-23 18:30:10,24.3,71.5
2026-07-23 18:30:30,24.3,71.5
2026-07-23 18:30:50,24.3,71.5
2026-07-23 18:31:10,24.3,71.5
2026-07-23 18:31:30,24.3,71.4
2026-07-23 18:31:50,24.3,71.3
2026-07-23 18:32:10,24.3,71.3
2026-07-23 18:32:30,24.3,71.4
2026-07-23 18:32:50,24.3,71.4
2026-07-23 18:33:10,24.3,71.3
2026-07-23 18:33:30,24.3,71.4
2026-07-23 18:33:50,24.3,71.4
2026-07-23 18:34:10,24.2,71.4
2026-07-23 18:34:31,24.2,71.4
2026-07-23 18:34:51,24.2,71.4
2026-07-23 18:35:11,24.2,71.4
2026-07-23 18:35:31,24.2,71.5
2026-07-23 18:35:51,24.2,71.5
2026-07-23 18:36:11,24.2,71.5
2026-07-23 18:36:31,24.2,71.5
2026-07-23 18:36:51,24.2,71.6
2026-07-23 18:37:11,24.2,71.6
2026-07-23 18:37:31,24.2,71.6
2026-07-23 18:37:51,24.2,71.6
2026-07-23 18:38:11,24.2,71.4
2026-07-23 18:38:31,24.2,71.4
2026-07-23 18:38:51,24.2,71.4
2026-07-23 18:39:11,24.2,71.5
2026-07-23 18:39:31,24.2,71.5
2026-07-23 18:39:51,24.3,71.4
2026-07-23 18:40:11,24.3,71.4
2026-07-23 18:40:31,24.3,71.4
2026-07-23 18:40:51,24.3,71.3
2026-07-23 18:41:11,24.3,71.4
2026-07-23 18:41:31,24.2,71.5
2026-07-23 18:41:51,24.2,71.6
2026-07-23 18:42:11,24.2,71.7
2026-07-23 18:42:31,24.2,71.6
2026-07-23 18:42:51,24.2,71.6
2026-07-23 18:43:11,24.3,71.6
2026-07-23 18:43:31,24.3,71.5
2026-07-23 18:43:51,24.3,71.4
2026-07-23 18:44:11,24.3,71.4
2026-07-23 18:44:31,24.3,71.4
2026-07-23 18:44:51,24.3,71.4
2026-07-23 18:45:11,24.3,71.4
2026-07-23 18:45:31,24.3,71.3
2026-07-23 18:45:51,24.3,71.2
2026-07-23 18:46:11,24.3,71.2
2026-07-23 18:46:31,24.3,71.2
2026-07-23 18:46:51,24.3,71.1
2026-07-23 18:47:11,24.3,71.0
2026-07-23 18:47:31,24.3,70.9
2026-07-23 18:47:51,24.3,70.8
2026-07-23 18:48:11,24.3,70.8
2026-07-23 18:48:31,24.3,70.8
2026-07-23 18:48:51,24.3,70.8
2026-07-23 18:49:11,24.3,70.8
2026-07-23 18:49:31,24.3,71.0
2026-07-23 18:49:51,24.3,70.9
2026-07-23 18:50:11,24.3,70.9
2026-07-23 18:50:31,24.3,70.7
2026-07-23 18:50:51,24.3,70.6
2026-07-23 18:51:11,24.3,70.6
2026-07-23 18:51:31,24.2,70.6
2026-07-23 18:51:52,24.2,70.5
2026-07-23 18:52:12,24.3,70.5
2026-07-23 18:52:32,24.2,70.6
2026-07-23 18:52:52,24.3,70.5
2026-07-23 18:53:12,24.3,70.4
2026-07-23 18:53:32,24.3,70.2
2026-07-23 18:53:52,24.2,70.1
2026-07-23 18:54:12,24.2,
2026-07-23 18:54:13,,70.0
2026-07-23 18:54:32,24.2,70.0
2026-07-23 18:54:52,24.2,69.9
2026-07-23 18:55:12,24.2,69.8
2026-07-23 18:55:32,24.2,69.6
2026-07-23 18:55:52,24.2,69.4
2026-07-23 18:56:12,24.2,69.7
2026-07-23 18:56:32,24.2,69.8
2026-07-23 18:56:52,24.2,69.6
2026-07-23 18:57:12,24.2,69.6
2026-07-23 18:57:32,24.2,69.6
2026-07-23 18:57:52,24.2,69.5
2026-07-23 18:58:12,24.2,69.4
2026-07-23 18:58:32,24.3,69.3
2026-07-23 18:58:52,24.3,69.3
2026-07-23 18:59:12,24.3,69.2
2026-07-23 18:59:32,24.3,69.2
2026-07-23 18:59:52,24.3,69.1
2026-07-23 19:00:12,24.3,69.1
2026-07-23 19:00:32,24.2,69.1
2026-07-23 19:00:52,24.3,69.0
2026-07-23 19:01:12,24.3,69.0
2026-07-23 19:01:32,24.2,68.8
2026-07-23 19:01:52,24.2,68.8
2026-07-23 19:02:12,24.2,68.7
2026-07-23 19:02:32,24.2,68.7
2026-07-23 19:02:52,24.2,68.7
2026-07-23 19:03:12,24.2,68.5
2026-07-23 19:03:32,24.2,68.6
2026-07-23 19:03:52,24.2,68.5
2026-07-23 19:04:12,24.2,68.6
2026-07-23 19:04:32,24.2,68.5
2026-07-23 19:04:52,24.2,68.3
2026-07-23 19:05:12,24.2,68.1
2026-07-23 19:05:32,24.2,68.3
2026-07-23 19:05:52,24.2,68.3
2026-07-23 19:06:12,24.1,68.3
2026-07-23 19:06:32,24.2,68.3
2026-07-23 19:06:52,24.2,68.4
2026-07-23 19:07:12,24.2,68.6
2026-07-23 19:07:32,24.2,68.6
2026-07-23 19:07:52,24.2,68.5
2026-07-23 19:08:12,24.2,68.4
2026-07-23 19:08:32,24.1,68.5
2026-07-23 19:08:52,24.2,68.5
2026-07-23 19:09:13,24.2,68.4
2026-07-23 19:09:33,24.2,68.3
2026-07-23 19:09:53,24.2,68.3
2026-07-23 19:10:13,24.2,68.2
2026-07-23 19:10:33,24.2,68.2
2026-07-23 19:10:53,24.2,68.2
2026-07-23 19:11:13,24.2,68.2
2026-07-23 19:11:33,24.2,68.2
2026-07-23 19:11:53,24.2,68.2
2026-07-23 19:12:13,24.2,68.2
2026-07-23 19:12:33,24.2,68.1
2026-07-23 19:12:53,24.2,68.2
2026-07-23 19:13:13,24.1,68.1
2026-07-23 19:13:33,24.2,68.2
2026-07-23 19:13:53,24.1,68.2
2026-07-23 19:14:13,24.1,68.1
2026-07-23 19:14:33,24.1,68.1
2026-07-23 19:14:53,24.1,68.1
2026-07-23 19:15:13,24.1,68.2
2026-07-23 19:15:33,24.1,68.2
2026-07-23 19:15:53,24.1,68.2
2026-07-23 19:16:13,24.1,68.2
2026-07-23 19:16:33,24.1,68.3
2026-07-23 19:16:53,24.1,68.4
2026-07-23 19:17:13,24.1,68.3
2026-07-23 19:17:33,24.1,68.4
2026-07-23 19:17:53,24.1,68.4
2026-07-23 19:18:13,24.1,68.4
2026-07-23 19:18:33,24.1,68.3
2026-07-23 19:18:53,24.1,68.3
2026-07-23 19:19:13,24.1,68.4
2026-07-23 19:19:33,24.1,68.3
2026-07-23 19:19:53,24.1,68.4
2026-07-23 19:20:13,24.0,68.4
2026-07-23 19:20:33,24.1,68.5
2026-07-23 19:20:53,24.1,68.4
2026-07-23 19:21:13,24.1,68.4
2026-07-23 19:21:33,24.1,68.5
2026-07-23 19:21:53,24.0,68.5
2026-07-23 19:22:13,24.0,68.5
2026-07-23 19:22:33,24.0,68.5
2026-07-23 19:22:53,24.1,68.5
2026-07-23 19:23:13,24.1,68.5
2026-07-23 19:23:33,24.0,68.5
2026-07-23 19:23:53,24.0,68.6
2026-07-23 19:24:13,24.0,68.7
2026-07-23 19:24:33,24.0,68.7
2026-07-23 19:24:53,24.0,68.7
2026-07-23 19:25:13,24.1,68.8
2026-07-23 19:25:33,24.1,68.8
2026-07-23 19:25:53,24.1,68.8
2026-07-23 19:26:13,24.1,68.8
2026-07-23 19:26:34,24.1,68.6
2026-07-23 19:26:54,24.1,68.7
2026-07-23 19:27:14,24.1,68.6
2026-07-23 19:27:34,24.1,68.6
2026-07-23 19:27:54,24.1,68.5
2026-07-23 19:28:14,24.1,68.5
2026-07-23 19:28:34,24.1,68.6
2026-07-23 19:28:54,24.1,68.6
2026-07-23 19:29:14,24.1,68.6
2026-07-23 19:29:34,24.0,68.6
2026-07-23 19:29:54,24.1,68.6
2026-07-23 19:30:14,24.0,68.7
2026-07-23 19:30:34,24.0,68.7
2026-07-23 19:30:54,24.0,68.7
2026-07-23 19:31:14,24.0,68.9
2026-07-23 19:31:34,24.0,69.0
2026-07-23 19:31:54,24.1,69.0
2026-07-23 19:32:14,24.1,68.9
2026-07-23 19:32:34,24.1,68.8
2026-07-23 19:32:54,24.1,68.8
2026-07-23 19:33:14,24.0,68.8
2026-07-23 19:33:34,24.0,68.9
2026-07-23 19:33:54,24.1,68.8
2026-07-23 19:34:14,24.1,68.8
2026-07-23 19:34:34,24.1,68.8
2026-07-23 19:34:54,24.1,68.8
2026-07-23 19:35:14,24.1,68.7
2026-07-23 19:35:34,24.0,68.7
2026-07-23 19:35:54,24.0,68.8
2026-07-23 19:36:14,24.0,68.9
2026-07-23 19:36:34,24.0,68.8
2026-07-23 19:36:54,24.0,68.9
2026-07-23 19:37:14,24.0,68.8
2026-07-23 19:37:34,24.0,68.8
2026-07-23 19:37:54,24.0,68.8
2026-07-23 19:38:14,24.0,68.8
2026-07-23 19:38:34,24.0,68.8
2026-07-23 19:38:54,24.0,68.7
2026-07-23 19:39:14,24.0,68.7
2026-07-23 19:39:34,24.0,68.7
2026-07-23 19:39:54,24.0,68.8
2026-07-23 19:40:14,24.0,68.7
2026-07-23 19:40:34,24.0,68.7
2026-07-23 19:40:54,24.0,68.7
2026-07-23 19:41:14,24.0,68.7
2026-07-23 19:41:34,24.0,68.7
2026-07-23 19:41:54,24.0,68.7
2026-07-23 19:42:15,23.9,68.8
2026-07-23 19:42:34,23.9,68.9
2026-07-23 19:42:55,23.9,68.9
2026-07-23 19:43:15,23.9,69.0
2026-07-23 19:43:35,23.9,68.9
2026-07-23 19:43:55,23.9,69.0
2026-07-23 19:44:15,23.9,69.0
2026-07-23 19:44:35,23.9,69.0
2026-07-23 19:44:55,23.9,69.0
2026-07-23 19:45:15,23.9,69.0
2026-07-23 19:45:35,23.9,69.0
2026-07-23 19:45:55,23.9,68.9
2026-07-23 19:46:15,23.9,69.0
2026-07-23 19:46:35,23.9,69.0
2026-07-23 19:46:55,23.9,69.0
2026-07-23 19:47:15,23.9,69.0
2026-07-23 19:47:35,23.9,68.9
2026-07-23 19:47:55,23.9,69.0
2026-07-23 19:48:15,23.9,69.0
2026-07-23 19:48:35,23.9,69.0
2026-07-23 19:48:55,23.9,69.0
2026-07-23 19:49:15,23.9,68.9
2026-07-23 19:49:35,23.9,69.0
2026-07-23 19:49:55,23.9,68.9
2026-07-23 19:50:15,23.9,69.0
2026-07-23 19:50:35,23.9,69.0
2026-07-23 19:50:55,23.9,69.0
2026-07-23 19:51:15,23.9,69.0
2026-07-23 19:51:35,23.9,69.0
2026-07-23 19:51:55,23.9,68.9
2026-07-23 19:52:15,23.9,68.9
2026-07-23 19:52:35,23.9,68.9
2026-07-23 19:52:55,23.9,68.9
2026-07-23 19:53:15,23.9,69.0
2026-07-23 19:53:35,23.8,69.0
2026-07-23 19:53:55,23.8,69.2
2026-07-23 19:54:15,23.8,69.2
2026-07-23 19:54:35,23.8,69.3
2026-07-23 19:54:55,23.8,69.3
2026-07-23 19:55:15,23.8,69.3
2026-07-23 19:55:35,23.8,69.4
2026-07-23 19:55:56,23.9,69.4
2026-07-23 19:56:15,23.9,69.4
2026-07-23 19:56:35,23.9,69.4
2026-07-23 19:56:55,23.9,69.4
2026-07-23 19:57:15,23.9,69.3
2026-07-23 19:57:35,23.9,69.3
2026-07-23 19:57:55,23.9,69.3
2026-07-23 19:58:15,23.9,69.3
2026-07-23 19:58:35,23.9,69.2
2026-07-23 19:58:55,23.9,69.2
2026-07-23 19:59:15,23.9,69.1
2026-07-23 19:59:35,23.9,69.1
2026-07-23 19:59:55,23.9,69.0
2026-07-23 20:00:16,23.9,69.1
2026-07-23 20:00:36,23.9,69.2
2026-07-23 20:00:56,23.9,69.2
2026-07-23 20:01:16,23.9,69.2
2026-07-23 20:01:36,23.9,69.3
2026-07-23 20:01:56,23.9,69.2
2026-07-23 20:02:16,23.8,69.0
2026-07-23 20:02:36,23.8,69.0
2026-07-23 20:02:56,23.8,69.1
2026-07-23 20:03:16,23.8,69.0
2026-07-23 20:03:36,23.8,69.0
2026-07-23 20:03:56,23.8,69.1
2026-07-23 20:04:16,23.8,69.2
2026-07-23 20:04:36,23.8,69.1
2026-07-23 20:04:56,23.8,69.0
2026-07-23 20:05:16,23.8,69.0
2026-07-23 20:05:36,23.8,69.0
2026-07-23 20:05:56,23.8,69.1
2026-07-23 20:06:16,23.8,69.2
2026-07-23 20:06:36,23.8,69.2
2026-07-23 20:06:56,23.8,69.1
2026-07-23 20:07:16,23.8,69.0
2026-07-23 20:07:36,23.8,69.0
2026-07-23 20:07:56,23.8,68.9
2026-07-23 20:08:16,23.8,69.0
2026-07-23 20:08:36,23.8,69.1
2026-07-23 20:08:56,23.8,69.0
2026-07-23 20:09:16,23.8,69.0
2026-07-23 20:09:36,23.8,68.9
2026-07-23 20:09:56,23.8,68.9
2026-07-23 20:10:16,23.8,68.9
2026-07-23 20:10:36,23.8,68.8
2026-07-23 20:10:56,23.8,68.8
2026-07-23 20:11:16,23.7,68.7
2026-07-23 20:11:36,23.7,68.8
2026-07-23 20:11:56,23.6,68.9
2026-07-23 20:12:16,23.6,68.9
2026-07-23 20:12:36,23.6,69.1
2026-07-23 20:12:56,23.6,69.2
2026-07-23 20:13:16,23.6,69.2
2026-07-23 20:13:36,23.6,69.1
2026-07-23 20:13:56,23.6,69.1
2026-07-23 20:14:16,23.5,69.2
2026-07-23 20:14:36,23.5,69.2
2026-07-23 20:14:57,23.6,69.1
2026-07-23 20:15:16,23.5,69.2
2026-07-23 20:15:36,23.5,69.1
2026-07-23 20:15:57,23.5,69.1
2026-07-23 20:16:17,23.5,69.2
2026-07-23 20:16:37,23.5,69.2
2026-07-23 20:16:57,23.6,69.3
2026-07-23 20:17:17,23.6,69.3
2026-07-23 20:17:37,23.6,69.2
2026-07-23 20:17:57,23.6,69.2
2026-07-23 20:18:17,23.6,69.1
2026-07-23 20:18:37,23.6,69.2
2026-07-23 20:18:57,23.6,69.1
2026-07-23 20:19:17,23.6,69.1
2026-07-23 20:19:37,23.6,69.1
2026-07-23 20:19:57,23.6,69.0
2026-07-23 20:20:17,23.6,69.0
2026-07-23 20:20:37,23.6,69.1
2026-07-23 20:20:57,23.6,69.0
2026-07-23 20:21:17,23.6,69.0
2026-07-23 20:21:37,23.6,69.0
2026-07-23 20:21:57,23.6,69.0
2026-07-23 20:22:17,23.5,69.0
2026-07-23 20:22:37,23.6,69.1
2026-07-23 20:22:57,23.6,69.2
2026-07-23 20:23:17,23.6,69.1
2026-07-23 20:23:37,23.6,69.2
2026-07-23 20:23:57,23.6,69.2
2026-07-23 20:24:17,23.6,69.3
2026-07-23 20:24:37,23.5,69.3
2026-07-23 20:24:57,23.5,69.3
2026-07-23 20:25:17,23.5,69.3
2026-07-23 20:25:37,23.5,69.3
2026-07-23 20:25:57,23.5,69.3
2026-07-23 20:26:17,23.5,69.4
2026-07-23 20:26:37,23.5,69.4
2026-07-23 20:26:57,23.5,69.4
2026-07-23 20:27:17,23.5,69.5
2026-07-23 20:27:37,23.5,69.5
2026-07-23 20:27:57,23.5,69.5
2026-07-23 20:28:17,23.5,69.6
2026-07-23 20:28:37,23.4,69.7
2026-07-23 20:28:57,23.4,69.9
2026-07-23 20:29:17,23.4,69.9
2026-07-23 20:29:37,23.4,70.1
2026-07-23 20:29:57,23.4,70.1
2026-07-23 20:30:17,23.4,70.1
2026-07-23 20:30:37,23.4,70.1
2026-07-23 20:30:57,23.4,70.1
2026-07-23 20:31:17,23.4,70.2
2026-07-23 20:31:37,23.4,70.2
2026-07-23 20:31:57,23.4,70.3
2026-07-23 20:32:17,23.4,70.3
2026-07-23 20:32:37,23.4,70.4
2026-07-23 20:32:57,23.4,70.4
2026-07-23 20:33:18,23.4,70.4
2026-07-23 20:33:37,23.4,70.5
2026-07-23 20:33:58,23.4,70.5
2026-07-23 20:34:18,23.4,70.5
2026-07-23 20:34:38,23.4,70.6
2026-07-23 20:34:58,23.4,70.6
2026-07-23 20:35:18,23.4,70.5
2026-07-23 20:35:38,23.5,70.5
2026-07-23 20:35:58,23.5,70.4
2026-07-23 20:36:18,23.5,70.5
2026-07-23 20:36:38,23.4,70.5
2026-07-23 20:36:58,23.4,70.6
2026-07-23 20:37:18,23.4,70.6
2026-07-23 20:37:38,23.4,70.8
2026-07-23 20:37:58,23.4,70.9
2026-07-23 20:38:18,23.3,71.0
2026-07-23 20:38:38,23.3,71.0
2026-07-23 20:38:58,23.3,71.1
2026-07-23 20:39:18,23.3,71.2
2026-07-23 20:39:38,23.2,71.3
2026-07-23 20:39:58,23.2,71.4
2026-07-23 20:40:18,23.3,71.5
2026-07-23 20:40:38,23.3,71.5
2026-07-23 20:40:58,23.3,71.5
2026-07-23 20:41:18,23.3,71.5
2026-07-23 20:41:38,23.4,71.5
2026-07-23 20:41:58,23.3,71.5
2026-07-23 20:42:18,23.3,71.4
2026-07-23 20:42:38,23.4,71.4
2026-07-23 20:42:58,23.4,71.4
2026-07-23 20:43:18,23.4,71.4
2026-07-23 20:43:38,23.4,71.5
2026-07-23 20:43:58,23.4,71.5
2026-07-23 20:44:18,23.4,71.5
2026-07-23 20:44:38,23.3,71.6
2026-07-23 20:44:58,23.3,71.6
2026-07-23 20:45:18,23.3,71.7
2026-07-23 20:45:38,23.3,71.7
2026-07-23 20:45:58,23.3,71.8
2026-07-23 20:46:18,23.3,71.9
2026-07-23 20:46:38,23.2,72.0
2026-07-23 20:46:58,23.3,71.9
2026-07-23 20:47:18,23.3,72.0
2026-07-23 20:47:38,23.3,72.0
2026-07-23 20:47:58,23.2,72.0
2026-07-23 20:48:18,23.3,72.0
2026-07-23 20:48:38,23.3,72.1
2026-07-23 20:48:58,23.3,72.1
2026-07-23 20:49:18,23.3,72.0
2026-07-23 20:49:38,23.3,72.1
2026-07-23 20:49:58,23.3,72.0
2026-07-23 20:50:19,23.3,72.0
2026-07-23 20:50:39,23.3,72.0
2026-07-23 20:50:58,23.3,
2026-07-23 20:50:59,,72.1
2026-07-23 20:51:19,23.3,72.1
2026-07-23 20:51:39,23.3,72.2
2026-07-23 20:51:59,23.3,72.1
2026-07-23 20:52:19,23.3,72.2
2026-07-23 20:52:39,23.3,72.2
2026-07-23 20:52:59,23.3,72.2
2026-07-23 20:53:19,23.3,72.1
2026-07-23 20:53:39,23.3,72.1
2026-07-23 20:53:59,23.3,72.1
2026-07-23 20:54:19,23.3,72.1
2026-07-23 20:54:39,23.3,72.1
2026-07-23 20:54:59,23.3,72.1
2026-07-23 20:55:19,23.3,72.2
2026-07-23 20:55:39,23.3,72.3
2026-07-23 20:55:59,23.3,72.3
2026-07-23 20:56:19,23.3,72.3
2026-07-23 20:56:39,23.3,72.3
2026-07-23 20:56:59,23.3,72.3
2026-07-23 20:57:19,23.3,72.3
2026-07-23 20:57:39,23.3,72.2
2026-07-23 20:57:59,23.3,72.3
2026-07-23 20:58:19,23.3,72.3
2026-07-23 20:58:39,23.3,72.3
2026-07-23 20:58:59,23.3,72.3
2026-07-23 20:59:19,23.3,72.3
2026-07-23 20:59:39,23.3,72.3
2026-07-23 20:59:59,23.3,72.3
2026-07-23 21:00:19,23.3,72.3
2026-07-23 21:00:39,23.3,72.2
2026-07-23 21:00:59,23.3,72.3
2026-07-23 21:01:19,23.3,72.3
2026-07-23 21:01:39,23.4,72.3
2026-07-23 21:01:59,23.4,72.2
2026-07-23 21:02:19,23.4,72.2
2026-07-23 21:02:39,23.4,72.2
2026-07-23 21:02:59,23.4,72.2
2026-07-23 21:03:19,23.4,72.1
2026-07-23 21:03:39,23.4,72.1
2026-07-23 21:03:59,23.4,72.2
2026-07-23 21:04:19,23.4,72.1
2026-07-23 21:04:39,23.4,72.2
2026-07-23 21:04:59,23.4,72.1
2026-07-23 21:05:19,23.4,72.1
2026-07-23 21:05:39,23.4,72.1
2026-07-23 21:05:59,23.4,72.0
2026-07-23 21:06:19,23.4,72.1
2026-07-23 21:06:39,23.4,72.1
2026-07-23 21:06:59,23.4,72.1
2026-07-23 21:07:20,23.4,72.1
2026-07-23 21:07:39,23.4,72.1
2026-07-23 21:08:00,23.4,72.1
2026-07-23 21:08:20,23.4,72.1
2026-07-23 21:08:40,23.4,72.0
2026-07-23 21:09:00,23.4,72.0
2026-07-23 21:09:20,23.4,72.1
2026-07-23 21:09:40,23.4,72.1
2026-07-23 21:10:00,23.4,72.1
2026-07-23 21:10:20,23.4,72.1
2026-07-23 21:10:40,23.4,72.1
2026-07-23 21:11:00,23.4,72.1
2026-07-23 21:11:20,23.4,72.2
2026-07-23 21:11:40,23.4,72.1
2026-07-23 21:12:00,23.4,72.1
2026-07-23 21:12:20,23.4,72.1
2026-07-23 21:12:40,23.3,72.1
2026-07-23 21:13:00,23.3,72.2
2026-07-23 21:13:20,23.3,72.2
2026-07-23 21:13:40,23.3,72.2
2026-07-23 21:14:00,23.3,72.3
2026-07-23 21:14:20,23.3,72.3
2026-07-23 21:14:40,23.3,72.3
2026-07-23 21:15:00,23.3,72.3
2026-07-23 21:15:21,23.3,72.4
2026-07-23 21:15:40,23.3,72.4
2026-07-23 21:16:00,23.3,72.4
2026-07-23 21:16:20,23.3,72.3
2026-07-23 21:16:41,23.3,72.4
2026-07-23 21:17:00,23.3,72.4
2026-07-23 21:17:20,23.3,72.4
2026-07-23 21:17:40,23.3,72.4
2026-07-23 21:18:00,23.4,72.3
2026-07-23 21:18:20,23.4,72.2
2026-07-23 21:18:40,23.4,72.2
2026-07-23 21:19:01,23.4,72.2
2026-07-23 21:19:20,23.4,72.2
2026-07-23 21:19:40,23.4,72.2
2026-07-23 21:20:00,23.4,72.2
2026-07-23 21:20:20,23.3,72.2
2026-07-23 21:20:40,23.4,72.3
2026-07-23 21:21:00,23.3,72.3
2026-07-23 21:21:20,23.3,72.3
2026-07-23 21:21:40,23.4,72.3
2026-07-23 21:22:00,23.3,72.3
2026-07-23 21:22:20,23.3,72.3
2026-07-23 21:22:40,23.4,72.2
2026-07-23 21:23:00,23.4,72.2
2026-07-23 21:23:20,23.4,72.3
2026-07-23 21:23:40,23.4,72.3
2026-07-23 21:24:01,23.4,72.2
2026-07-23 21:24:20,23.3,72.2
2026-07-23 21:24:40,23.3,72.2
2026-07-23 21:25:00,23.3,72.2
2026-07-23 21:25:20,23.3,72.3
2026-07-23 21:25:41,23.4,72.3
2026-07-23 21:26:01,23.4,72.3
2026-07-23 21:26:21,23.4,72.3
2026-07-23 21:26:41,23.4,72.3
2026-07-23 21:27:01,23.4,72.3
2026-07-23 21:27:21,23.4,72.4
2026-07-23 21:27:41,23.3,72.4
2026-07-23 21:28:01,23.3,72.4
2026-07-23 21:28:21,23.3,72.5
2026-07-23 21:28:41,23.3,72.6
2026-07-23 21:29:01,23.3,72.5
2026-07-23 21:29:21,23.3,72.5
2026-07-23 21:29:41,23.3,72.6
2026-07-23 21:30:01,23.3,72.5
2026-07-23 21:30:21,23.3,72.6
2026-07-23 21:30:41,23.3,72.5
2026-07-23 21:31:01,23.3,72.6
2026-07-23 21:31:21,23.3,72.5
2026-07-23 21:31:41,23.3,72.6
2026-07-23 21:32:01,23.3,72.5
2026-07-23 21:32:21,23.3,72.5
2026-07-23 21:32:41,23.3,72.6
2026-07-23 21:33:01,23.3,72.6
2026-07-23 21:33:21,23.3,72.6
2026-07-23 21:33:41,23.3,72.5
2026-07-23 21:34:01,23.3,72.5
2026-07-23 21:34:21,23.3,72.5
2026-07-23 21:34:41,23.3,72.5
2026-07-23 21:35:01,23.3,72.5
2026-07-23 21:35:21,23.3,72.5
2026-07-23 21:35:41,23.3,72.5
2026-07-23 21:36:01,23.3,72.5
2026-07-23 21:36:21,23.3,72.6
2026-07-23 21:36:41,23.3,72.6
2026-07-23 21:37:01,23.3,72.6
2026-07-23 21:37:21,23.3,72.6
2026-07-23 21:37:41,23.3,72.7
2026-07-23 21:38:01,23.3,72.6
2026-07-23 21:38:21,23.3,72.6
2026-07-23 21:38:41,23.3,72.6
2026-07-23 21:39:01,23.3,72.6
2026-07-23 21:39:21,23.4,72.6
2026-07-23 21:39:41,23.3,72.5
2026-07-23 21:40:01,23.3,72.5
2026-07-23 21:40:21,23.3,72.5
2026-07-23 21:40:41,23.3,72.5
2026-07-23 21:41:01,23.4,72.5
2026-07-23 21:41:21,23.3,72.5
2026-07-23 21:41:41,23.3,72.5
2026-07-23 21:42:02,23.3,72.6
2026-07-23 21:42:21,23.3,72.6
2026-07-23 21:42:42,23.3,72.6
2026-07-23 21:43:02,23.3,72.6
2026-07-23 21:43:22,23.3,72.7
2026-07-23 21:43:42,23.3,72.7
2026-07-23 21:44:02,23.3,72.5
2026-07-23 21:44:22,23.4,72.5
2026-07-23 21:44:42,23.4,72.5
2026-07-23 21:45:02,23.3,72.4
2026-07-23 21:45:22,23.4,72.4
2026-07-23 21:45:42,23.3,72.4
2026-07-23 21:46:02,23.3,72.4
2026-07-23 21:46:22,23.3,72.5
2026-07-23 21:46:42,23.3,72.4
2026-07-23 21:47:02,23.3,72.5
2026-07-23 21:47:22,23.3,72.5
2026-07-23 21:47:42,23.3,72.6
2026-07-23 21:48:02,23.3,72.6
2026-07-23 21:48:22,23.3,72.6
2026-07-23 21:48:42,23.3,72.6
2026-07-23 21:49:02,23.4,72.6
2026-07-23 21:49:22,23.4,72.5
2026-07-23 21:49:42,23.3,72.4
2026-07-23 21:50:02,23.4,72.5
2026-07-23 21:50:22,23.4,72.5
2026-07-23 21:50:42,23.4,72.4
2026-07-23 21:51:02,23.4,72.4
2026-07-23 21:51:22,23.4,72.4
2026-07-23 21:51:42,23.4,72.5
2026-07-23 21:52:02,23.4,72.4
2026-07-23 21:52:22,23.4,72.4
2026-07-23 21:52:42,23.4,72.4
2026-07-23 21:53:02,23.4,72.4
2026-07-23 21:53:22,23.4,72.3
2026-07-23 21:53:42,23.4,72.4
2026-07-23 21:54:02,23.4,72.5
2026-07-23 21:54:22,23.4,72.5
2026-07-23 21:54:42,23.4,72.5
2026-07-23 21:55:02,23.3,72.5
2026-07-23 21:55:22,23.4,72.5
2026-07-23 21:55:42,23.3,72.5
2026-07-23 21:56:02,23.4,72.5
2026-07-23 21:56:22,23.4,72.6
2026-07-23 21:56:42,23.4,72.5
2026-07-23 21:57:02,23.4,72.5
2026-07-23 21:57:22,23.4,72.5
2026-07-23 21:57:42,23.4,72.5
2026-07-23 21:58:02,23.4,72.4
2026-07-23 21:58:22,23.4,72.3
2026-07-23 21:58:42,23.4,72.4
2026-07-23 21:59:02,23.4,72.3
2026-07-23 21:59:22,23.4,72.4
2026-07-23 21:59:42,23.5,72.4
2026-07-23 22:00:03,23.5,72.4
2026-07-23 22:00:23,23.5,72.3
2026-07-23 22:00:43,23.5,72.3
2026-07-23 22:01:03,23.5,72.2
2026-07-23 22:01:23,23.5,72.2
2026-07-23 22:01:43,23.5,72.2
2026-07-23 22:02:03,23.5,72.3
2026-07-23 22:02:23,23.6,72.2
2026-07-23 22:02:43,23.5,72.3
2026-07-23 22:03:03,23.5,72.3
2026-07-23 22:03:23,23.5,72.3
2026-07-23 22:03:43,23.5,72.4
2026-07-23 22:04:03,23.5,72.4
2026-07-23 22:04:23,23.5,72.4
2026-07-23 22:04:43,23.5,72.3
2026-07-23 22:05:03,23.5,72.3
2026-07-23 22:05:23,23.5,72.3
2026-07-23 22:05:43,23.5,72.4
2026-07-23 22:06:03,23.5,72.4
2026-07-23 22:06:23,23.4,72.5
2026-07-23 22:06:43,23.4,72.5
2026-07-23 22:07:03,23.5,72.6
2026-07-23 22:07:23,23.5,72.5
2026-07-23 22:07:43,23.4,72.6
2026-07-23 22:08:03,23.4,72.5
2026-07-23 22:08:23,23.4,72.6
2026-07-23 22:08:43,23.4,72.7
2026-07-23 22:09:03,23.4,72.7
2026-07-23 22:09:23,23.4,72.7
2026-07-23 22:09:43,23.4,72.8
2026-07-23 22:10:03,23.4,72.9
2026-07-23 22:10:23,23.4,73.0
2026-07-23 22:10:43,23.4,73.0
2026-07-23 22:11:03,23.4,73.1
2026-07-23 22:11:23,23.4,73.1
2026-07-23 22:11:43,23.4,72.9
2026-07-23 22:12:03,23.4,72.9
2026-07-23 22:12:23,23.4,72.9
2026-07-23 22:12:43,23.4,73.0
2026-07-23 22:13:03,23.4,72.9
2026-07-23 22:13:23,23.4,72.9
2026-07-23 22:13:43,23.4,72.8
2026-07-23 22:14:03,23.4,72.8
2026-07-23 22:14:23,23.4,72.9
2026-07-23 22:14:43,23.4,72.8
2026-07-23 22:15:03,23.4,73.0
2026-07-23 22:15:24,23.4,73.0
2026-07-23 22:15:43,23.4,73.0
2026-07-23 22:16:03,23.3,73.0
2026-07-23 22:16:23,23.3,73.0
2026-07-23 22:16:44,23.3,73.1
2026-07-23 22:17:04,23.3,73.1
2026-07-23 22:17:24,23.4,73.1
2026-07-23 22:17:44,23.4,73.0
2026-07-23 22:18:04,23.4,72.9
2026-07-23 22:18:24,23.4,72.8
2026-07-23 22:18:44,23.4,72.9
2026-07-23 22:19:04,23.4,72.8
2026-07-23 22:19:24,23.4,72.8
2026-07-23 22:19:44,23.4,72.8
2026-07-23 22:20:04,23.4,72.8
2026-07-23 22:20:24,23.4,72.9
2026-07-23 22:20:44,23.4,72.9
2026-07-23 22:21:04,23.4,72.9
2026-07-23 22:21:24,23.4,72.8
2026-07-23 22:21:44,23.4,72.8
2026-07-23 22:22:04,23.3,72.9
2026-07-23 22:22:24,23.3,73.0
2026-07-23 22:22:44,23.3,73.1
2026-07-23 22:23:04,23.3,73.2
2026-07-23 22:23:24,23.2,73.2
2026-07-23 22:23:44,23.2,73.2
2026-07-23 22:24:04,23.3,73.3
2026-07-23 22:24:24,23.3,73.3
2026-07-23 22:24:44,23.3,73.2
2026-07-23 22:25:04,23.3,73.1
2026-07-23 22:25:24,23.3,73.0
2026-07-23 22:25:44,23.3,72.9
2026-07-23 22:26:04,23.4,72.9
2026-07-23 22:26:24,23.4,73.0
2026-07-23 22:26:44,23.4,72.9
2026-07-23 22:27:04,23.4,72.9
2026-07-23 22:27:24,23.4,72.8
2026-07-23 22:27:44,23.4,72.8
2026-07-23 22:28:04,23.4,72.7
2026-07-23 22:28:24,23.4,72.7
2026-07-23 22:28:44,23.3,72.8
2026-07-23 22:29:04,23.3,72.8
2026-07-23 22:29:24,23.3,72.9
2026-07-23 22:29:44,23.3,73.0
2026-07-23 22:30:04,23.3,73.0
2026-07-23 22:30:24,23.3,73.1
2026-07-23 22:30:44,23.3,73.0
2026-07-23 22:31:04,23.4,73.0
2026-07-23 22:31:24,23.3,72.9
2026-07-23 22:31:44,23.4,72.9
2026-07-23 22:32:04,23.3,72.8
2026-07-23 22:32:24,23.3,72.8
2026-07-23 22:32:44,23.3,72.8
2026-07-23 22:33:04,23.3,72.8
2026-07-23 22:33:24,23.3,72.8
2026-07-23 22:33:44,23.3,72.9
2026-07-23 22:34:04,23.3,
2026-07-23 22:34:05,,72.9
2026-07-23 22:34:25,23.3,73.0
2026-07-23 22:34:45,23.3,73.1
2026-07-23 22:35:05,23.2,73.2
2026-07-23 22:35:25,23.2,73.2
2026-07-23 22:35:45,23.2,73.3
2026-07-23 22:36:05,23.1,73.4
2026-07-23 22:36:25,23.1,73.5
2026-07-23 22:36:45,23.1,73.6
2026-07-23 22:37:05,23.1,73.6
2026-07-23 22:40:56,23.1,73.7
2026-07-23 22:41:16,23.2,73.7
2026-07-23 22:41:36,23.1,73.6
2026-07-23 22:41:56,23.2,73.6
2026-07-23 22:42:16,23.2,73.6
2026-07-23 22:42:36,23.2,73.5
2026-07-23 22:42:56,23.3,73.5
2026-07-23 22:43:16,23.2,73.5
2026-07-23 22:43:36,23.2,73.4
2026-07-23 22:43:56,23.3,73.5
2026-07-23 22:44:16,23.2,73.6
2026-07-23 22:44:36,23.2,73.7
2026-07-23 22:44:56,23.2,73.8
2026-07-23 22:45:16,23.1,73.9
2026-07-23 22:45:36,23.1,73.9
2026-07-23 22:45:56,23.1,74.1
2026-07-23 22:46:16,23.1,74.1
2026-07-23 22:46:36,23.1,74.2
2026-07-23 22:46:56,23.1,74.3
2026-07-23 22:47:16,23.0,74.3
2026-07-23 22:47:36,23.0,74.3
2026-07-23 22:47:56,23.1,74.3
2026-07-23 22:48:16,23.1,74.4
2026-07-23 22:48:36,23.1,74.2
2026-07-23 22:48:56,23.1,74.2
2026-07-23 22:49:17,23.2,74.1
2026-07-23 22:49:37,23.2,74.1
2026-07-23 22:49:57,23.2,73.9
2026-07-23 22:50:17,23.3,73.9
2026-07-23 22:50:37,23.3,73.8
2026-07-23 22:50:57,23.3,73.6
2026-07-23 22:51:17,23.3,73.6
2026-07-23 22:51:37,23.3,73.6
2026-07-23 22:51:57,23.3,73.6
2026-07-23 22:52:17,23.3,73.6
2026-07-23 22:52:37,23.3,73.6
2026-07-23 22:52:57,23.3,73.6
2026-07-23 22:53:17,23.3,73.5
2026-07-23 22:53:37,23.4,73.5
2026-07-23 22:53:57,23.4,73.4
2026-07-23 22:54:17,23.4,73.5
2026-07-23 22:54:37,23.3,73.5
2026-07-23 22:54:57,23.4,73.5
2026-07-23 22:55:17,23.3,73.5
2026-07-23 22:55:37,23.3,73.5
2026-07-23 22:55:57,23.3,73.6
2026-07-23 22:56:17,23.3,73.6
2026-07-23 22:56:37,23.3,73.7
2026-07-23 22:56:57,23.3,73.6
2026-07-23 22:57:17,23.3,73.7
2026-07-23 22:57:37,23.4,73.7
2026-07-23 22:57:57,23.3,73.7
2026-07-23 22:58:17,23.3,73.9
2026-07-23 22:58:37,23.3,73.8
2026-07-23 22:58:57,23.3,73.9
2026-07-23 22:59:17,23.3,74.0
2026-07-23 22:59:37,23.3,74.0
2026-07-23 22:59:57,23.3,73.9
2026-07-23 23:00:17,23.3,73.9
2026-07-23 23:00:37,23.3,74.0
2026-07-23 23:00:57,23.3,74.0
2026-07-23 23:01:17,23.3,73.9
2026-07-23 23:01:37,23.3,73.9
2026-07-23 23:01:57,23.3,73.9
2026-07-23 23:02:17,23.3,73.8
2026-07-23 23:02:37,23.3,73.8
2026-07-23 23:02:57,23.3,73.8
2026-07-23 23:03:17,23.3,73.8
2026-07-23 23:03:37,23.3,73.8
2026-07-23 23:03:57,23.3,73.8
2026-07-23 23:04:17,23.3,73.8
2026-07-23 23:04:37,23.3,73.9
2026-07-23 23:04:57,23.3,74.0
2026-07-23 23:05:17,23.2,74.0
2026-07-23 23:05:37,23.2,74.1
2026-07-23 23:05:57,23.3,74.1
2026-07-23 23:06:17,23.3,74.1
2026-07-23 23:06:37,23.3,74.0
2026-07-23 23:06:58,23.2,74.0
2026-07-23 23:07:18,23.2,74.0
2026-07-23 23:07:38,23.2,74.0
2026-07-23 23:07:58,23.2,74.1
2026-07-23 23:08:18,23.3,74.1
2026-07-23 23:08:38,23.3,74.0
2026-07-23 23:08:58,23.3,74.0
2026-07-23 23:09:18,23.3,74.0
2026-07-23 23:09:38,23.3,74.0
2026-07-23 23:09:58,23.3,73.9
2026-07-23 23:10:18,23.3,74.0
2026-07-23 23:10:38,23.3,74.0
2026-07-23 23:10:58,23.3,73.9
2026-07-23 23:11:18,23.3,73.9
2026-07-23 23:11:38,23.3,74.0
2026-07-23 23:11:58,23.3,74.0
2026-07-23 23:12:18,23.3,73.9
2026-07-23 23:12:38,23.3,73.9
2026-07-23 23:12:58,23.3,73.8
2026-07-23 23:13:18,23.3,73.9
2026-07-23 23:13:38,23.3,73.9
2026-07-23 23:13:58,23.3,74.0
2026-07-23 23:14:18,23.2,74.1
2026-07-23 23:14:38,23.2,74.3
2026-07-23 23:14:58,23.1,74.3
2026-07-23 23:15:18,23.2,74.4
2026-07-23 23:15:38,23.2,74.4
2026-07-23 23:15:58,23.2,74.4
2026-07-23 23:16:18,23.2,74.4
2026-07-23 23:16:38,23.2,74.4
2026-07-23 23:16:58,23.2,74.4
2026-07-23 23:17:18,23.2,74.4
2026-07-23 23:17:38,23.2,74.4
2026-07-23 23:17:58,23.1,74.5
2026-07-23 23:18:18,23.1,74.6
2026-07-23 23:18:38,23.1,74.7
2026-07-23 23:18:58,23.1,74.7
2026-07-23 23:19:18,23.1,74.8
2026-07-23 23:19:38,23.1,74.7
2026-07-23 23:19:58,23.1,74.9
2026-07-23 23:20:18,23.1,74.9
2026-07-23 23:20:38,23.0,75.0
2026-07-23 23:20:58,23.1,75.0
2026-07-23 23:21:18,23.1,75.1
2026-07-23 23:21:38,23.0,75.2
2026-07-23 23:21:58,23.0,75.3
2026-07-23 23:22:18,23.0,75.4
2026-07-23 23:22:38,23.0,75.6
2026-07-23 23:22:58,22.9,75.6
2026-07-23 23:23:19,23.0,75.6
2026-07-23 23:23:39,23.0,75.5
2026-07-23 23:23:59,23.0,75.6
2026-07-23 23:24:19,23.0,75.7
2026-07-23 23:24:39,23.0,75.7
2026-07-23 23:24:59,22.9,75.8
2026-07-23 23:25:19,22.9,76.0
2026-07-23 23:25:39,23.0,76.0
2026-07-23 23:25:59,22.9,75.9
2026-07-23 23:26:19,22.9,76.0
2026-07-23 23:26:39,22.9,76.0
2026-07-23 23:26:59,22.9,76.0
2026-07-23 23:27:19,22.9,76.1
2026-07-23 23:27:39,22.9,76.1
2026-07-23 23:27:59,22.9,76.1
2026-07-23 23:28:19,22.9,76.1
2026-07-23 23:28:39,22.9,76.1
2026-07-23 23:28:59,22.9,76.1
2026-07-23 23:29:19,22.9,76.1
2026-07-23 23:29:39,22.9,76.2
2026-07-23 23:29:59,22.9,76.2
2026-07-23 23:30:19,22.9,76.1
2026-07-23 23:30:39,22.9,76.1
2026-07-23 23:30:59,22.9,76.1
2026-07-23 23:31:19,22.9,76.1
2026-07-23 23:31:39,22.9,76.0
2026-07-23 23:31:59,23.0,76.0
2026-07-23 23:32:19,23.0,76.1
2026-07-23 23:32:39,22.9,76.2
2026-07-23 23:32:59,22.9,76.2
2026-07-23 23:33:19,22.9,76.2
2026-07-23 23:33:39,22.9,76.3
2026-07-23 23:33:59,22.9,76.3
2026-07-23 23:34:19,22.9,76.4
2026-07-23 23:34:39,22.9,76.4
2026-07-23 23:34:59,22.9,76.4
2026-07-23 23:35:19,22.8,76.5
2026-07-23 23:35:39,22.8,76.5
2026-07-23 23:35:59,22.8,76.7
2026-07-23 23:36:19,22.8,76.7
2026-07-23 23:36:39,22.8,76.6
2026-07-23 23:36:59,22.8,76.6
2026-07-23 23:37:19,22.8,76.6
2026-07-23 23:37:39,22.8,76.6
2026-07-23 23:37:59,22.8,76.7
2026-07-23 23:38:19,22.8,76.7
2026-07-23 23:38:39,22.8,76.7
2026-07-23 23:38:59,22.8,76.7
2026-07-23 23:39:19,22.8,76.8
2026-07-23 23:39:40,22.8,76.8
2026-07-23 23:40:00,22.8,76.8
2026-07-23 23:40:20,22.7,76.9
2026-07-23 23:40:40,22.7,77.0
2026-07-23 23:41:00,22.7,77.1
2026-07-23 23:41:20,22.7,77.1
2026-07-23 23:41:40,22.7,77.1
2026-07-23 23:42:00,22.7,77.2
2026-07-23 23:42:20,22.7,77.2
2026-07-23 23:42:40,22.7,77.2
2026-07-23 23:43:00,22.7,77.2
2026-07-23 23:43:20,22.7,77.2
2026-07-23 23:43:40,22.7,77.3
2026-07-23 23:44:00,22.8,77.2
2026-07-23 23:44:20,22.7,77.2
2026-07-23 23:44:40,22.7,77.1
2026-07-23 23:45:00,22.7,77.1
2026-07-23 23:45:20,22.7,77.1
2026-07-23 23:45:40,22.7,77.2
2026-07-23 23:46:00,22.7,77.2
2026-07-23 23:46:20,22.7,77.2
2026-07-23 23:46:40,22.7,77.2
2026-07-23 23:47:00,22.7,77.1
2026-07-23 23:47:20,22.7,77.2
2026-07-23 23:47:40,22.7,77.3
2026-07-23 23:48:00,22.7,77.3
2026-07-23 23:48:20,22.7,77.3
2026-07-23 23:48:40,22.7,77.4
2026-07-23 23:49:00,22.7,77.5
2026-07-23 23:49:20,22.7,77.5
2026-07-23 23:49:40,22.7,77.6
2026-07-23 23:50:00,22.7,77.6
2026-07-23 23:50:20,22.7,77.6
2026-07-23 23:50:40,22.7,77.5
2026-07-23 23:51:00,22.7,77.5
2026-07-23 23:51:20,22.7,77.4
2026-07-23 23:51:40,22.7,77.4
2026-07-23 23:52:00,22.7,77.4
2026-07-23 23:52:20,22.8,77.4
2026-07-23 23:52:40,22.8,77.4
2026-07-23 23:53:00,22.8,77.3
2026-07-23 23:53:20,22.8,77.2
2026-07-23 23:53:40,22.8,77.1
2026-07-23 23:54:00,22.8,77.1
2026-07-23 23:54:20,22.8,77.0
2026-07-23 23:54:40,22.8,77.0
2026-07-23 23:55:00,22.8,77.1
2026-07-23 23:55:20,22.8,77.1
2026-07-23 23:55:40,22.8,77.1
2026-07-23 23:56:00,22.8,77.2
2026-07-23 23:56:20,22.8,77.1
2026-07-23 23:56:41,22.8,77.2
2026-07-23 23:57:01,22.7,77.2
2026-07-23 23:57:21,22.7,77.1
2026-07-23 23:57:41,22.8,77.1
2026-07-23 23:58:01,22.8,77.1
2026-07-23 23:58:21,22.8,77.0
2026-07-23 23:58:41,22.8,77.0
2026-07-23 23:59:01,22.8,76.9
2026-07-23 23:59:21,22.8,77.0
2026-07-23 23:59:41,22.8,77.1
2026-07-24 00:00:01,22.8,77.1
2026-07-24 00:00:21,22.7,77.1
2026-07-24 00:00:41,22.7,77.2
2026-07-24 00:01:01,22.7,77.3
2026-07-24 00:01:21,22.7,77.3
2026-07-24 00:01:41,22.7,77.4
2026-07-24 00:02:01,22.6,77.5
2026-07-24 00:02:21,22.6,77.6
2026-07-24 00:02:41,22.6,77.5
2026-07-24 00:03:01,22.7,77.5
2026-07-24 00:03:21,22.7,77.4
2026-07-24 00:03:41,22.6,77.4
2026-07-24 00:04:01,22.7,77.4
2026-07-24 00:04:21,22.7,77.4
2026-07-24 00:04:41,22.7,77.2
2026-07-24 00:05:01,22.7,77.2
2026-07-24 00:05:21,22.7,77.1
2026-07-24 00:05:41,22.7,77.2
2026-07-24 00:06:01,22.7,77.1
2026-07-24 00:06:21,22.8,77.1
2026-07-24 00:06:41,22.8,76.9
2026-07-24 00:07:01,22.8,76.8
2026-07-24 00:07:21,22.8,76.8
2026-07-24 00:07:41,22.8,76.8
2026-07-24 00:08:01,22.9,76.6
2026-07-24 00:08:21,22.9,76.6
2026-07-24 00:08:41,22.8,76.6
2026-07-24 00:09:01,22.8,76.7
2026-07-24 00:09:21,22.8,76.7
2026-07-24 00:09:41,22.8,76.7
2026-07-24 00:10:01,22.8,76.8
2026-07-24 00:10:21,22.7,76.7
2026-07-24 00:10:41,22.7,76.8
2026-07-24 00:11:01,22.8,76.8
2026-07-24 00:11:21,22.8,76.9
2026-07-24 00:11:41,22.7,76.9
2026-07-24 00:12:01,22.7,76.9
2026-07-24 00:12:21,22.7,77.0
2026-07-24 00:12:41,22.6,77.0
2026-07-24 00:13:01,22.6,77.2
2026-07-24 00:13:21,22.6,77.2
2026-07-24 00:13:41,22.6,77.3
2026-07-24 00:14:01,22.6,77.3
2026-07-24 00:14:22,22.6,77.3
2026-07-24 00:14:42,22.6,77.3
2026-07-24 00:15:02,22.6,77.4
2026-07-24 00:15:22,22.6,77.3
2026-07-24 00:15:42,22.6,77.3
2026-07-24 00:16:02,22.6,77.3
2026-07-24 00:16:22,22.6,77.3
2026-07-24 00:16:42,22.6,77.3
2026-07-24 00:17:02,22.6,77.4
2026-07-24 00:17:22,22.6,77.3
2026-07-24 00:17:42,22.6,77.3
2026-07-24 00:18:02,22.6,77.2
2026-07-24 00:18:22,22.6,77.3
2026-07-24 00:18:42,22.6,77.1
2026-07-24 00:19:02,22.7,77.2
2026-07-24 00:19:22,22.7,77.1
2026-07-24 00:19:42,22.7,77.1
2026-07-24 00:20:02,22.7,77.1
2026-07-24 00:20:22,22.6,77.2
2026-07-24 00:20:42,22.6,77.2
2026-07-24 00:21:02,22.6,77.3
2026-07-24 00:21:22,22.6,77.4
2026-07-24 00:21:42,22.6,77.5
2026-07-24 00:22:02,22.6,77.5
2026-07-24 00:22:22,22.6,77.5
2026-07-24 00:22:42,22.6,77.5
2026-07-24 00:23:02,22.6,77.5
2026-07-24 00:23:22,22.6,77.5
2026-07-24 00:23:42,22.6,77.5
2026-07-24 00:24:02,22.6,77.4
2026-07-24 00:24:22,22.6,77.5
2026-07-24 00:24:42,22.6,77.5
2026-07-24 00:25:02,22.6,77.5
2026-07-24 00:25:22,22.6,77.6
2026-07-24 00:25:42,22.6,77.5
2026-07-24 00:26:02,22.6,77.5
2026-07-24 00:26:22,22.6,77.6
2026-07-24 00:26:42,22.6,77.7
2026-07-24 00:27:02,22.6,77.7
2026-07-24 00:27:22,22.6,77.7
2026-07-24 00:27:42,22.6,77.7
2026-07-24 00:28:02,22.6,77.7
2026-07-24 00:28:22,22.6,77.7
2026-07-24 00:28:42,22.6,77.6
2026-07-24 00:29:02,22.6,77.6
2026-07-24 00:29:22,22.6,77.5
2026-07-24 00:29:42,22.6,77.6
2026-07-24 00:30:02,22.6,77.5
2026-07-24 00:30:22,22.7,77.4
2026-07-24 00:30:42,22.7,
2026-07-24 00:30:43,,77.4
2026-07-24 00:31:03,22.7,77.3
2026-07-24 00:31:23,22.7,77.3
2026-07-24 00:31:43,22.8,77.4
2026-07-24 00:32:03,22.7,77.3
2026-07-24 00:32:23,22.7,77.2
2026-07-24 00:32:43,22.7,77.3
2026-07-24 00:33:03,22.7,77.3
2026-07-24 00:33:23,22.7,77.3
2026-07-24 00:33:43,22.7,77.4
2026-07-24 00:34:03,22.7,77.4
2026-07-24 00:34:23,22.7,77.4
2026-07-24 00:34:43,22.7,77.5
2026-07-24 00:35:03,22.6,77.5
2026-07-24 00:35:23,22.6,77.6
2026-07-24 00:35:43,22.6,77.7
2026-07-24 00:36:03,22.6,77.7
2026-07-24 00:36:23,22.6,77.6
2026-07-24 00:36:43,22.6,77.6
2026-07-24 00:37:03,22.6,77.7
2026-07-24 00:37:23,22.6,77.7
2026-07-24 00:37:43,22.6,77.7
2026-07-24 00:38:03,22.6,77.6
2026-07-24 00:38:23,22.6,77.7
2026-07-24 00:38:43,22.6,77.7
2026-07-24 00:39:03,22.6,77.6
2026-07-24 00:39:23,22.6,77.7
2026-07-24 00:39:43,22.6,77.7
2026-07-24 00:40:03,22.6,77.8
2026-07-24 00:40:23,22.6,77.8
2026-07-24 00:40:43,22.5,77.8
2026-07-24 00:41:03,22.5,77.8
2026-07-24 00:41:23,22.5,77.9
2026-07-24 00:41:43,22.5,77.9
2026-07-24 00:42:03,22.4,78.1
2026-07-24 00:42:23,22.4,78.1
2026-07-24 00:42:43,22.4,78.1
2026-07-24 00:43:03,22.4,78.2
2026-07-24 00:43:23,22.4,78.2
2026-07-24 00:43:43,22.4,78.1
2026-07-24 00:44:03,22.4,78.1
2026-07-24 00:44:23,22.4,78.0
2026-07-24 00:44:43,22.4,78.0
2026-07-24 00:45:03,22.4,78.0
2026-07-24 00:45:23,22.4,78.0
2026-07-24 00:45:43,22.5,78.0
2026-07-24 00:46:03,22.5,77.9
2026-07-24 00:46:23,22.5,77.9
2026-07-24 00:46:43,22.5,77.9
2026-07-24 00:47:03,22.4,77.9
2026-07-24 00:47:23,22.4,77.9
2026-07-24 00:47:43,22.4,77.9
2026-07-24 00:48:04,22.4,77.9
2026-07-24 00:48:24,22.4,77.8
2026-07-24 00:48:44,22.4,77.8
2026-07-24 00:49:04,22.4,77.8
2026-07-24 00:49:24,22.4,77.8
2026-07-24 00:49:44,22.4,77.8
2026-07-24 00:50:04,22.4,77.9
2026-07-24 00:50:24,22.4,77.8
2026-07-24 00:50:44,22.4,78.0
2026-07-24 00:51:04,22.3,78.0
2026-07-24 00:51:24,22.4,77.9
2026-07-24 00:51:44,22.4,78.0
2026-07-24 00:52:04,22.4,78.0
2026-07-24 00:52:24,22.4,77.9
2026-07-24 00:52:44,22.4,77.9
2026-07-24 00:53:04,22.4,77.9
2026-07-24 00:53:24,22.4,77.9
2026-07-24 00:53:44,22.4,77.8
2026-07-24 00:54:04,22.4,77.8
2026-07-24 00:54:24,22.4,77.8
2026-07-24 00:54:44,22.4,77.8
2026-07-24 00:55:04,22.4,77.7
2026-07-24 00:55:24,22.4,77.7
2026-07-24 00:55:44,22.4,77.6
2026-07-24 00:56:04,22.4,77.6
2026-07-24 00:56:24,22.4,77.7
2026-07-24 00:56:44,22.4,77.7
2026-07-24 00:57:04,22.4,77.8
2026-07-24 00:57:24,22.4,77.8
2026-07-24 00:57:44,22.4,77.8
2026-07-24 00:58:04,22.4,77.8
2026-07-24 00:58:24,22.4,77.7
2026-07-24 00:58:44,22.4,77.6
2026-07-24 00:59:04,22.5,77.6
2026-07-24 00:59:24,22.5,77.5
2026-07-24 00:59:44,22.5,77.6
2026-07-24 01:00:04,22.4,77.6
2026-07-24 01:00:24,22.5,77.5
2026-07-24 01:00:44,22.5,77.5
2026-07-24 01:01:04,22.5,77.5
2026-07-24 01:01:24,22.4,77.4
2026-07-24 01:01:44,22.4,77.4
2026-07-24 01:02:04,22.4,77.5
2026-07-24 01:02:24,22.4,77.4
2026-07-24 01:02:44,22.4,77.4
2026-07-24 01:03:04,22.4,77.5
2026-07-24 01:03:24,22.4,77.5
2026-07-24 01:03:44,22.4,77.4
2026-07-24 01:04:04,22.4,77.4
2026-07-24 01:04:24,22.5,77.4
2026-07-24 01:04:44,22.5,77.3
2026-07-24 01:05:04,22.5,77.4
2026-07-24 01:05:25,22.4,77.3
2026-07-24 01:05:45,22.5,77.3
2026-07-24 01:06:05,22.4,77.2
2026-07-24 01:06:25,22.4,77.1
2026-07-24 01:06:45,22.4,77.1
2026-07-24 01:07:05,22.4,77.0
2026-07-24 01:07:25,22.4,77.0
2026-07-24 01:07:45,22.4,76.9
2026-07-24 01:08:05,22.4,77.0
2026-07-24 01:08:25,22.3,76.9
2026-07-24 01:08:45,22.3,77.0
2026-07-24 01:09:05,22.4,77.0
2026-07-24 01:09:25,22.3,76.8
2026-07-24 01:09:45,22.3,76.7
2026-07-24 01:10:05,22.3,76.7
2026-07-24 01:10:25,22.3,76.7
2026-07-24 01:10:45,22.3,76.7
2026-07-24 01:11:05,22.3,76.7
2026-07-24 01:11:25,22.3,76.6
2026-07-24 01:11:45,22.3,76.6
2026-07-24 01:12:05,22.3,76.7
2026-07-24 01:12:25,22.3,76.6
2026-07-24 01:12:45,22.3,76.6
2026-07-24 01:13:05,22.3,76.6
2026-07-24 01:13:25,22.3,76.6
2026-07-24 01:13:45,22.3,76.6
2026-07-24 01:14:05,22.3,76.6
2026-07-24 01:14:25,22.3,76.7
2026-07-24 01:14:45,22.3,76.7
2026-07-24 01:15:05,22.3,76.6
2026-07-24 01:15:25,22.3,76.6
2026-07-24 01:15:45,22.3,76.5
2026-07-24 01:16:05,22.3,76.5
2026-07-24 01:16:25,22.3,76.5
2026-07-24 01:16:45,22.3,76.5
2026-07-24 01:17:05,22.4,76.4
2026-07-24 01:17:25,22.4,76.5
2026-07-24 01:17:45,22.3,76.3
2026-07-24 01:18:05,22.4,76.3
2026-07-24 01:18:25,22.3,76.3
2026-07-24 01:18:45,22.4,76.2
2026-07-24 01:19:05,22.4,76.2
2026-07-24 01:19:25,22.3,76.2
2026-07-24 01:19:45,22.3,76.2
2026-07-24 01:20:05,22.4,76.1
2026-07-24 01:20:25,22.3,76.1
2026-07-24 01:20:45,22.3,76.1
2026-07-24 01:21:05,22.3,76.2
2026-07-24 01:21:25,22.3,76.2
2026-07-24 01:21:45,22.3,76.1
2026-07-24 01:22:06,22.3,76.0
2026-07-24 01:22:26,22.3,76.1
2026-07-24 01:22:46,22.3,76.0
2026-07-24 01:23:06,22.3,76.1
2026-07-24 01:23:26,22.3,76.1
2026-07-24 01:23:46,22.3,76.2
2026-07-24 01:24:06,22.3,76.2
2026-07-24 01:24:26,22.3,76.2
2026-07-24 01:24:46,22.3,76.1
2026-07-24 01:25:06,22.3,76.1
2026-07-24 01:25:26,22.3,76.0
2026-07-24 01:25:46,22.3,76.0
2026-07-24 01:26:06,22.3,75.9
2026-07-24 01:26:26,22.4,76.0
2026-07-24 01:26:46,22.4,75.9
2026-07-24 01:27:06,22.4,75.7
2026-07-24 01:27:26,22.3,75.7
2026-07-24 01:27:46,22.3,75.7
2026-07-24 01:28:06,22.3,75.7
2026-07-24 01:28:26,22.3,75.7
2026-07-24 01:28:46,22.3,75.7
2026-07-24 01:29:06,22.3,75.7
2026-07-24 01:29:26,22.2,75.8
2026-07-24 01:29:46,22.3,75.8
2026-07-24 01:30:06,22.2,75.8
2026-07-24 01:30:26,22.2,75.8
2026-07-24 01:30:46,22.3,75.8
2026-07-24 01:31:06,22.3,75.7
2026-07-24 01:31:26,22.3,75.7
2026-07-24 01:31:46,22.3,75.6
2026-07-24 01:32:06,22.3,75.6
2026-07-24 01:32:26,22.3,75.5
2026-07-24 01:32:46,22.3,75.4
2026-07-24 01:33:06,22.4,75.4
2026-07-24 01:33:26,22.4,75.3
2026-07-24 01:33:46,22.4,75.3
2026-07-24 01:34:06,22.4,75.2
2026-07-24 01:34:26,22.5,75.1
2026-07-24 01:34:46,22.5,75.0
2026-07-24 01:35:06,22.5,75.1
2026-07-24 01:35:26,22.5,75.0
2026-07-24 01:35:46,22.5,75.0
2026-07-24 01:36:06,22.5,75.0
2026-07-24 01:36:26,22.5,74.9
2026-07-24 01:36:46,22.5,74.9
2026-07-24 01:37:06,22.5,74.9
2026-07-24 01:37:26,22.4,74.9
2026-07-24 01:37:46,22.4,74.9
2026-07-24 01:38:06,22.3,
2026-07-24 01:38:07,,75.1
2026-07-24 01:38:26,22.3,
2026-07-24 01:38:27,,75.1
2026-07-24 01:38:47,22.3,75.2
2026-07-24 01:39:07,22.3,75.2
2026-07-24 01:39:27,22.3,75.2
2026-07-24 01:39:47,22.3,75.3
2026-07-24 01:40:07,22.2,75.2
2026-07-24 01:40:27,22.2,75.3
2026-07-24 01:40:47,22.3,75.3
2026-07-24 01:41:07,22.3,75.4
2026-07-24 01:41:27,22.4,75.3
2026-07-24 01:41:47,22.5,75.1
2026-07-24 01:42:07,22.5,74.9
2026-07-24 01:42:27,22.5,74.8
2026-07-24 01:42:47,22.5,74.7
2026-07-24 01:43:07,22.5,74.7
2026-07-24 01:43:27,22.6,74.5
2026-07-24 01:43:47,22.6,74.4
2026-07-24 01:44:07,22.6,74.3
2026-07-24 01:44:27,22.6,74.2
2026-07-24 01:44:47,22.5,74.3
2026-07-24 01:45:07,22.5,74.3
2026-07-24 01:45:27,22.5,74.3
2026-07-24 01:45:47,22.5,74.4
2026-07-24 01:46:07,22.5,74.4
2026-07-24 01:46:27,22.4,74.5
2026-07-24 01:46:47,22.4,74.7
2026-07-24 01:47:07,22.3,74.9
2026-07-24 01:47:27,22.3,74.9
2026-07-24 01:47:47,22.3,75.1
2026-07-24 01:48:07,22.3,75.1
2026-07-24 01:48:27,22.3,75.1
2026-07-24 01:48:47,22.3,75.2
2026-07-24 01:49:07,22.3,75.2
2026-07-24 01:49:27,22.4,75.0
2026-07-24 01:49:47,22.4,75.0
2026-07-24 01:50:07,22.4,74.9
2026-07-24 01:50:27,22.4,74.9
2026-07-24 01:50:47,22.4,74.9
2026-07-24 01:51:07,22.4,74.8
2026-07-24 01:51:27,22.4,74.9
2026-07-24 01:51:47,22.3,74.9
2026-07-24 01:52:07,22.4,74.9
2026-07-24 01:52:27,22.4,75.0
2026-07-24 01:52:47,22.3,75.0
2026-07-24 01:53:07,22.3,75.0
2026-07-24 01:53:27,22.3,75.0
2026-07-24 01:53:47,22.3,75.1
2026-07-24 01:54:07,22.3,75.2
2026-07-24 01:54:27,22.3,75.2
2026-07-24 01:54:47,22.3,75.2
2026-07-24 01:55:07,22.2,75.2
2026-07-24 01:55:27,22.2,75.3
2026-07-24 01:55:48,22.2,75.3
2026-07-24 01:56:08,22.3,75.3
2026-07-24 01:56:28,22.2,75.4
2026-07-24 01:56:48,22.3,75.4
2026-07-24 01:57:08,22.3,75.4
2026-07-24 01:57:28,22.3,75.2
2026-07-24 01:57:48,22.3,75.2
2026-07-24 01:58:08,22.3,75.2
2026-07-24 01:58:28,22.3,75.2
2026-07-24 01:58:48,22.2,75.2
2026-07-24 01:59:08,22.2,75.3
2026-07-24 01:59:28,22.3,75.3
2026-07-24 01:59:48,22.2,75.4
2026-07-24 02:00:08,22.3,75.4
2026-07-24 02:00:28,22.2,75.4
2026-07-24 02:00:48,22.3,75.4
2026-07-24 02:01:08,22.3,75.4
2026-07-24 02:01:28,22.2,75.5
2026-07-24 02:01:48,22.3,75.5
2026-07-24 02:02:08,22.2,75.5
2026-07-24 02:02:28,22.2,75.6
2026-07-24 02:02:48,22.2,75.5
2026-07-24 02:03:08,22.2,75.6
2026-07-24 02:03:28,22.2,75.5
2026-07-24 02:03:48,22.2,75.5
2026-07-24 02:04:08,22.2,75.5
2026-07-24 02:04:28,22.3,75.4
2026-07-24 02:04:48,22.3,75.4
2026-07-24 02:05:08,22.3,75.5
2026-07-24 02:05:28,22.3,75.4
2026-07-24 02:05:48,22.3,75.4
2026-07-24 02:06:08,22.3,75.4
2026-07-24 02:06:28,22.3,75.5
2026-07-24 02:06:48,22.2,75.4
2026-07-24 02:07:08,22.2,75.4
2026-07-24 02:07:28,22.2,75.4
2026-07-24 02:07:48,22.3,75.4
2026-07-24 02:08:08,22.2,75.6
2026-07-24 02:08:28,22.2,75.6
2026-07-24 02:08:48,22.2,75.6
2026-07-24 02:09:08,22.2,75.7
2026-07-24 02:09:28,22.2,75.8
2026-07-24 02:09:48,22.2,75.8
2026-07-24 02:10:08,22.2,75.7
2026-07-24 02:10:28,22.2,75.8
2026-07-24 02:10:48,22.2,75.6
2026-07-24 02:11:08,22.2,75.6
2026-07-24 02:11:28,22.3,75.6
2026-07-24 02:11:48,22.3,75.5
2026-07-24 02:12:08,22.2,
2026-07-24 02:12:09,,75.5
2026-07-24 02:12:29,22.2,75.5
2026-07-24 02:12:49,22.2,75.4
2026-07-24 02:13:09,22.2,75.4
2026-07-24 02:13:29,22.2,75.4
2026-07-24 02:13:49,22.2,75.5
2026-07-24 02:14:09,22.2,75.5
2026-07-24 02:14:29,22.2,75.6
2026-07-24 02:14:49,22.2,75.6
2026-07-24 02:15:09,22.2,75.5
2026-07-24 02:15:29,22.2,75.5
2026-07-24 02:15:49,22.2,75.6
2026-07-24 02:16:09,22.2,75.6
2026-07-24 02:16:29,22.2,75.6
2026-07-24 02:16:49,22.2,75.5
2026-07-24 02:17:09,22.2,75.4
2026-07-24 02:17:29,22.2,75.4
2026-07-24 02:17:49,22.3,75.4
2026-07-24 02:18:09,22.2,75.4
2026-07-24 02:18:29,22.2,75.4
2026-07-24 02:18:49,22.2,75.4
2026-07-24 02:19:09,22.2,75.4
2026-07-24 02:19:29,22.2,75.4
2026-07-24 02:19:49,22.2,75.5
2026-07-24 02:20:09,22.2,75.5
2026-07-24 02:20:29,22.2,75.5
2026-07-24 02:20:49,22.2,75.6
2026-07-24 02:21:09,22.2,75.5
2026-07-24 02:21:29,22.2,75.6
2026-07-24 02:21:49,22.2,75.5
2026-07-24 02:22:09,22.1,75.5
2026-07-24 02:22:29,22.1,75.5
2026-07-24 02:22:49,22.2,75.6
2026-07-24 02:23:09,22.2,75.5
2026-07-24 02:23:29,22.2,75.5
2026-07-24 02:23:49,22.2,75.5
2026-07-24 02:24:09,22.2,75.5
2026-07-24 02:24:29,22.2,75.5
2026-07-24 02:24:49,22.2,75.5
2026-07-24 02:25:09,22.2,75.5
2026-07-24 02:25:29,22.2,75.5
2026-07-24 02:25:49,22.2,75.5
2026-07-24 02:26:09,22.2,75.4
2026-07-24 02:26:29,22.2,75.5
2026-07-24 02:26:49,22.2,75.5
2026-07-24 02:27:09,22.2,75.5
2026-07-24 02:27:29,22.2,75.5
2026-07-24 02:27:49,22.2,
2026-07-24 02:27:50,,75.4
2026-07-24 02:28:10,22.2,75.4
2026-07-24 02:28:30,22.2,75.3
2026-07-24 02:28:50,22.2,75.4
2026-07-24 02:29:10,22.2,75.4
2026-07-24 02:29:30,22.2,75.3
2026-07-24 02:29:50,22.2,75.4
2026-07-24 02:30:10,22.2,75.3
2026-07-24 02:30:30,22.2,75.3
2026-07-24 02:30:50,22.3,75.3
2026-07-24 02:31:10,22.3,75.2
2026-07-24 02:31:30,22.2,75.2
2026-07-24 02:31:50,22.2,75.2
2026-07-24 02:32:10,22.2,75.2
2026-07-24 02:32:30,22.2,75.3
2026-07-24 02:32:50,22.2,75.2
2026-07-24 02:33:10,22.2,75.2
2026-07-24 02:33:30,22.2,75.2
2026-07-24 02:33:50,22.2,75.3
2026-07-24 02:34:10,22.2,75.2
2026-07-24 02:34:30,22.2,75.2
2026-07-24 02:34:50,22.2,75.3
2026-07-24 02:35:10,22.2,75.2
2026-07-24 02:35:30,22.2,75.2
2026-07-24 02:35:50,22.2,75.2
2026-07-24 02:36:10,22.3,75.1
2026-07-24 02:36:30,22.3,75.1
2026-07-24 02:36:50,22.3,75.0
2026-07-24 02:37:10,22.3,75.1
2026-07-24 02:37:30,22.3,75.1
2026-07-24 02:37:50,22.3,75.0
2026-07-24 02:38:10,22.3,74.9
2026-07-24 02:38:30,22.4,74.8
2026-07-24 02:38:50,22.4,74.8
2026-07-24 02:39:10,22.4,74.7
2026-07-24 02:39:30,22.3,74.8
2026-07-24 02:39:50,22.3,74.8
2026-07-24 02:40:10,22.3,74.8
2026-07-24 02:40:30,22.3,74.8
2026-07-24 02:40:50,22.3,75.0
2026-07-24 02:41:10,22.3,74.9
2026-07-24 02:41:30,22.3,74.9
2026-07-24 02:41:50,22.3,75.0
2026-07-24 02:42:10,22.2,75.0
2026-07-24 02:42:30,22.2,75.0
2026-07-24 02:42:50,22.2,75.0
2026-07-24 02:43:10,22.2,75.0
2026-07-24 02:43:31,22.2,75.0
2026-07-24 02:43:51,22.2,75.0
2026-07-24 02:44:11,22.2,75.0
2026-07-24 02:44:31,22.2,75.0
2026-07-24 02:44:51,22.1,75.1
2026-07-24 02:45:11,22.1,75.2
2026-07-24 02:45:31,22.1,75.2
2026-07-24 02:45:51,22.2,75.2
2026-07-24 02:46:11,22.2,75.1
2026-07-24 02:46:31,22.2,75.1
2026-07-24 02:46:51,22.2,75.1
2026-07-24 02:47:11,22.2,75.1
2026-07-24 02:47:31,22.2,75.0
2026-07-24 02:47:51,22.2,75.1
2026-07-24 02:48:11,22.2,75.0
2026-07-24 02:48:31,22.2,75.1
2026-07-24 02:48:51,22.2,75.1
2026-07-24 02:49:11,22.2,75.1
2026-07-24 02:49:31,22.2,75.1
2026-07-24 02:49:51,22.2,75.1
2026-07-24 02:50:11,22.1,75.1
2026-07-24 02:50:31,22.1,75.1
2026-07-24 02:50:51,22.1,75.1
2026-07-24 02:51:11,22.1,75.0
2026-07-24 02:51:31,22.1,75.1
2026-07-24 02:51:51,22.2,75.1
2026-07-24 02:52:11,22.2,75.2
2026-07-24 02:52:31,22.3,75.1
2026-07-24 02:52:51,22.3,75.0
2026-07-24 02:53:11,22.2,74.9
2026-07-24 02:53:31,22.2,74.9
2026-07-24 02:53:51,22.2,74.8
2026-07-24 02:54:11,22.2,74.8
2026-07-24 02:54:31,22.2,74.8
2026-07-24 02:54:51,22.2,74.8
2026-07-24 02:55:11,22.2,74.8
2026-07-24 02:55:31,22.2,74.7
2026-07-24 02:55:51,22.2,74.7
2026-07-24 02:56:11,22.2,74.7
2026-07-24 02:56:31,22.2,74.7
2026-07-24 02:56:51,22.1,74.7
2026-07-24 02:57:11,22.1,74.7
2026-07-24 02:57:31,22.2,74.8
2026-07-24 02:57:51,22.2,74.8
2026-07-24 02:58:11,22.2,74.6
2026-07-24 02:58:31,22.2,74.6
2026-07-24 02:58:51,22.3,74.6
2026-07-24 02:59:11,22.3,74.6
2026-07-24 02:59:31,22.3,74.5
2026-07-24 02:59:51,22.3,
2026-07-24 02:59:52,,74.4
2026-07-24 03:00:12,22.3,74.3
2026-07-24 03:00:32,22.3,74.3
2026-07-24 03:00:52,22.3,74.2
2026-07-24 03:01:12,22.3,74.1
2026-07-24 03:01:32,22.3,74.1
2026-07-24 03:01:52,22.2,74.2
2026-07-24 03:02:12,22.2,74.2
2026-07-24 03:02:32,22.2,74.2
2026-07-24 03:02:52,22.2,74.3
2026-07-24 03:03:12,22.2,74.2
2026-07-24 03:03:32,22.2,74.3
2026-07-24 03:03:52,22.1,74.3
2026-07-24 03:04:12,22.2,74.3
2026-07-24 03:04:32,22.1,74.3
2026-07-24 03:04:52,22.1,74.3
2026-07-24 03:05:12,22.1,74.3
2026-07-24 03:05:32,22.1,74.4
2026-07-24 03:05:52,22.1,74.4
2026-07-24 03:06:12,22.1,74.4
2026-07-24 03:06:32,22.0,74.5
2026-07-24 03:06:52,22.1,74.5
2026-07-24 03:07:12,22.1,74.5
2026-07-24 03:07:32,22.0,74.6
2026-07-24 03:07:52,22.1,74.6
2026-07-24 03:08:12,22.1,74.6
2026-07-24 03:08:32,22.1,74.5
2026-07-24 03:08:52,22.1,74.5
2026-07-24 03:09:12,22.1,74.5
2026-07-24 03:09:32,22.1,74.5
2026-07-24 03:09:52,22.1,74.5
2026-07-24 03:10:12,22.1,74.5
2026-07-24 03:10:32,22.1,74.4
2026-07-24 03:10:52,22.1,74.4
2026-07-24 03:11:12,22.1,74.3
2026-07-24 03:11:32,22.1,74.3
2026-07-24 03:11:52,22.1,74.4
2026-07-24 03:12:12,22.1,74.4
2026-07-24 03:12:32,22.1,74.4
2026-07-24 03:12:52,22.0,74.4
2026-07-24 03:13:12,22.0,74.4
2026-07-24 03:13:32,22.0,74.5
2026-07-24 03:13:52,22.0,74.5
2026-07-24 03:14:12,22.0,74.5
2026-07-24 03:14:32,22.1,74.5
2026-07-24 03:14:52,22.1,74.5
2026-07-24 03:15:12,22.1,74.4
2026-07-24 03:15:32,22.0,74.4
2026-07-24 03:15:52,22.0,74.4
2026-07-24 03:16:12,22.0,74.5
2026-07-24 03:16:33,22.0,74.5
2026-07-24 03:16:53,22.0,74.4
2026-07-24 03:17:13,22.0,74.4
2026-07-24 03:17:33,22.0,74.6
2026-07-24 03:17:53,22.0,74.5
2026-07-24 03:18:13,22.0,74.6
2026-07-24 03:18:33,22.0,74.5
2026-07-24 03:18:53,22.0,74.5
2026-07-24 03:19:13,22.0,74.6
2026-07-24 03:19:33,22.0,74.6
2026-07-24 03:19:53,22.1,74.5
2026-07-24 03:20:13,22.1,74.5
2026-07-24 03:20:33,22.1,74.4
2026-07-24 03:20:53,22.1,74.4
2026-07-24 03:21:13,22.1,74.3
2026-07-24 03:21:33,22.1,74.3
2026-07-24 03:21:53,22.1,74.2
2026-07-24 03:22:13,22.1,74.3
2026-07-24 03:22:33,22.1,74.2
2026-07-24 03:22:53,22.1,74.2
2026-07-24 03:23:13,22.1,74.2
2026-07-24 03:23:33,22.1,74.2
2026-07-24 03:23:53,22.1,74.2
2026-07-24 03:24:13,22.1,74.2
2026-07-24 03:24:33,22.1,74.2
2026-07-24 03:24:53,22.1,74.3
2026-07-24 03:25:13,22.2,74.2
2026-07-24 03:25:33,22.1,74.1
2026-07-24 03:25:53,22.1,74.1
2026-07-24 03:26:13,22.1,74.1
2026-07-24 03:26:33,22.1,74.1
2026-07-24 03:26:53,22.1,74.1
2026-07-24 03:27:13,22.1,74.2
2026-07-24 03:27:33,22.1,74.2
2026-07-24 03:27:53,22.1,74.3
2026-07-24 03:28:13,22.1,74.3
2026-07-24 03:28:33,22.1,74.3
2026-07-24 03:28:53,22.1,74.3
2026-07-24 03:29:13,22.0,74.3
2026-07-24 03:29:33,22.0,74.4
2026-07-24 03:29:53,22.0,74.4
2026-07-24 03:30:13,22.1,74.4
2026-07-24 03:30:33,22.0,74.4
2026-07-24 03:30:53,22.0,74.5
2026-07-24 03:31:13,22.0,74.4
2026-07-24 03:31:33,22.0,74.5
2026-07-24 03:31:53,22.0,74.4
2026-07-24 03:32:13,22.0,74.4
2026-07-24 03:32:33,22.0,74.4
2026-07-24 03:32:54,22.0,74.5
2026-07-24 03:33:14,22.0,74.5
2026-07-24 03:33:34,22.0,74.5
2026-07-24 03:33:54,22.0,74.4
2026-07-24 03:34:14,22.1,74.4
2026-07-24 03:34:34,22.1,74.4
2026-07-24 03:34:54,22.1,74.4
2026-07-24 03:35:14,22.1,74.4
2026-07-24 03:35:34,22.1,74.4
2026-07-24 03:35:54,22.1,74.4
2026-07-24 03:36:14,22.1,74.4
2026-07-24 03:36:34,22.1,74.4
2026-07-24 03:36:54,22.1,74.3
2026-07-24 03:37:14,22.1,74.4
2026-07-24 03:37:34,22.1,74.4
2026-07-24 03:37:54,22.0,74.5
2026-07-24 03:38:14,22.0,74.5
2026-07-24 03:38:34,22.0,74.5
2026-07-24 03:38:54,22.0,74.5
2026-07-24 03:39:14,22.0,74.5
2026-07-24 03:39:34,22.0,74.5
2026-07-24 03:39:54,22.0,74.4
2026-07-24 03:40:14,22.0,74.5
2026-07-24 03:40:34,22.0,74.6
2026-07-24 03:40:54,22.0,74.6
2026-07-24 03:41:14,22.1,74.5
2026-07-24 03:41:34,22.1,74.5
2026-07-24 03:41:54,22.1,74.4
2026-07-24 03:42:14,22.1,74.4
2026-07-24 03:42:34,22.1,74.4
2026-07-24 03:42:54,22.1,74.3
2026-07-24 03:43:14,22.1,74.4
2026-07-24 03:43:34,22.1,74.4
2026-07-24 03:43:54,22.1,74.3
2026-07-24 03:44:14,22.1,74.4
2026-07-24 03:44:34,22.1,74.3
2026-07-24 03:44:54,22.2,74.2
2026-07-24 03:45:14,22.1,74.3
2026-07-24 03:45:34,22.1,74.2
2026-07-24 03:45:54,22.1,74.2
2026-07-24 03:46:14,22.1,74.3
2026-07-24 03:46:34,22.1,74.3
2026-07-24 03:46:54,22.1,74.4
2026-07-24 03:47:14,22.1,74.4
2026-07-24 03:47:34,22.0,74.5
2026-07-24 03:47:54,22.0,74.5
2026-07-24 03:48:14,22.0,74.5
2026-07-24 03:48:34,22.0,74.5
2026-07-24 03:48:54,22.0,74.5
2026-07-24 03:49:14,22.0,74.5
2026-07-24 03:49:34,22.0,74.5
2026-07-24 03:49:54,22.1,74.6
2026-07-24 03:50:14,22.0,
2026-07-24 03:50:15,,74.5
2026-07-24 03:50:35,22.0,74.5
2026-07-24 03:50:55,22.0,74.4
2026-07-24 03:51:15,22.0,74.5
2026-07-24 03:51:35,22.0,74.5
2026-07-24 03:51:55,22.0,74.5
2026-07-24 03:52:15,22.0,74.5
2026-07-24 03:52:35,22.0,74.5
2026-07-24 03:52:55,22.0,74.5
2026-07-24 03:53:15,22.0,74.5
2026-07-24 03:53:35,22.0,74.5
2026-07-24 03:53:55,22.0,74.5
2026-07-24 03:54:15,22.0,74.4
2026-07-24 03:54:35,22.1,74.4
2026-07-24 03:54:55,22.1,74.4
2026-07-24 03:55:15,22.1,74.3
2026-07-24 03:55:35,22.1,74.4
2026-07-24 03:55:55,22.1,74.3
2026-07-24 03:56:15,22.1,74.3
2026-07-24 03:56:35,22.1,74.2
2026-07-24 03:56:55,22.1,74.2
2026-07-24 03:57:15,22.1,74.1
2026-07-24 03:57:35,22.1,74.1
2026-07-24 03:57:55,22.2,74.1
2026-07-24 03:58:15,22.2,74.1
2026-07-24 03:58:35,22.2,74.1
2026-07-24 03:58:55,22.2,74.1
2026-07-24 03:59:15,22.1,74.1
2026-07-24 03:59:35,22.2,74.2
2026-07-24 03:59:55,22.2,74.1
2026-07-24 04:00:15,22.1,74.1
2026-07-24 04:00:35,22.1,74.2
2026-07-24 04:00:55,22.1,74.1
2026-07-24 04:01:15,22.1,74.1
2026-07-24 04:01:35,22.1,74.1
2026-07-24 04:01:55,22.1,74.1
2026-07-24 04:02:15,22.1,74.1
2026-07-24 04:02:35,22.1,74.2
2026-07-24 04:02:55,22.0,74.2
2026-07-24 04:03:15,22.0,74.2
2026-07-24 04:03:35,22.0,74.2
2026-07-24 04:03:55,22.0,74.3
2026-07-24 04:04:15,22.0,74.3
2026-07-24 04:04:35,22.0,74.3
2026-07-24 04:04:55,22.0,74.3
2026-07-24 04:05:15,22.1,74.3
2026-07-24 04:05:35,22.0,74.2
2026-07-24 04:05:55,22.1,74.2
2026-07-24 04:06:15,22.1,74.3
2026-07-24 04:06:35,22.0,74.2
2026-07-24 04:06:55,22.0,74.3
2026-07-24 04:07:15,22.0,74.2
2026-07-24 04:07:35,22.0,
2026-07-24 04:07:36,,74.2
2026-07-24 04:07:56,22.0,74.3
2026-07-24 04:08:16,22.0,74.2
2026-07-24 04:08:36,22.0,74.2
2026-07-24 04:08:56,22.0,74.2
2026-07-24 04:09:16,22.0,74.3
2026-07-24 04:09:36,22.0,74.2
2026-07-24 04:09:56,22.1,74.2
2026-07-24 04:10:16,22.0,74.3
2026-07-24 04:10:36,22.1,74.3
2026-07-24 04:10:56,22.1,74.2
2026-07-24 04:11:16,22.2,74.2
2026-07-24 04:11:36,22.1,74.1
2026-07-24 04:11:56,22.1,74.0
2026-07-24 04:12:16,22.2,73.9
2026-07-24 04:12:36,22.1,73.9
2026-07-24 04:12:56,22.1,73.9
2026-07-24 04:13:16,22.1,73.9
2026-07-24 04:13:36,22.1,74.0
2026-07-24 04:13:56,22.1,73.9
2026-07-24 04:14:16,22.1,74.0
2026-07-24 04:14:36,22.0,74.0
2026-07-24 04:14:56,22.0,74.1
2026-07-24 04:15:16,22.0,74.1
2026-07-24 04:15:36,22.0,74.1
2026-07-24 04:15:56,22.0,74.1
2026-07-24 04:16:16,22.1,74.0
2026-07-24 04:16:36,22.1,74.1
2026-07-24 04:16:56,22.1,74.1
2026-07-24 04:17:16,22.1,74.1
2026-07-24 04:17:36,22.1,74.0
2026-07-24 04:17:56,22.1,74.0
2026-07-24 04:18:16,22.1,73.9
2026-07-24 04:18:36,22.1,73.9
2026-07-24 04:18:56,22.1,73.9
2026-07-24 04:19:16,22.1,73.9
2026-07-24 04:19:36,22.0,73.9
2026-07-24 04:19:56,22.0,73.9
2026-07-24 04:20:18,22.1,73.9
2026-07-24 04:20:36,22.1,73.8
2026-07-24 04:20:56,22.0,73.7
2026-07-24 04:21:16,22.0,73.7
2026-07-24 04:21:36,22.1,73.7
2026-07-24 04:21:56,22.1,73.7
2026-07-24 04:22:16,22.0,73.7
2026-07-24 04:22:36,22.1,73.7
2026-07-24 04:22:56,22.1,73.8
2026-07-24 04:23:16,22.1,73.7
2026-07-24 04:23:36,22.1,73.6
2026-07-24 04:23:56,22.1,73.6
2026-07-24 04:24:16,22.1,73.7
2026-07-24 04:24:36,22.1,73.6
2026-07-24 04:24:56,22.1,
2026-07-24 04:24:57,,73.6
2026-07-24 04:25:17,22.1,73.6
2026-07-24 04:25:37,22.1,73.5
2026-07-24 04:25:57,22.1,73.5
2026-07-24 04:26:17,22.1,73.5
2026-07-24 04:26:37,22.1,73.4
2026-07-24 04:26:57,22.1,73.3
2026-07-24 04:27:17,22.1,73.3
2026-07-24 04:27:37,22.1,73.2
2026-07-24 04:27:57,22.1,73.1
2026-07-24 04:28:17,22.1,73.1
2026-07-24 04:28:37,22.1,73.2
2026-07-24 04:28:57,22.0,73.3
2026-07-24 04:29:17,22.0,73.2
2026-07-24 04:29:37,22.0,73.3
2026-07-24 04:29:57,22.0,73.3
2026-07-24 04:30:17,22.1,73.3
2026-07-24 04:30:37,22.0,73.2
2026-07-24 04:30:57,22.0,73.1
2026-07-24 04:31:17,22.0,73.2
2026-07-24 04:31:37,22.0,73.2
2026-07-24 04:31:57,22.0,73.2
2026-07-24 04:32:17,22.0,73.2
2026-07-24 04:32:37,21.9,73.2
2026-07-24 04:32:57,21.9,73.1
2026-07-24 04:33:17,21.9,73.2
2026-07-24 04:33:37,21.9,73.3
2026-07-24 04:33:57,21.9,73.2
2026-07-24 04:34:17,21.9,73.2
2026-07-24 04:34:37,21.9,73.2
2026-07-24 04:34:57,21.8,73.2
2026-07-24 04:35:17,21.8,73.3
2026-07-24 04:35:37,21.9,73.2
2026-07-24 04:35:57,21.9,73.2
2026-07-24 04:36:17,21.9,73.2
2026-07-24 04:36:37,21.9,73.2
2026-07-24 04:36:57,21.9,73.1
2026-07-24 04:37:17,21.9,73.0
2026-07-24 04:37:37,21.9,72.8
2026-07-24 04:37:57,21.9,72.8
2026-07-24 04:38:17,21.9,72.8
2026-07-24 04:38:37,21.9,72.8
2026-07-24 04:38:57,21.9,72.8
2026-07-24 04:39:17,21.9,72.7
2026-07-24 04:39:37,21.9,72.6
2026-07-24 04:39:57,21.9,72.6
2026-07-24 04:40:17,21.9,72.6
2026-07-24 04:40:37,21.9,72.5
2026-07-24 04:40:57,21.9,72.6
2026-07-24 04:41:17,21.9,72.6
2026-07-24 04:41:37,21.9,72.6
2026-07-24 04:41:57,21.9,72.5
2026-07-24 04:42:17,21.9,
2026-07-24 04:42:18,,72.5
2026-07-24 04:42:38,21.9,72.6
2026-07-24 04:42:58,21.9,72.6
2026-07-24 04:43:18,21.9,72.7
2026-07-24 04:43:38,21.9,72.6
2026-07-24 04:43:58,21.9,72.5
2026-07-24 04:44:18,21.9,72.4
2026-07-24 04:44:38,21.9,72.4
2026-07-24 04:44:58,21.9,72.4
2026-07-24 04:45:18,21.9,72.5
2026-07-24 04:45:38,21.9,72.4
2026-07-24 04:45:58,21.9,72.5
2026-07-24 04:46:18,21.9,72.4
2026-07-24 04:46:38,21.9,72.4
2026-07-24 04:46:58,21.9,72.3
2026-07-24 04:47:18,21.9,72.4
2026-07-24 04:47:38,21.9,72.5
2026-07-24 04:47:58,21.9,72.4
2026-07-24 04:48:18,22.0,72.3
2026-07-24 04:48:38,21.9,72.3
2026-07-24 04:48:58,21.9,72.3
2026-07-24 04:49:18,21.9,72.4
2026-07-24 04:49:38,22.0,72.2
2026-07-24 04:49:58,22.0,72.2
2026-07-24 04:50:18,22.0,72.1
2026-07-24 04:50:38,22.0,72.1
2026-07-24 04:50:58,22.0,72.1
2026-07-24 04:51:18,22.0,72.0
2026-07-24 04:51:38,22.0,72.0
2026-07-24 04:51:58,22.0,71.9
2026-07-24 04:52:18,21.9,71.8
2026-07-24 04:52:38,21.9,71.9
2026-07-24 04:52:58,21.9,71.9
2026-07-24 04:53:18,21.9,71.9
2026-07-24 04:53:38,21.9,71.9
2026-07-24 04:53:58,21.9,71.8
2026-07-24 04:54:18,21.9,71.8
2026-07-24 04:54:38,21.9,71.7
2026-07-24 04:54:58,21.9,71.7
2026-07-24 04:55:18,21.9,71.8
2026-07-24 04:55:38,21.8,71.8
2026-07-24 04:55:58,21.8,71.8
2026-07-24 04:56:18,21.9,71.9
2026-07-24 04:56:38,21.9,71.8
2026-07-24 04:56:58,21.8,71.7
2026-07-24 04:57:18,21.9,71.7
2026-07-24 04:57:38,21.9,71.7
2026-07-24 04:57:58,21.8,71.6
2026-07-24 04:58:18,21.8,71.7
2026-07-24 04:58:39,21.8,71.6
2026-07-24 04:58:59,21.8,71.6
2026-07-24 04:59:19,21.8,71.6
2026-07-24 04:59:39,21.8,71.6
2026-07-24 04:59:59,21.8,71.6
2026-07-24 05:00:19,21.8,71.7
2026-07-24 05:00:39,21.8,71.7
2026-07-24 05:00:59,21.8,71.7
2026-07-24 05:01:19,21.8,71.6
2026-07-24 05:01:39,21.8,71.6
2026-07-24 05:01:59,21.8,71.5
2026-07-24 05:02:19,21.8,71.6
2026-07-24 05:02:39,21.8,71.5
2026-07-24 05:02:59,21.8,71.5
2026-07-24 05:03:19,21.8,71.5
2026-07-24 05:03:39,21.8,71.4
2026-07-24 05:03:59,21.8,71.4
2026-07-24 05:04:19,21.8,71.4
2026-07-24 05:04:39,21.8,71.5
2026-07-24 05:04:59,21.8,71.5
2026-07-24 05:05:19,21.8,71.4
2026-07-24 05:05:39,21.8,71.5
2026-07-24 05:05:59,21.8,71.4
2026-07-24 05:06:19,21.8,71.4
2026-07-24 05:06:39,21.8,71.4
2026-07-24 05:06:59,21.8,71.4
2026-07-24 05:07:19,21.8,71.3
2026-07-24 05:07:39,21.8,71.4
2026-07-24 05:07:59,21.8,71.4
2026-07-24 05:08:19,21.8,71.2
2026-07-24 05:08:39,21.8,71.2
2026-07-24 05:08:59,21.8,71.1
2026-07-24 05:09:19,21.8,71.1
2026-07-24 05:09:39,21.8,71.2
2026-07-24 05:09:59,21.8,71.2
2026-07-24 05:10:19,21.8,71.3
2026-07-24 05:10:39,21.8,71.2
2026-07-24 05:10:59,21.8,71.2
2026-07-24 05:11:19,21.8,71.1
2026-07-24 05:11:39,21.8,71.1
2026-07-24 05:11:59,21.8,71.1
2026-07-24 05:12:19,21.8,71.2
2026-07-24 05:12:39,21.9,71.1
2026-07-24 05:12:59,21.9,71.1
2026-07-24 05:13:19,21.9,71.0
2026-07-24 05:13:39,21.9,70.9
2026-07-24 05:13:59,21.9,70.8
2026-07-24 05:14:19,21.9,70.8
2026-07-24 05:14:39,21.8,70.9
2026-07-24 05:14:59,21.8,70.9
2026-07-24 05:15:20,21.8,70.9
2026-07-24 05:15:40,21.8,70.9
2026-07-24 05:16:00,21.8,70.9
2026-07-24 05:16:20,21.9,71.0
2026-07-24 05:16:40,21.8,70.9
2026-07-24 05:17:00,21.9,70.8
2026-07-24 05:17:20,21.8,70.8
2026-07-24 05:17:40,21.8,70.9
2026-07-24 05:18:00,21.8,70.9
2026-07-24 05:18:20,21.8,70.8
2026-07-24 05:18:40,21.8,70.9
2026-07-24 05:19:00,21.8,70.9
2026-07-24 05:19:20,21.8,70.8
2026-07-24 05:19:40,21.8,70.8
2026-07-24 05:20:00,21.8,70.9
2026-07-24 05:20:20,21.8,70.9
2026-07-24 05:20:40,21.8,70.9
2026-07-24 05:21:00,21.8,70.8
2026-07-24 05:21:20,21.9,70.9
2026-07-24 05:21:40,21.9,70.8
2026-07-24 05:22:00,21.9,70.7
2026-07-24 05:22:20,21.9,70.7
2026-07-24 05:22:40,21.9,70.8
2026-07-24 05:23:00,21.9,70.7
2026-07-24 05:23:20,21.9,70.8
2026-07-24 05:23:40,21.9,70.8
2026-07-24 05:24:00,21.8,70.9
2026-07-24 05:24:20,21.8,70.9
2026-07-24 05:24:40,21.8,70.9
2026-07-24 05:25:00,21.8,71.0
2026-07-24 05:25:20,21.8,71.0
2026-07-24 05:25:40,21.8,71.0
2026-07-24 05:26:00,21.8,71.1
2026-07-24 05:26:20,21.9,71.1
2026-07-24 05:26:40,21.8,71.0
2026-07-24 05:27:00,21.8,71.0
2026-07-24 05:27:20,21.8,71.0
2026-07-24 05:27:40,21.8,71.1
2026-07-24 05:28:00,21.8,71.2
2026-07-24 05:28:20,21.8,71.2
2026-07-24 05:28:40,21.8,71.2
2026-07-24 05:29:00,21.8,71.2
2026-07-24 05:29:20,21.9,71.2
2026-07-24 05:29:40,21.8,71.1
2026-07-24 05:30:00,21.8,71.2
2026-07-24 05:30:20,21.9,71.2
2026-07-24 05:30:40,21.9,71.2
2026-07-24 05:31:00,21.9,71.3
2026-07-24 05:31:20,21.9,71.4
2026-07-24 05:31:40,21.9,71.3
2026-07-24 05:32:00,21.9,71.4
2026-07-24 05:32:20,21.9,71.3
2026-07-24 05:32:41,21.9,71.4
2026-07-24 05:33:01,21.9,71.3
2026-07-24 05:33:21,21.9,71.4
2026-07-24 05:33:41,21.8,71.5
2026-07-24 05:34:01,21.8,71.5
2026-07-24 05:34:21,21.8,71.6
2026-07-24 05:34:41,21.8,71.6
2026-07-24 05:35:01,21.8,71.7
2026-07-24 05:35:21,21.8,71.7
2026-07-24 05:35:41,21.8,71.8
2026-07-24 05:36:01,21.8,71.7
2026-07-24 05:36:21,21.8,71.7
2026-07-24 05:36:41,21.8,71.8
2026-07-24 05:37:01,21.8,71.8
2026-07-24 05:37:21,21.8,71.9
2026-07-24 05:37:41,21.8,71.9
2026-07-24 05:38:01,21.8,72.0
2026-07-24 05:38:21,21.8,72.1
2026-07-24 05:38:41,21.8,72.0
2026-07-24 05:39:01,21.8,72.0
2026-07-24 05:39:21,21.8,72.1
2026-07-24 05:39:41,21.8,72.2
2026-07-24 05:40:01,21.8,72.1
2026-07-24 05:40:21,21.8,72.1
2026-07-24 05:40:41,21.8,72.2
2026-07-24 05:41:01,21.8,72.2
2026-07-24 05:41:21,21.8,72.2
2026-07-24 05:41:41,21.7,72.3
2026-07-24 05:42:01,21.7,72.4
2026-07-24 05:42:21,21.8,72.3
2026-07-24 05:42:41,21.7,72.4
2026-07-24 05:43:01,21.7,72.4
2026-07-24 05:43:21,21.8,72.5
2026-07-24 05:43:41,21.7,72.5
2026-07-24 05:44:01,21.8,72.5
2026-07-24 05:44:21,21.8,72.4
2026-07-24 05:44:41,21.8,72.5
2026-07-24 05:45:01,21.7,72.5
2026-07-24 05:45:21,21.8,72.6
2026-07-24 05:45:41,21.7,72.6
2026-07-24 05:46:01,21.7,72.6
2026-07-24 05:46:21,21.7,72.6
2026-07-24 05:46:41,21.7,72.6
2026-07-24 05:47:01,21.7,72.6
2026-07-24 05:47:21,21.7,72.6
2026-07-24 05:47:41,21.7,72.6
2026-07-24 05:48:01,21.7,72.6
2026-07-24 05:48:21,21.7,72.6
2026-07-24 05:48:41,21.8,72.5
2026-07-24 05:49:01,21.8,72.5
2026-07-24 05:49:21,21.8,72.4
2026-07-24 05:49:41,21.7,72.4
2026-07-24 05:50:01,21.7,
2026-07-24 05:50:02,,72.4
2026-07-24 05:50:22,21.8,72.4
2026-07-24 05:50:42,21.8,72.4
2026-07-24 05:51:02,21.7,72.5
2026-07-24 05:51:22,21.8,72.6
2026-07-24 05:51:42,21.8,72.6
2026-07-24 05:52:02,21.8,72.5
2026-07-24 05:52:22,21.8,72.4
2026-07-24 05:52:42,21.8,72.4
2026-07-24 05:53:02,21.8,72.5
2026-07-24 05:53:22,21.7,72.5
2026-07-24 05:53:42,21.7,72.5
2026-07-24 05:54:02,21.7,72.5
2026-07-24 05:54:22,21.7,72.4
2026-07-24 05:54:42,21.7,72.5
2026-07-24 05:55:02,21.7,72.4
2026-07-24 05:55:22,21.7,72.4
2026-07-24 05:55:42,21.7,72.4
2026-07-24 05:56:02,21.7,72.3
2026-07-24 05:56:22,21.8,72.4
2026-07-24 05:56:42,21.7,72.4
2026-07-24 05:57:02,21.7,72.3
2026-07-24 05:57:22,21.7,72.4
2026-07-24 05:57:42,21.7,72.3
2026-07-24 05:58:02,21.7,72.4
2026-07-24 05:58:22,21.7,72.3
2026-07-24 05:58:42,21.7,72.2
2026-07-24 05:59:02,21.7,72.2
2026-07-24 05:59:22,21.7,72.1
2026-07-24 05:59:42,21.7,72.1
2026-07-24 06:00:02,21.7,72.0
2026-07-24 06:00:22,21.7,72.0
2026-07-24 06:00:42,21.7,72.0
2026-07-24 06:01:02,21.7,72.0
2026-07-24 06:01:22,21.7,72.0
2026-07-24 06:01:42,21.7,72.0
2026-07-24 06:02:02,21.6,72.0
2026-07-24 06:02:22,21.6,72.0
2026-07-24 06:02:42,21.7,72.1
2026-07-24 06:03:02,21.7,72.1
2026-07-24 06:03:22,21.7,72.0
2026-07-24 06:03:42,21.7,72.0
2026-07-24 06:04:02,21.7,71.9
2026-07-24 06:04:22,21.7,71.8
2026-07-24 06:04:42,21.7,71.7
2026-07-24 06:05:02,21.7,71.7
2026-07-24 06:05:22,21.7,71.7
2026-07-24 06:05:42,21.7,71.7
2026-07-24 06:06:02,21.7,71.7
2026-07-24 06:06:22,21.7,71.7
2026-07-24 06:06:42,21.7,71.7
2026-07-24 06:07:02,21.7,71.7
2026-07-24 06:07:23,21.7,71.8
2026-07-24 06:07:43,21.7,71.7
2026-07-24 06:08:03,21.7,71.8
2026-07-24 06:08:23,21.7,71.7
2026-07-24 06:08:43,21.7,71.5
2026-07-24 06:09:03,21.7,71.5
2026-07-24 06:09:23,21.7,71.6
2026-07-24 06:09:43,21.7,71.6
2026-07-24 06:10:03,21.7,71.7
2026-07-24 06:10:23,21.7,71.5
2026-07-24 06:10:43,21.7,71.5
2026-07-24 06:11:03,21.7,71.5
2026-07-24 06:11:23,21.7,71.5
2026-07-24 06:11:43,21.7,71.5
2026-07-24 06:12:03,21.7,71.5
2026-07-24 06:12:23,21.7,71.5
2026-07-24 06:12:43,21.7,71.5
2026-07-24 06:13:03,21.7,71.5
2026-07-24 06:13:23,21.7,71.5
2026-07-24 06:13:43,21.7,71.5
2026-07-24 06:14:03,21.6,71.5
2026-07-24 06:14:23,21.7,71.5
2026-07-24 06:14:43,21.7,71.6
2026-07-24 06:15:03,21.7,71.6
2026-07-24 06:15:23,21.7,71.5
2026-07-24 06:15:43,21.7,71.5
2026-07-24 06:16:03,21.7,71.4
2026-07-24 06:16:23,21.7,71.4
2026-07-24 06:16:43,21.7,71.4
2026-07-24 06:17:03,21.7,71.4
2026-07-24 06:17:23,21.7,71.4
2026-07-24 06:17:43,21.7,71.4
2026-07-24 06:18:03,21.7,71.2
2026-07-24 06:18:23,21.7,71.3
2026-07-24 06:18:43,21.7,71.2
2026-07-24 06:19:03,21.7,71.2
2026-07-24 06:19:23,21.7,71.1
2026-07-24 06:19:43,21.7,71.0
2026-07-24 06:20:03,21.7,71.1
2026-07-24 06:20:23,21.7,71.0
2026-07-24 06:20:43,21.7,71.0
2026-07-24 06:21:03,21.7,71.0
2026-07-24 06:21:23,21.7,70.9
2026-07-24 06:21:43,21.8,70.8
2026-07-24 06:22:03,21.7,70.8
2026-07-24 06:22:23,21.7,70.8
2026-07-24 06:22:43,21.7,70.8
2026-07-24 06:23:03,21.8,70.8
2026-07-24 06:23:23,21.7,70.8
2026-07-24 06:23:43,21.7,70.7
2026-07-24 06:24:03,21.7,70.6
2026-07-24 06:24:23,21.7,70.6
2026-07-24 06:24:44,21.7,70.6
2026-07-24 06:25:04,21.7,70.6
2026-07-24 06:25:24,21.7,70.6
2026-07-24 06:25:44,21.7,70.5
2026-07-24 06:26:04,21.7,70.5
2026-07-24 06:26:24,21.7,70.4
2026-07-24 06:26:44,21.7,70.4
2026-07-24 06:27:04,21.7,70.4
2026-07-24 06:27:24,21.7,70.5
2026-07-24 06:27:44,21.7,70.4
2026-07-24 06:28:04,21.7,70.4
2026-07-24 06:28:24,21.7,70.4
2026-07-24 06:28:44,21.8,70.3
2026-07-24 06:29:04,21.8,70.2
2026-07-24 06:29:24,21.8,70.2
2026-07-24 06:29:44,21.7,70.2
2026-07-24 06:30:04,21.7,70.2
2026-07-24 06:30:24,21.7,70.2
2026-07-24 06:30:44,21.7,70.0
2026-07-24 06:31:04,21.8,69.9
2026-07-24 06:31:24,21.7,69.8
2026-07-24 06:31:44,21.7,69.7
2026-07-24 06:32:04,21.8,69.7
2026-07-24 06:32:24,21.8,69.6
2026-07-24 06:32:44,21.7,69.6
2026-07-24 06:33:04,21.8,69.5
2026-07-24 06:33:24,21.7,69.4
2026-07-24 06:33:44,21.8,69.4
2026-07-24 06:34:04,21.8,69.3
2026-07-24 06:34:24,21.8,69.3
2026-07-24 06:34:44,21.8,69.2
2026-07-24 06:35:04,21.8,69.2
2026-07-24 06:35:24,21.8,69.1
2026-07-24 06:35:44,21.8,69.0
2026-07-24 06:36:04,21.8,68.9
2026-07-24 06:36:24,21.8,68.9
2026-07-24 06:36:44,21.8,68.8
2026-07-24 06:37:04,21.8,68.8
2026-07-24 06:37:24,21.9,68.7
2026-07-24 06:37:44,21.9,68.7
2026-07-24 06:38:04,21.9,68.6
2026-07-24 06:38:24,21.9,68.5
2026-07-24 06:38:44,21.9,68.4
2026-07-24 06:39:04,21.9,68.4
2026-07-24 06:39:24,21.9,68.3
2026-07-24 06:39:44,21.9,68.4
2026-07-24 06:40:04,21.8,68.3
2026-07-24 06:40:24,21.8,68.2
2026-07-24 06:40:44,21.8,68.3
2026-07-24 06:41:04,21.8,68.3
2026-07-24 06:41:24,21.9,68.4
2026-07-24 06:41:44,21.8,68.3
2026-07-24 06:42:05,21.9,68.2
2026-07-24 06:42:25,21.9,68.2
2026-07-24 06:42:45,21.9,68.4
2026-07-24 06:43:05,21.9,68.3
2026-07-24 06:43:25,21.9,68.3
2026-07-24 06:43:45,21.9,68.2
2026-07-24 06:44:05,21.9,68.1
2026-07-24 06:44:25,21.9,68.0
2026-07-24 06:44:45,21.9,68.2
2026-07-24 06:45:05,21.9,68.1
2026-07-24 06:45:25,21.9,68.0
2026-07-24 06:45:45,21.9,67.9
2026-07-24 06:46:05,21.9,67.9
2026-07-24 06:46:25,21.9,67.9
2026-07-24 06:46:45,21.9,68.0
2026-07-24 06:47:05,21.8,67.9
2026-07-24 06:47:25,21.9,67.9
2026-07-24 06:47:45,21.9,67.9
2026-07-24 06:48:05,21.9,67.9
2026-07-24 06:48:25,21.9,67.9
2026-07-24 06:48:45,21.9,67.9
2026-07-24 06:49:05,21.9,67.9
2026-07-24 06:49:25,21.9,67.8
2026-07-24 06:49:45,21.9,67.9
2026-07-24 06:50:05,21.9,67.8
2026-07-24 06:50:25,21.9,67.7
2026-07-24 06:50:45,21.9,67.7
2026-07-24 06:51:05,21.9,67.8
2026-07-24 06:51:25,21.9,67.8
2026-07-24 06:51:45,21.9,67.8
2026-07-24 06:52:05,22.0,67.8
2026-07-24 06:52:25,22.0,67.8
2026-07-24 06:52:45,21.9,67.7
2026-07-24 06:53:05,21.9,67.8
2026-07-24 06:53:25,22.0,67.7
2026-07-24 06:53:45,21.9,67.7
2026-07-24 06:54:05,21.9,67.6
2026-07-24 06:54:25,21.9,67.7
2026-07-24 06:54:45,22.0,67.8
2026-07-24 06:55:05,22.0,67.9
2026-07-24 06:55:25,22.0,67.8
2026-07-24 06:55:45,22.0,67.8
2026-07-24 06:56:05,22.0,67.7
2026-07-24 06:56:25,22.0,67.6
2026-07-24 06:56:45,22.0,67.6
2026-07-24 06:57:05,22.0,67.6
2026-07-24 06:57:25,21.9,67.6
2026-07-24 06:57:45,21.9,67.5
2026-07-24 06:58:05,21.9,67.4
2026-07-24 06:58:25,21.9,67.4
2026-07-24 06:58:45,21.9,67.4
2026-07-24 06:59:05,21.9,67.4
2026-07-24 06:59:25,21.9,67.5
2026-07-24 06:59:46,21.9,67.6
2026-07-24 07:00:06,21.9,67.6
2026-07-24 07:00:26,22.0,67.6
2026-07-24 07:00:46,22.0,67.5
2026-07-24 07:01:06,22.0,67.5
2026-07-24 07:01:26,22.0,67.5
2026-07-24 07:01:46,22.0,67.5
2026-07-24 07:02:06,22.0,67.4
2026-07-24 07:02:26,22.0,67.4
2026-07-24 07:02:46,22.0,67.3
2026-07-24 07:03:06,22.0,67.4
2026-07-24 07:03:26,22.0,67.4
2026-07-24 07:03:46,22.0,67.4
2026-07-24 07:04:06,22.0,67.4
2026-07-24 07:04:26,22.0,67.4
2026-07-24 07:04:46,22.0,67.3
2026-07-24 07:05:06,22.0,67.3
2026-07-24 07:05:26,22.0,67.3
2026-07-24 07:05:46,22.0,67.3
2026-07-24 07:06:06,22.0,67.3
2026-07-24 07:06:26,22.0,67.4
2026-07-24 07:06:46,22.0,67.3
2026-07-24 07:07:06,22.0,67.3
2026-07-24 07:07:26,22.0,67.3
2026-07-24 07:07:46,22.0,67.3
2026-07-24 07:08:06,22.0,67.3
2026-07-24 07:08:26,22.0,67.4
2026-07-24 07:08:46,22.0,67.5
2026-07-24 07:09:06,22.0,67.5
2026-07-24 07:09:26,22.0,67.5
2026-07-24 07:09:46,22.0,67.4
2026-07-24 07:10:06,22.0,67.5
2026-07-24 07:10:26,22.1,67.5
2026-07-24 07:10:46,22.1,67.5
2026-07-24 07:11:06,22.1,67.5
2026-07-24 07:11:26,22.1,67.6
2026-07-24 07:11:46,22.1,67.6
2026-07-24 07:12:06,22.1,67.6
2026-07-24 07:12:26,22.1,67.7
2026-07-24 07:12:46,22.1,67.7
2026-07-24 07:13:06,22.1,67.7
2026-07-24 07:13:26,22.1,67.7
2026-07-24 07:13:46,22.1,67.7
2026-07-24 07:14:06,22.2,67.7
2026-07-24 07:14:26,22.2,67.7
2026-07-24 07:14:46,22.1,67.7
2026-07-24 07:15:06,22.2,67.7
2026-07-24 07:15:26,22.1,67.8
2026-07-24 07:15:46,22.1,67.7
2026-07-24 07:16:06,22.1,67.8
2026-07-24 07:16:26,22.1,67.8
2026-07-24 07:16:47,22.1,67.8
2026-07-24 07:17:07,22.1,67.8
2026-07-24 07:17:27,22.1,67.8
2026-07-24 07:17:47,22.2,67.8
2026-07-24 07:18:07,22.2,67.8
2026-07-24 07:18:27,22.2,67.9
2026-07-24 07:18:47,22.2,67.9
2026-07-24 07:19:07,22.2,67.9
2026-07-24 07:19:27,22.2,67.9
2026-07-24 07:19:47,22.2,67.9
2026-07-24 07:20:07,22.2,67.9
2026-07-24 07:20:27,22.2,67.9
2026-07-24 07:20:47,22.2,67.9
2026-07-24 07:21:07,22.2,67.9
2026-07-24 07:21:27,22.2,67.9
2026-07-24 07:21:47,22.2,67.9
2026-07-24 07:22:07,22.2,67.9
2026-07-24 07:22:27,22.2,67.9
2026-07-24 07:22:47,22.2,68.0
2026-07-24 07:23:07,22.2,68.0
2026-07-24 07:23:27,22.2,68.0
2026-07-24 07:23:47,22.2,68.0
2026-07-24 07:24:07,22.2,68.0
2026-07-24 07:24:27,22.2,67.9
2026-07-24 07:24:47,22.2,68.0
2026-07-24 07:25:07,22.2,67.9
2026-07-24 07:25:27,22.2,68.0
2026-07-24 07:25:47,22.2,68.1
2026-07-24 07:26:07,22.2,68.0
2026-07-24 07:26:27,22.2,68.1
2026-07-24 07:26:47,22.2,68.0
2026-07-24 07:27:07,22.2,68.0
2026-07-24 07:27:27,22.2,68.1
2026-07-24 07:27:47,22.2,68.1
2026-07-24 07:28:07,22.2,68.1
2026-07-24 07:28:27,22.2,68.2
2026-07-24 07:28:47,22.2,68.2
2026-07-24 07:29:07,22.2,68.2
2026-07-24 07:29:27,22.3,68.2
2026-07-24 07:29:47,22.2,68.2
2026-07-24 07:30:07,22.3,68.1
2026-07-24 07:30:27,22.3,68.2
2026-07-24 07:30:47,22.3,68.2
2026-07-24 07:31:07,22.3,68.2
2026-07-24 07:31:27,22.3,68.2
2026-07-24 07:31:47,22.3,68.2
2026-07-24 07:32:07,22.3,68.1
2026-07-24 07:32:27,22.3,68.1
2026-07-24 07:32:47,22.3,68.1
2026-07-24 07:33:07,22.3,68.1
2026-07-24 07:33:28,22.3,68.1
2026-07-24 07:33:48,22.3,68.1
2026-07-24 07:34:08,22.3,68.1
2026-07-24 07:34:28,22.3,68.1
2026-07-24 07:34:48,22.3,68.1
2026-07-24 07:35:08,22.3,68.1
2026-07-24 07:35:28,22.3,68.1
2026-07-24 07:35:48,22.3,68.2
2026-07-24 07:36:08,22.3,68.2
2026-07-24 07:36:28,22.3,68.3
2026-07-24 07:36:48,22.3,68.2
2026-07-24 07:37:08,22.4,68.3
2026-07-24 07:37:28,22.3,68.1
2026-07-24 07:37:48,22.4,68.0
2026-07-24 07:38:08,22.3,67.9
2026-07-24 07:38:28,22.4,67.8
2026-07-24 07:38:48,22.3,67.8
2026-07-24 07:39:08,22.3,67.7
2026-07-24 07:39:28,22.3,67.6
2026-07-24 07:39:48,22.3,67.6
2026-07-24 07:40:08,22.3,67.6
2026-07-24 07:40:28,22.3,67.6
2026-07-24 07:40:48,22.3,67.7
2026-07-24 07:41:08,22.4,67.7
2026-07-24 07:41:28,22.3,67.6
2026-07-24 07:41:48,22.4,67.6
2026-07-24 07:42:08,22.4,67.6
2026-07-24 07:42:28,22.4,67.6
2026-07-24 07:42:48,22.4,67.6
2026-07-24 07:43:08,22.4,67.7
2026-07-24 07:43:28,22.4,67.6
2026-07-24 07:43:48,22.4,67.7
2026-07-24 07:44:08,22.4,67.8
2026-07-24 07:44:28,22.4,67.8
2026-07-24 07:44:48,22.4,67.7
2026-07-24 07:45:08,22.4,67.8
2026-07-24 07:45:28,22.4,67.8
2026-07-24 07:45:48,22.4,67.8
2026-07-24 07:46:08,22.4,67.8
2026-07-24 07:46:28,22.4,67.8
2026-07-24 07:46:48,22.4,67.8
2026-07-24 07:47:08,22.5,67.8
2026-07-24 07:47:28,22.5,67.8
2026-07-24 07:47:48,22.5,67.8
2026-07-24 07:48:08,22.5,67.8
2026-07-24 07:48:28,22.5,67.9
2026-07-24 07:48:48,22.5,67.8
2026-07-24 07:49:08,22.5,67.7
2026-07-24 07:49:28,22.5,67.7
2026-07-24 07:49:49,22.5,67.7
2026-07-24 07:50:09,22.5,67.6
2026-07-24 07:50:29,22.6,67.5
2026-07-24 07:50:49,22.6,67.4
2026-07-24 07:51:09,22.6,67.4
2026-07-24 07:51:29,22.5,67.3
2026-07-24 07:51:49,22.6,67.2
2026-07-24 07:52:09,22.6,67.1
2026-07-24 07:52:29,22.5,67.1
2026-07-24 07:52:49,22.6,67.1
2026-07-24 07:53:09,22.6,67.1
2026-07-24 07:53:29,22.6,67.0
2026-07-24 07:53:49,22.6,67.0
2026-07-24 07:54:09,22.6,66.9
2026-07-24 07:54:29,22.6,66.9
2026-07-24 07:54:49,22.6,66.8
2026-07-24 07:55:09,22.6,66.7
2026-07-24 07:55:29,22.6,66.7
2026-07-24 07:55:49,22.5,66.6
2026-07-24 07:56:09,22.5,66.6
2026-07-24 07:56:29,22.5,66.7
2026-07-24 07:56:49,22.5,66.6
2026-07-24 07:57:09,22.5,66.5
2026-07-24 07:57:29,22.6,66.5
2026-07-24 07:57:49,22.5,66.5
2026-07-24 07:58:09,22.6,66.3
2026-07-24 07:58:29,22.5,66.3
2026-07-24 07:58:49,22.5,66.2
2026-07-24 07:59:09,22.6,66.3
2026-07-24 07:59:29,22.6,66.3
2026-07-24 07:59:49,22.6,66.3
2026-07-24 08:00:09,22.6,66.2
2026-07-24 08:00:29,22.6,66.1
2026-07-24 08:00:49,22.6,66.1
2026-07-24 08:01:09,22.6,66.1
2026-07-24 08:01:29,22.6,66.0
2026-07-24 08:01:49,22.6,66.0
2026-07-24 08:02:09,22.6,66.0
2026-07-24 08:02:29,22.6,66.0
2026-07-24 08:02:49,22.6,66.0
2026-07-24 08:03:09,22.6,66.0
2026-07-24 08:03:29,22.6,66.0
2026-07-24 08:03:49,22.6,66.0
2026-07-24 08:04:09,22.6,65.9
2026-07-24 08:04:29,22.6,65.9
2026-07-24 08:04:49,22.6,65.9
2026-07-24 08:05:09,22.6,65.9
2026-07-24 08:05:29,22.6,65.9
2026-07-24 08:05:50,22.6,65.9
2026-07-24 08:06:09,22.6,65.9
2026-07-24 08:06:30,22.6,65.9
2026-07-24 08:06:50,22.6,65.9
2026-07-24 08:07:10,22.6,65.9
2026-07-24 08:07:30,22.6,65.8
2026-07-24 08:07:50,22.6,65.8
2026-07-24 08:08:10,22.6,65.7
2026-07-24 08:08:30,22.6,65.6
2026-07-24 08:08:50,22.6,65.5
2026-07-24 08:09:10,22.6,65.4
2026-07-24 08:09:30,22.6,65.3
2026-07-24 08:09:50,22.6,65.3
2026-07-24 08:10:10,22.6,65.4
2026-07-24 08:10:30,22.6,65.4
2026-07-24 08:10:50,22.6,65.3
2026-07-24 08:11:10,22.6,65.1
2026-07-24 08:11:30,22.7,65.0
2026-07-24 08:11:50,22.6,64.9
2026-07-24 08:12:10,22.6,64.9
2026-07-24 08:12:30,22.6,64.7
2026-07-24 08:12:50,22.6,64.7
2026-07-24 08:13:10,22.6,64.6
2026-07-24 08:13:30,22.6,64.5
2026-07-24 08:13:50,22.7,64.5
2026-07-24 08:14:10,22.7,64.6
2026-07-24 08:14:30,22.7,64.6
2026-07-24 08:14:50,22.7,64.6
2026-07-24 08:15:10,22.7,64.7
2026-07-24 08:15:30,22.8,64.6
2026-07-24 08:15:50,22.7,64.6
2026-07-24 08:16:10,22.8,64.6
2026-07-24 08:16:30,22.8,64.6
2026-07-24 08:16:50,22.8,64.7
2026-07-24 08:17:10,22.8,64.7
2026-07-24 08:17:30,22.8,64.7
2026-07-24 08:17:50,22.8,64.9
2026-07-24 08:18:10,22.8,64.8
2026-07-24 08:18:30,22.8,64.9
2026-07-24 08:18:50,22.8,64.9
2026-07-24 08:19:10,22.9,65.0
2026-07-24 08:19:30,22.9,65.0
2026-07-24 08:19:50,22.9,65.0
2026-07-24 08:20:10,22.9,65.0
2026-07-24 08:20:30,22.8,65.0
2026-07-24 08:20:50,22.8,65.0
2026-07-24 08:21:10,22.9,64.9
2026-07-24 08:21:30,22.9,64.8
2026-07-24 08:21:50,22.8,64.7
2026-07-24 08:22:10,22.9,64.7
2026-07-24 08:22:30,22.8,64.8
2026-07-24 08:22:50,22.8,64.8
2026-07-24 08:23:11,22.9,64.7
2026-07-24 08:23:30,22.9,64.7
2026-07-24 08:23:51,22.9,64.7
2026-07-24 08:24:11,22.9,64.6
2026-07-24 08:24:31,22.9,64.4
2026-07-24 08:24:51,22.9,64.5
2026-07-24 08:25:11,22.9,64.4
2026-07-24 08:25:31,22.9,64.1
2026-07-24 08:25:51,22.9,63.8
2026-07-24 08:26:11,22.9,63.6
2026-07-24 08:26:31,22.9,63.3
2026-07-24 08:26:51,22.9,63.2
2026-07-24 08:27:11,22.9,63.2
2026-07-24 08:27:31,22.9,63.0
2026-07-24 08:27:51,22.9,63.0
2026-07-24 08:28:11,22.9,63.0
2026-07-24 08:28:31,22.9,63.0
2026-07-24 08:28:51,22.9,63.1
2026-07-24 08:29:11,22.9,63.0
2026-07-24 08:29:31,22.9,63.0
2026-07-24 08:29:51,22.9,63.0
2026-07-24 08:30:11,22.9,63.0
2026-07-24 08:30:31,22.9,63.1
2026-07-24 08:30:51,22.9,63.2
2026-07-24 08:31:11,22.9,63.2
2026-07-24 08:31:31,23.0,63.2
2026-07-24 08:31:51,23.0,63.4
2026-07-24 08:32:11,23.0,63.4
2026-07-24 08:32:31,23.0,63.5
2026-07-24 08:32:51,23.0,63.6
2026-07-24 08:33:11,23.0,63.6
2026-07-24 08:33:31,23.1,63.6
2026-07-24 08:33:51,23.1,63.5
2026-07-24 08:34:11,23.1,63.6
2026-07-24 08:34:31,23.1,63.4
2026-07-24 08:34:51,23.0,63.5
2026-07-24 08:35:11,23.0,63.4
2026-07-24 08:35:31,23.0,63.4
2026-07-24 08:35:51,23.0,63.5
2026-07-24 08:36:11,23.1,63.4
2026-07-24 08:36:31,23.1,63.4
2026-07-24 08:36:51,23.0,63.3
2026-07-24 08:37:11,23.1,63.1
2026-07-24 08:37:31,23.1,63.2
2026-07-24 08:37:51,23.0,63.1
2026-07-24 08:38:11,23.0,63.2
2026-07-24 08:38:31,23.0,63.1
2026-07-24 08:38:51,23.0,63.0
2026-07-24 08:39:11,23.0,63.0
2026-07-24 08:39:31,23.0,62.9
2026-07-24 08:39:52,23.0,62.8
2026-07-24 08:40:11,23.0,62.8
2026-07-24 08:40:32,23.0,62.8
2026-07-24 08:40:52,23.0,62.8
2026-07-24 08:41:12,23.0,62.8
2026-07-24 08:41:32,23.0,62.8
2026-07-24 08:41:52,23.0,62.9
2026-07-24 08:42:12,23.0,62.9
2026-07-24 08:42:32,23.0,62.9
2026-07-24 08:42:52,23.0,62.9
2026-07-24 08:43:12,23.0,63.0
2026-07-24 08:43:32,23.0,62.8
2026-07-24 08:43:52,23.0,62.8
2026-07-24 08:44:12,23.0,62.5
2026-07-24 08:44:32,23.0,62.4
2026-07-24 08:44:52,23.0,62.4
2026-07-24 08:45:12,23.1,62.4
2026-07-24 08:45:32,23.1,62.4
2026-07-24 08:45:52,23.1,62.3
2026-07-24 08:46:12,23.2,62.3
2026-07-24 08:46:32,23.2,62.2
2026-07-24 08:46:52,23.2,62.1
2026-07-24 08:47:12,23.2,62.0
2026-07-24 08:47:32,23.2,61.9
2026-07-24 08:47:52,23.2,61.7
2026-07-24 08:48:12,23.2,61.7
2026-07-24 08:48:32,23.2,61.7
2026-07-24 08:48:52,23.2,61.7
2026-07-24 08:49:12,23.2,61.6
2026-07-24 08:49:32,23.2,61.7
2026-07-24 08:49:52,23.2,61.7
2026-07-24 08:50:12,23.2,61.8
2026-07-24 08:50:32,23.2,61.8
2026-07-24 08:50:52,23.2,62.0
2026-07-24 08:51:12,23.2,62.0
2026-07-24 08:51:32,23.2,62.1
2026-07-24 08:51:52,23.2,62.1
2026-07-24 08:52:12,23.2,62.2
2026-07-24 08:52:32,23.2,62.3
2026-07-24 08:52:52,23.2,62.4
2026-07-24 08:53:12,23.2,62.4
2026-07-24 08:53:32,23.2,62.4
2026-07-24 08:53:52,23.2,62.5
2026-07-24 08:54:12,23.3,62.4
2026-07-24 08:54:32,23.2,62.3
2026-07-24 08:54:52,23.3,62.2
2026-07-24 08:55:12,23.3,62.2
2026-07-24 08:55:32,23.3,62.1
2026-07-24 08:55:52,23.4,61.9
2026-07-24 08:56:13,23.4,61.8
2026-07-24 08:56:32,23.4,61.5
2026-07-24 08:56:53,23.4,61.4
2026-07-24 08:57:13,23.4,61.2
2026-07-24 08:57:33,23.4,61.1
2026-07-24 08:57:53,23.4,61.0
2026-07-24 08:58:13,23.4,61.0
2026-07-24 08:58:33,23.4,60.9
2026-07-24 08:58:53,23.4,60.9
2026-07-24 08:59:13,23.4,61.0
2026-07-24 08:59:33,23.4,61.1
2026-07-24 08:59:53,23.4,61.2
2026-07-24 09:00:13,23.4,61.2
2026-07-24 09:00:33,23.4,61.1
2026-07-24 09:00:53,23.4,61.0
2026-07-24 09:01:13,23.4,61.1
2026-07-24 09:01:33,23.4,61.1
2026-07-24 09:01:53,23.4,61.1
2026-07-24 09:02:13,23.4,61.1
2026-07-24 09:02:33,23.4,61.2
2026-07-24 09:02:53,23.4,61.3
2026-07-24 09:03:13,23.4,61.3
2026-07-24 09:03:33,23.5,61.1
2026-07-24 09:03:53,23.5,61.1
2026-07-24 09:04:13,23.5,60.9
2026-07-24 09:04:33,23.5,60.6
2026-07-24 09:04:53,23.5,60.3
2026-07-24 09:05:13,23.6,60.2
2026-07-24 09:05:33,23.6,59.9
2026-07-24 09:05:53,23.6,59.9
2026-07-24 09:06:13,23.6,59.7
2026-07-24 09:06:33,23.6,59.4
2026-07-24 09:06:53,23.6,59.3
2026-07-24 09:07:13,23.6,59.2
2026-07-24 09:07:33,23.6,59.2
2026-07-24 09:07:53,23.6,59.1
2026-07-24 09:08:13,23.6,59.0
2026-07-24 09:08:33,23.6,58.9
2026-07-24 09:08:53,23.6,58.9
2026-07-24 09:09:13,23.6,58.7
2026-07-24 09:09:33,23.6,58.7
2026-07-24 09:09:53,23.6,58.8
2026-07-24 09:10:13,23.6,58.6
2026-07-24 09:10:33,23.6,58.5
2026-07-24 09:10:53,23.6,58.2
2026-07-24 09:11:13,23.6,58.0
2026-07-24 09:11:33,23.6,57.8
2026-07-24 09:11:53,23.6,57.7
2026-07-24 09:12:13,23.6,57.6
2026-07-24 09:12:34,23.6,57.6
2026-07-24 09:12:53,23.6,57.7
2026-07-24 09:13:14,23.6,57.9
2026-07-24 09:13:34,23.6,58.0
2026-07-24 09:13:54,23.6,57.9
2026-07-24 09:14:14,23.7,57.9
2026-07-24 09:14:34,23.7,57.9
2026-07-24 09:14:54,23.6,57.9
2026-07-24 09:15:14,23.6,58.0
2026-07-24 09:15:34,23.7,58.0
2026-07-24 09:15:54,23.7,58.0
2026-07-24 09:16:14,23.6,58.0
2026-07-24 09:16:34,23.6,58.0
2026-07-24 09:16:54,23.6,58.1
2026-07-24 09:17:14,23.6,58.1
2026-07-24 09:17:34,23.6,58.1
2026-07-24 09:17:54,23.6,58.2
2026-07-24 09:18:14,23.6,58.2
2026-07-24 09:18:34,23.7,58.2
2026-07-24 09:18:54,23.7,58.4
2026-07-24 09:19:14,23.7,58.3
2026-07-24 09:19:34,23.7,58.5
2026-07-24 09:19:54,23.7,58.5
2026-07-24 09:20:14,23.7,58.5
2026-07-24 09:20:34,23.7,58.3
2026-07-24 09:20:54,23.7,58.2
2026-07-24 09:21:14,23.7,58.3
2026-07-24 09:21:34,23.7,58.3
2026-07-24 09:21:54,23.8,58.3
2026-07-24 09:22:14,23.8,58.1
2026-07-24 09:22:34,23.8,58.0
2026-07-24 09:22:54,23.9,58.0
2026-07-24 09:23:14,23.9,57.9
2026-07-24 09:23:34,24.0,57.7
2026-07-24 09:23:54,24.0,57.5
2026-07-24 09:24:14,24.0,57.3
2026-07-24 09:24:35,24.1,57.2
2026-07-24 09:24:54,24.1,57.1
2026-07-24 09:25:14,24.1,57.0
2026-07-24 09:25:34,24.2,56.9
2026-07-24 09:25:54,24.1,56.8
2026-07-24 09:26:14,24.2,56.8
2026-07-24 09:26:34,24.2,56.8
2026-07-24 09:26:54,24.1,56.7
2026-07-24 09:27:14,24.1,56.7
2026-07-24 09:27:34,24.1,56.6
2026-07-24 09:27:54,24.1,56.6
2026-07-24 09:28:14,24.1,56.7
2026-07-24 09:28:34,24.1,56.6
2026-07-24 09:28:54,24.1,56.6
2026-07-24 09:29:14,24.1,56.6
2026-07-24 09:29:34,24.1,56.5
2026-07-24 09:29:54,24.1,56.6
2026-07-24 09:30:14,24.1,56.7
2026-07-24 09:30:35,24.0,56.7
2026-07-24 09:30:55,24.0,56.6
2026-07-24 09:31:15,24.1,56.6
2026-07-24 09:31:35,24.1,56.6
2026-07-24 09:31:55,24.1,56.4
2026-07-24 09:32:15,24.2,56.4
2026-07-24 09:32:35,24.2,56.3
2026-07-24 09:32:55,24.2,56.3
2026-07-24 09:33:15,24.1,56.2
2026-07-24 09:33:35,24.1,56.3
2026-07-24 09:33:55,24.1,56.5
2026-07-24 09:34:15,24.0,56.6
2026-07-24 09:34:35,24.0,56.7
2026-07-24 09:34:55,24.0,56.8
2026-07-24 09:35:15,24.0,57.1
2026-07-24 09:35:35,24.1,57.0
2026-07-24 09:35:55,24.1,57.0
2026-07-24 09:36:15,24.1,57.0
2026-07-24 09:36:35,24.1,57.0
2026-07-24 09:36:55,24.1,56.8
2026-07-24 09:37:15,24.2,56.9
2026-07-24 09:37:35,24.2,56.9
2026-07-24 09:37:55,24.2,56.7
2026-07-24 09:38:15,24.2,56.6
2026-07-24 09:38:35,24.3,56.6
2026-07-24 09:38:55,24.3,56.4
2026-07-24 09:39:15,24.3,56.4
2026-07-24 09:39:35,24.4,56.1
2026-07-24 09:39:55,24.4,56.1
2026-07-24 09:40:15,24.4,56.1
2026-07-24 09:40:35,24.4,56.0
2026-07-24 09:40:55,24.4,56.1
2026-07-24 09:41:15,24.4,56.0
2026-07-24 09:41:35,24.4,56.0
2026-07-24 09:41:55,24.5,56.0
2026-07-24 09:42:15,24.4,56.0
2026-07-24 09:42:35,24.4,56.0
2026-07-24 09:42:55,24.4,56.1
2026-07-24 09:43:15,24.4,56.0
2026-07-24 09:43:35,24.5,56.0
2026-07-24 09:43:55,24.5,56.0
2026-07-24 09:44:15,24.5,55.9
2026-07-24 09:44:35,24.5,56.0
2026-07-24 09:44:55,24.4,56.0
2026-07-24 09:45:15,24.4,56.0
2026-07-24 09:45:35,24.4,56.0
2026-07-24 09:45:55,24.4,56.2
2026-07-24 09:46:15,24.4,56.3
2026-07-24 09:46:35,24.4,56.4
2026-07-24 09:46:55,24.4,56.3
2026-07-24 09:47:16,24.4,56.3
2026-07-24 09:47:35,24.4,56.3
2026-07-24 09:47:56,24.4,56.3
2026-07-24 09:48:16,24.4,56.3
2026-07-24 09:48:36,24.4,56.3
2026-07-24 09:48:56,24.3,56.0
2026-07-24 09:49:16,24.3,56.1
2026-07-24 09:49:36,24.4,56.3
2026-07-24 09:49:56,24.4,56.3
2026-07-24 09:50:16,24.4,56.4
2026-07-24 09:50:36,24.5,56.3
2026-07-24 09:50:56,24.5,56.2
2026-07-24 09:51:16,24.5,56.1
2026-07-24 09:51:36,24.5,55.9
2026-07-24 09:51:56,24.5,55.9
2026-07-24 09:52:16,24.5,55.9
2026-07-24 09:52:36,24.6,55.9
2026-07-24 09:52:56,24.6,55.7
2026-07-24 09:53:16,24.7,55.4
2026-07-24 09:53:36,24.7,55.1
2026-07-24 09:53:56,24.8,54.9
2026-07-24 09:54:16,24.8,54.7
2026-07-24 09:54:36,24.8,54.5
2026-07-24 10:08:37,24.6,56.1
2026-07-24 10:08:57,24.6,56.0
2026-07-24 10:09:17,24.7,55.6
2026-07-24 10:09:37,24.8,55.3
2026-07-24 10:09:57,24.9,54.6
2026-07-24 10:10:21,24.9,54.0
2026-07-24 10:10:37,24.9,53.3
2026-07-24 10:10:57,25.0,52.8
2026-07-24 10:11:17,25.1,52.2
2026-07-24 10:11:37,25.1,51.7
2026-07-24 10:11:57,25.1,51.4
2026-07-24 10:12:17,25.2,51.1
2026-07-24 10:12:37,25.1,51.0
2026-07-24 10:12:57,25.1,50.8
2026-07-24 10:13:17,25.1,50.8
2026-07-24 10:13:37,25.1,50.8
2026-07-24 10:13:57,25.1,50.8
2026-07-24 10:14:17,25.1,50.6
2026-07-24 10:14:37,25.1,50.5
2026-07-24 10:14:57,25.2,50.4
2026-07-24 10:15:17,25.2,50.4
2026-07-24 10:15:37,25.2,50.3
2026-07-24 10:15:57,25.2,50.4
2026-07-24 10:16:17,25.2,50.4
2026-07-24 10:16:37,25.3,50.3
2026-07-24 10:16:57,25.3,50.4
2026-07-24 10:17:17,25.3,50.3
2026-07-24 10:17:37,25.3,50.3
2026-07-24 10:17:57,25.3,50.4
2026-07-24 10:18:17,25.3,50.4
2026-07-24 10:18:37,25.3,50.2
2026-07-24 10:18:57,25.3,50.4
2026-07-24 10:19:17,25.3,50.4
2026-07-24 10:19:37,25.3,50.2
2026-07-24 10:19:57,25.4,50.2
2026-07-24 10:20:17,25.4,50.1
2026-07-24 10:20:37,25.4,50.0
2026-07-24 10:20:57,25.4,50.2
2026-07-24 10:21:17,25.4,50.2
2026-07-24 10:21:37,25.3,50.3
2026-07-24 10:21:57,25.3,50.5
2026-07-24 10:22:17,25.3,50.5
2026-07-24 10:22:37,25.3,50.6
2026-07-24 10:22:58,25.2,50.7
2026-07-24 10:23:18,25.2,50.7
2026-07-24 10:23:38,25.2,50.8
2026-07-24 10:23:58,25.2,50.7
2026-07-24 10:24:18,25.2,50.8
2026-07-24 10:24:38,25.1,50.8
2026-07-24 10:24:58,25.1,50.9
2026-07-24 10:25:18,25.1,50.9
2026-07-24 10:25:38,25.1,51.0
2026-07-24 10:25:58,25.1,50.9
2026-07-24 10:26:18,25.1,50.8
2026-07-24 10:26:38,25.1,50.9
2026-07-24 10:26:58,25.1,50.9
2026-07-24 10:27:18,25.1,51.0
2026-07-24 10:27:38,25.1,51.2
2026-07-24 10:27:58,25.2,51.3
2026-07-24 10:28:18,25.2,51.4
2026-07-24 10:28:38,25.3,51.4
2026-07-24 10:28:58,25.3,51.2
2026-07-24 10:29:18,25.3,51.0
2026-07-24 10:29:38,25.4,51.0
2026-07-24 10:29:58,25.4,51.0
2026-07-24 10:30:18,25.4,50.8
2026-07-24 10:30:38,25.4,50.8
2026-07-24 10:30:58,25.4,50.6
2026-07-24 10:31:18,25.4,50.6
2026-07-24 10:31:38,25.4,50.6
2026-07-24 10:31:58,25.4,50.9
2026-07-24 10:32:18,25.4,50.9
2026-07-24 10:32:38,25.4,51.1
2026-07-24 10:32:58,25.4,51.1
2026-07-24 10:33:18,25.4,51.1
2026-07-24 10:33:38,25.5,51.1
2026-07-24 10:33:58,25.6,50.9
2026-07-24 10:34:18,25.7,50.6
2026-07-24 10:34:38,25.7,50.3
2026-07-24 10:34:58,25.7,50.0
2026-07-24 10:35:18,25.8,49.8
2026-07-24 10:35:38,25.8,49.4
2026-07-24 10:35:58,25.8,49.3
2026-07-24 10:36:18,25.8,49.2
2026-07-24 10:36:38,25.8,49.1
2026-07-24 10:36:58,25.8,49.1
2026-07-24 10:37:18,25.8,49.2
2026-07-24 10:37:38,25.8,49.4
2026-07-24 10:37:58,25.8,49.3
2026-07-24 10:38:18,25.8,49.4
2026-07-24 10:38:38,25.8,49.6
2026-07-24 10:38:58,25.8,49.7
2026-07-24 10:39:19,25.8,50.0
2026-07-24 10:39:39,25.8,50.2
2026-07-24 10:39:59,25.8,50.4
2026-07-24 10:40:19,25.7,50.6
2026-07-24 10:40:39,25.7,50.7
2026-07-24 10:40:59,25.6,50.9
2026-07-24 10:41:19,25.5,51.1
2026-07-24 10:41:39,25.5,51.2
2026-07-24 10:41:59,25.4,51.3
2026-07-24 10:42:19,25.5,51.5
2026-07-24 10:42:39,25.5,51.4
2026-07-24 10:42:59,25.5,51.2
2026-07-24 10:43:19,25.5,50.7
2026-07-24 10:43:39,25.5,49.8
2026-07-24 10:43:59,25.5,49.5
2026-07-24 10:44:19,25.5,49.2
2026-07-24 10:44:39,25.5,48.8
2026-07-24 10:44:59,25.5,48.6
2026-07-24 10:45:19,25.5,48.6
2026-07-24 10:45:39,25.5,48.7
2026-07-24 10:45:59,25.5,49.0
2026-07-24 10:46:19,25.5,49.1
2026-07-24 10:46:39,25.5,49.3
2026-07-24 10:46:59,25.5,49.6
2026-07-24 10:47:19,25.4,49.7
2026-07-24 10:47:39,25.4,49.6
2026-07-24 10:47:59,25.4,49.4
2026-07-24 10:48:19,25.4,49.4
2026-07-24 10:48:39,25.4,49.4
2026-07-24 10:48:59,25.4,49.5
2026-07-24 10:49:19,25.4,49.6
2026-07-24 10:49:39,25.3,49.9
2026-07-24 10:49:59,25.3,49.9
2026-07-24 10:50:19,25.3,50.0
2026-07-24 10:50:39,25.3,50.1
2026-07-24 10:50:59,25.3,50.4
2026-07-24 10:51:19,25.3,50.6
2026-07-24 10:51:39,25.3,50.8
2026-07-24 10:51:59,25.3,51.1
2026-07-24 10:52:19,25.3,51.3
2026-07-24 10:52:39,25.3,51.5
2026-07-24 10:52:59,25.3,51.6
2026-07-24 10:53:19,25.3,51.7
2026-07-24 10:53:39,25.3,51.9
2026-07-24 10:53:59,25.3,52.0
2026-07-24 10:54:19,25.3,52.2
2026-07-24 10:54:40,25.3,52.2
2026-07-24 10:54:59,25.3,52.2
2026-07-24 10:55:20,25.3,52.1
2026-07-24 10:55:40,25.3,52.2
2026-07-24 10:56:00,25.4,52.2
2026-07-24 10:56:19,25.4,
2026-07-24 10:56:20,,52.3
2026-07-24 10:56:40,25.4,52.5
2026-07-24 10:57:00,25.4,52.7
2026-07-24 10:57:20,25.4,52.7
2026-07-24 10:57:40,25.3,52.9
2026-07-24 10:58:00,25.4,53.2
2026-07-24 10:58:20,25.4,53.5
2026-07-24 10:58:40,25.4,53.9
2026-07-24 10:59:00,25.4,54.1
2026-07-24 10:59:20,25.4,54.4
2026-07-24 10:59:40,25.4,54.6
2026-07-24 11:00:00,25.5,54.9
2026-07-24 11:00:20,25.5,55.1
2026-07-24 11:00:40,25.6,55.1
2026-07-24 11:01:00,25.6,55.2
2026-07-24 11:01:20,25.6,55.2
2026-07-24 11:01:40,25.6,55.4
2026-07-24 11:02:00,25.7,55.5
2026-07-24 11:02:20,25.7,55.6
2026-07-24 11:02:40,25.7,55.6
2026-07-24 11:03:00,25.7,55.5
2026-07-24 11:03:20,25.7,55.6
2026-07-24 11:03:40,25.7,55.8
2026-07-24 11:04:00,25.7,55.8
2026-07-24 11:04:20,25.7,55.8
2026-07-24 11:04:40,25.7,55.8
2026-07-24 11:05:00,25.7,55.8
2026-07-24 11:05:20,25.7,55.9
2026-07-24 11:05:40,25.7,56.0
2026-07-24 11:06:00,25.7,56.1
2026-07-24 11:06:20,25.6,56.2
2026-07-24 11:06:40,25.6,56.4
2026-07-24 11:07:00,25.5,56.4
2026-07-24 11:07:20,25.6,56.5
2026-07-24 11:07:40,25.6,56.5
2026-07-24 11:08:00,25.6,56.6
2026-07-24 11:08:20,25.6,56.6
2026-07-24 11:08:40,25.6,56.6
2026-07-24 11:09:00,25.6,56.4
2026-07-24 11:09:20,25.5,56.4
2026-07-24 11:09:40,25.5,56.4
2026-07-24 11:10:00,25.5,56.4
2026-07-24 11:10:20,25.5,56.4
2026-07-24 11:10:40,25.5,56.4
2026-07-24 11:11:00,25.5,56.3
2026-07-24 11:11:20,25.5,56.3
2026-07-24 11:11:40,25.5,56.3
2026-07-24 11:12:00,25.5,56.3
2026-07-24 11:12:20,25.5,56.3
2026-07-24 11:12:40,25.5,56.5
2026-07-24 11:13:01,25.5,56.6
2026-07-24 11:13:20,25.5,
2026-07-24 11:13:21,,56.5
2026-07-24 11:13:41,25.6,56.5
2026-07-24 11:14:01,25.6,56.5
2026-07-24 11:14:21,25.6,56.6
2026-07-24 11:14:41,25.6,56.7
2026-07-24 11:15:01,25.6,56.8
2026-07-24 11:15:21,25.6,56.8
2026-07-24 11:15:41,25.6,56.7
2026-07-24 11:16:01,25.6,56.6
2026-07-24 11:16:21,25.6,56.5
2026-07-24 11:16:41,25.5,56.3
2026-07-24 11:17:01,25.5,56.2
2026-07-24 11:17:22,25.5,56.2
2026-07-24 11:17:56,25.5,56.1
2026-07-24 11:18:01,25.5,56.0
2026-07-24 11:18:21,25.5,56.0
2026-07-24 11:18:41,25.5,56.0
2026-07-24 11:19:41,25.5,56.1
2026-07-24 11:20:04,25.5,56.1
2026-07-24 11:20:28,25.4,56.0
2026-07-24 11:34:42,25.8,53.3
2026-07-24 11:35:02,25.8,53.1
2026-07-24 11:35:22,25.8,53.1
2026-07-24 11:35:42,25.8,52.9
2026-07-24 11:36:02,25.7,52.9
2026-07-24 11:36:22,25.7,52.9
2026-07-24 11:36:42,25.7,52.9
2026-07-24 11:37:02,25.7,53.1
2026-07-24 11:37:22,25.7,53.2
2026-07-24 11:37:42,25.8,53.3
2026-07-24 11:38:02,25.7,53.4
2026-07-24 11:38:22,25.7,53.4
2026-07-24 11:38:42,25.7,53.4
2026-07-24 11:39:02,25.7,53.4
2026-07-24 11:39:22,25.7,53.5
2026-07-24 11:39:42,25.7,53.6
2026-07-24 11:40:04,25.7,53.7
2026-07-24 11:40:22,25.8,53.7
2026-07-24 11:40:42,25.8,53.6
2026-07-24 11:41:02,25.8,53.7
2026-07-24 11:41:22,25.8,53.8
2026-07-24 11:41:42,25.8,53.9
2026-07-24 11:42:02,25.8,53.9
2026-07-24 11:42:22,25.8,53.9
2026-07-24 11:42:42,25.8,54.0
2026-07-24 11:43:02,25.8,54.0
2026-07-24 11:43:22,25.8,54.1
2026-07-24 11:43:42,25.8,54.2
2026-07-24 11:44:02,25.8,54.3
2026-07-24 11:44:22,25.8,54.5
2026-07-24 11:44:42,25.8,54.6
2026-07-24 11:45:02,25.8,54.7
2026-07-24 11:45:22,25.8,54.9
2026-07-24 11:45:42,25.8,55.1
2026-07-24 11:46:02,25.8,55.2
2026-07-24 11:46:22,25.8,55.2
2026-07-24 11:46:42,25.8,55.4
2026-07-24 11:47:03,25.8,55.5
2026-07-24 11:47:22,25.9,
2026-07-24 11:47:23,,55.5
2026-07-24 11:47:42,25.9,55.4
2026-07-24 11:48:03,25.9,55.3
2026-07-24 11:48:23,25.9,55.3
2026-07-24 11:48:43,25.9,55.2
2026-07-24 11:49:03,25.8,55.2
2026-07-24 11:49:23,25.9,55.2
2026-07-24 11:49:43,25.8,55.2
2026-07-24 11:50:03,25.8,55.0
2026-07-24 11:50:23,25.8,54.9
2026-07-24 11:50:43,25.8,54.6
2026-07-24 11:51:03,25.7,54.4
2026-07-24 11:51:23,25.7,54.3
2026-07-24 11:51:43,25.7,53.9
2026-07-24 11:52:03,25.7,53.7
2026-07-24 11:52:23,25.7,53.5
2026-07-24 11:52:43,25.7,53.4
2026-07-24 11:53:03,25.8,53.4
2026-07-24 11:53:23,25.8,53.5
2026-07-24 11:53:43,25.9,53.4
2026-07-24 11:54:03,25.9,53.4
2026-07-24 11:54:23,25.9,53.5
2026-07-24 11:54:43,26.0,53.5
2026-07-24 11:55:03,26.0,53.6
2026-07-24 11:55:23,26.0,53.7
2026-07-24 11:55:43,26.0,53.6
2026-07-24 11:56:03,26.0,53.8
2026-07-24 11:56:23,26.1,53.8
2026-07-24 11:56:43,26.1,53.9
2026-07-24 11:57:03,26.1,53.9
2026-07-24 11:57:23,26.1,54.0
2026-07-24 11:57:43,26.1,54.1
2026-07-24 11:58:03,26.1,54.3
2026-07-24 11:58:23,26.1,54.4
2026-07-24 11:58:43,26.2,54.4
2026-07-24 11:59:03,26.2,54.3
2026-07-24 11:59:23,26.2,54.2
2026-07-24 11:59:43,26.2,53.6
2026-07-24 12:00:03,26.2,53.2
2026-07-24 12:00:23,26.1,53.2
2026-07-24 12:00:43,26.1,53.0
2026-07-24 12:01:03,26.1,53.1
2026-07-24 12:01:23,26.1,52.9
2026-07-24 12:01:43,26.1,52.8
2026-07-24 12:02:03,26.1,52.8
2026-07-24 12:02:23,26.1,52.8
2026-07-24 12:02:43,26.2,52.8
2026-07-24 12:03:03,26.2,52.8
2026-07-24 12:03:23,26.2,52.9
2026-07-24 12:03:44,26.1,53.0
2026-07-24 12:04:03,26.1,53.0
2026-07-24 12:04:24,26.1,53.0
2026-07-24 12:04:44,26.1,53.0
2026-07-24 12:05:04,26.1,52.9
2026-07-24 12:05:24,26.1,53.0
2026-07-24 12:05:44,26.1,53.0
2026-07-24 12:06:04,26.0,53.0
2026-07-24 12:06:24,26.0,53.1
2026-07-24 12:06:44,26.0,53.1
2026-07-24 12:07:04,26.0,53.4
2026-07-24 12:07:24,26.0,53.6
2026-07-24 12:07:44,26.0,53.7
2026-07-24 12:08:04,26.0,53.9
2026-07-24 12:08:24,26.0,53.8
2026-07-24 12:08:44,26.0,53.7
2026-07-24 12:09:04,26.0,53.6
2026-07-24 12:09:24,26.0,53.5
2026-07-24 12:09:44,26.1,53.4
2026-07-24 12:10:04,26.1,53.3
2026-07-24 12:10:24,26.1,53.4
2026-07-24 12:10:44,26.1,53.5
2026-07-24 12:11:04,26.1,53.5
2026-07-24 12:11:24,26.1,53.6
2026-07-24 12:11:44,26.1,53.6
2026-07-24 12:12:04,26.1,53.8
2026-07-24 12:12:24,26.0,53.7
2026-07-24 12:12:44,26.0,53.6
2026-07-24 12:13:04,26.1,53.6
2026-07-24 12:13:24,26.1,53.6
2026-07-24 12:13:44,26.1,53.7
2026-07-24 12:14:04,26.2,53.8
2026-07-24 12:14:24,26.2,53.9
2026-07-24 12:14:44,26.2,54.0
2026-07-24 12:15:04,26.2,54.3
2026-07-24 12:15:24,26.2,54.5
2026-07-24 12:15:44,26.2,54.7
2026-07-24 12:16:04,26.2,54.7
2026-07-24 12:16:24,26.3,54.6
2026-07-24 12:16:44,26.3,54.4
2026-07-24 12:17:04,26.3,54.3
2026-07-24 12:17:24,26.3,54.1
2026-07-24 12:17:44,26.3,54.0
2026-07-24 12:18:04,26.3,54.0
2026-07-24 12:18:24,26.3,53.9
2026-07-24 12:18:44,26.3,53.9
2026-07-24 12:19:04,26.2,54.2
2026-07-24 12:19:24,26.2,54.2
2026-07-24 12:19:44,26.2,54.3
2026-07-24 12:20:04,26.3,54.4
2026-07-24 12:20:24,26.3,54.4
2026-07-24 12:20:44,26.4,54.5
2026-07-24 12:21:05,26.4,54.6
2026-07-24 12:21:24,26.4,54.8
2026-07-24 12:21:45,26.5,54.8
2026-07-24 12:22:05,26.5,54.9
2026-07-24 12:22:25,26.5,54.9
2026-07-24 12:22:45,26.5,55.0
2026-07-24 12:23:05,26.5,55.0
2026-07-24 12:23:25,26.5,55.0
2026-07-24 12:23:45,26.5,54.8
2026-07-24 12:24:05,26.5,54.6
2026-07-24 12:24:25,26.5,54.4
2026-07-24 12:24:45,26.5,54.2
2026-07-24 12:25:05,26.4,54.0
2026-07-24 12:25:25,26.4,53.8
2026-07-24 12:25:45,26.4,53.5
2026-07-24 12:26:05,26.4,53.3
2026-07-24 12:26:25,26.4,53.3
2026-07-24 12:26:45,26.4,53.4
2026-07-24 12:27:05,26.4,53.3
2026-07-24 12:27:25,26.4,53.4
2026-07-24 12:27:45,26.4,53.4
2026-07-24 12:28:05,26.4,53.7
2026-07-24 12:28:25,26.5,53.8
2026-07-24 12:28:45,26.5,53.9
2026-07-24 12:29:05,26.5,53.9
2026-07-24 12:29:25,26.5,54.1
2026-07-24 12:29:45,26.5,54.3
2026-07-24 12:30:05,26.5,54.4
2026-07-24 12:30:25,26.6,54.5
2026-07-24 12:30:45,26.6,54.5
2026-07-24 12:31:05,26.6,54.5
2026-07-24 12:31:25,26.6,54.7
2026-07-24 12:31:45,26.5,54.7
2026-07-24 12:32:05,26.5,54.7
2026-07-24 12:32:25,26.5,54.6
2026-07-24 12:32:45,26.5,54.7
2026-07-24 12:33:05,26.4,54.6
2026-07-24 12:33:25,26.4,54.6
2026-07-24 12:33:45,26.4,54.5
2026-07-24 12:34:05,26.4,54.6
2026-07-24 12:34:25,26.4,54.8
2026-07-24 12:34:45,26.4,54.9
2026-07-24 12:35:05,26.4,55.0
2026-07-24 12:35:25,26.5,55.2
2026-07-24 12:35:45,26.5,55.1
2026-07-24 12:36:05,26.5,55.1
2026-07-24 12:36:25,26.5,55.1
2026-07-24 12:36:45,26.5,55.1
2026-07-24 12:37:05,26.6,55.1
2026-07-24 12:37:25,26.5,55.2
2026-07-24 12:37:45,26.5,55.3
2026-07-24 12:38:05,26.5,55.4
2026-07-24 12:38:25,26.5,55.4
2026-07-24 12:38:45,26.5,55.7
2026-07-24 12:39:06,26.6,55.6
2026-07-24 12:39:26,26.7,55.7
2026-07-24 12:39:46,26.8,55.7
2026-07-24 12:40:06,26.9,55.7
2026-07-24 12:40:26,27.0,55.5
2026-07-24 12:40:46,27.1,55.4
2026-07-24 12:41:06,27.2,55.2
2026-07-24 12:41:26,27.2,55.1
2026-07-24 12:41:46,27.2,54.9
2026-07-24 12:42:06,27.3,54.8
2026-07-24 12:42:26,27.4,54.6
2026-07-24 12:42:46,27.4,54.4
2026-07-24 12:43:06,27.4,54.3
2026-07-24 12:43:26,27.4,54.4
2026-07-24 12:43:46,27.4,54.3
2026-07-24 12:44:06,27.4,54.4
2026-07-24 12:44:26,27.4,54.4
2026-07-24 12:44:46,27.4,54.5
2026-07-24 12:45:06,27.3,54.6
2026-07-24 12:45:26,27.2,54.7
2026-07-24 12:45:46,27.2,54.9
2026-07-24 12:46:06,27.1,55.1
2026-07-24 12:46:26,27.1,55.1
2026-07-24 12:46:46,27.1,55.2
2026-07-24 12:47:06,27.0,55.2
2026-07-24 12:47:26,27.0,55.3
2026-07-24 12:47:46,27.0,55.4
2026-07-24 12:48:06,26.9,55.5
2026-07-24 12:48:26,26.9,55.5
2026-07-24 12:48:46,26.9,55.8
2026-07-24 12:49:06,26.9,55.7
2026-07-24 12:49:26,26.8,55.7
2026-07-24 12:49:46,26.8,55.9
2026-07-24 12:50:06,26.7,56.0
2026-07-24 12:50:26,26.7,56.1
2026-07-24 12:50:46,26.7,56.2
2026-07-24 12:51:06,26.7,56.3
2026-07-24 12:51:26,26.7,56.2
2026-07-24 12:51:46,26.8,56.2
2026-07-24 12:52:06,26.8,56.0
2026-07-24 12:52:26,26.8,55.7
2026-07-24 12:52:46,26.8,55.5
2026-07-24 12:53:06,26.8,55.2
2026-07-24 12:53:26,26.8,55.0
2026-07-24 12:53:46,26.8,54.8
2026-07-24 12:54:06,26.8,54.7
2026-07-24 12:54:26,26.8,54.7
2026-07-24 12:54:46,26.8,54.7
2026-07-24 12:55:06,26.8,54.9
2026-07-24 12:55:26,26.8,54.9
2026-07-24 12:55:47,26.7,55.1
2026-07-24 12:56:06,26.7,55.1
2026-07-24 12:56:27,26.7,55.3
2026-07-24 12:56:47,26.7,55.5
2026-07-24 12:57:07,26.7,55.7
2026-07-24 12:57:27,26.7,55.7
2026-07-24 12:57:47,26.7,55.7
2026-07-24 12:58:07,26.7,55.7
2026-07-24 12:58:27,26.7,55.8
2026-07-24 12:58:47,26.7,55.9
2026-07-24 12:59:07,26.7,55.8
2026-07-24 12:59:27,26.7,55.8
2026-07-24 12:59:47,26.6,55.8
2026-07-24 13:00:07,26.7,55.8
2026-07-24 13:00:27,26.6,55.8
2026-07-24 13:00:47,26.6,55.9
2026-07-24 13:01:07,26.6,55.9
2026-07-24 13:01:27,26.6,56.0
2026-07-24 13:01:47,26.5,56.0
2026-07-24 13:02:07,26.5,56.1
2026-07-24 13:02:27,26.5,56.2
2026-07-24 13:02:47,26.5,56.2
2026-07-24 13:03:07,26.5,56.3
2026-07-24 13:03:27,26.5,56.3
2026-07-24 13:03:47,26.5,56.4
2026-07-24 13:04:07,26.4,56.6
2026-07-24 13:04:27,26.5,56.7
2026-07-24 13:04:47,26.5,56.8
2026-07-24 13:05:07,26.6,56.8
2026-07-24 13:05:27,26.6,56.7
2026-07-24 13:05:47,26.6,56.7
2026-07-24 13:06:07,26.6,56.7
2026-07-24 13:06:27,26.6,56.6
2026-07-24 13:06:47,26.6,56.6
2026-07-24 13:07:07,26.5,56.7
2026-07-24 13:07:27,26.5,56.7
2026-07-24 13:07:47,26.5,56.9
2026-07-24 13:08:07,26.5,56.9
2026-07-24 13:08:27,26.5,57.1
2026-07-24 13:08:47,26.5,57.2
2026-07-24 13:09:07,26.5,57.2
2026-07-24 13:09:27,26.5,57.2
2026-07-24 13:09:47,26.4,57.2
2026-07-24 13:10:07,26.4,57.3
2026-07-24 13:10:27,26.4,57.3
2026-07-24 13:10:47,26.4,57.4
2026-07-24 13:11:07,26.4,57.2
2026-07-24 13:11:27,26.4,57.2
2026-07-24 13:11:47,26.4,57.2
2026-07-24 13:12:07,26.4,57.2
2026-07-24 13:12:27,26.4,57.2
2026-07-24 13:12:47,26.4,57.2
2026-07-24 13:13:08,26.4,57.1
2026-07-24 13:13:27,26.5,
2026-07-24 13:13:28,,57.1
2026-07-24 13:13:48,26.5,57.0
2026-07-24 13:14:08,26.5,57.0
2026-07-24 13:14:28,26.5,56.9
2026-07-24 13:14:48,26.5,56.9
2026-07-24 13:15:08,26.5,57.0
2026-07-24 13:15:28,26.5,56.9
2026-07-24 13:15:48,26.5,57.0
2026-07-24 13:16:08,26.5,57.0
2026-07-24 13:16:28,26.5,57.0
2026-07-24 13:16:48,26.5,57.2
2026-07-24 13:17:08,26.5,57.2
2026-07-24 13:17:28,26.4,57.3
2026-07-24 13:17:48,26.4,57.3
2026-07-24 13:18:08,26.4,57.4
2026-07-24 13:18:28,26.3,57.5
2026-07-24 13:18:48,26.3,57.6
2026-07-24 13:19:08,26.3,57.7
2026-07-24 13:19:28,26.3,57.7
2026-07-24 13:19:48,26.3,57.8
2026-07-24 13:20:08,26.3,57.9
2026-07-24 13:20:28,26.3,57.9
2026-07-24 13:20:48,26.3,57.9
2026-07-24 13:21:08,26.3,57.9
2026-07-24 13:21:28,26.3,57.9
2026-07-24 13:21:48,26.3,57.8
2026-07-24 13:22:08,26.3,57.8
2026-07-24 13:22:28,26.3,57.7
2026-07-24 13:22:48,26.4,57.8
2026-07-24 13:23:08,26.3,57.8
2026-07-24 13:23:28,26.3,57.8
2026-07-24 13:23:48,26.3,57.8
2026-07-24 13:24:08,26.2,57.8
2026-07-24 13:24:28,26.2,57.9
2026-07-24 13:24:48,26.2,58.0
2026-07-24 13:25:08,26.2,58.1
2026-07-24 13:25:28,26.2,58.1
2026-07-24 13:25:48,26.2,58.0
2026-07-24 13:26:08,26.3,57.9
2026-07-24 13:26:28,26.3,57.9
2026-07-24 13:26:48,26.3,57.9
2026-07-24 13:27:08,26.4,57.9
2026-07-24 13:27:28,26.4,57.9
2026-07-24 13:27:48,26.4,57.8
2026-07-24 13:28:08,26.4,57.8
2026-07-24 13:28:28,26.4,57.8
2026-07-24 13:28:48,26.4,57.8
2026-07-24 13:29:08,26.4,57.8
2026-07-24 13:29:28,26.4,57.8
2026-07-24 13:29:48,26.4,
2026-07-24 13:29:49,,57.9
2026-07-24 13:30:08,26.4,57.9
2026-07-24 13:30:29,26.4,57.9
2026-07-24 13:30:48,26.4,
2026-07-24 13:30:49,,57.9
2026-07-24 13:31:09,26.4,57.9
2026-07-24 13:31:29,26.4,57.9
2026-07-24 13:31:49,26.4,57.9
2026-07-24 13:32:09,26.4,57.9
2026-07-24 13:32:29,26.3,57.9
2026-07-24 13:32:49,26.3,57.8
2026-07-24 13:33:09,26.3,57.8
2026-07-24 13:33:29,26.3,57.7
2026-07-24 13:33:49,26.3,57.7
2026-07-24 13:34:09,26.3,57.7
2026-07-24 13:34:29,26.3,57.6
2026-07-24 13:34:49,26.3,57.6
2026-07-24 13:35:09,26.3,57.7
2026-07-24 13:35:29,26.2,57.7
2026-07-24 13:35:49,26.2,57.7
2026-07-24 13:36:09,26.3,57.8
2026-07-24 13:36:29,26.2,57.7
2026-07-24 13:36:49,26.2,57.7
2026-07-24 13:37:09,26.2,57.8
2026-07-24 13:37:29,26.2,57.8
2026-07-24 13:37:49,26.2,57.7
2026-07-24 13:38:09,26.2,57.6
2026-07-24 13:38:29,26.2,57.7
2026-07-24 13:38:49,26.1,57.7
2026-07-24 13:39:09,26.1,57.6
2026-07-24 13:39:29,26.1,57.7
2026-07-24 13:39:49,26.1,57.8
2026-07-24 13:40:09,26.1,58.0
2026-07-24 13:40:29,26.0,58.0
2026-07-24 13:40:49,26.0,58.0
2026-07-24 13:41:09,26.1,58.1
2026-07-24 13:41:29,26.0,58.3
2026-07-24 13:41:49,26.1,58.3
2026-07-24 13:42:09,26.1,58.4
2026-07-24 13:42:29,26.1,58.5
2026-07-24 13:42:49,26.2,58.5
2026-07-24 13:43:09,26.1,58.6
2026-07-24 13:43:29,26.2,58.6
2026-07-24 13:43:49,26.2,58.7
2026-07-24 13:44:09,26.2,58.7
2026-07-24 13:44:29,26.2,58.7
2026-07-24 13:44:49,26.2,58.8
2026-07-24 13:45:09,26.2,58.8
2026-07-24 13:45:29,26.2,59.0
2026-07-24 13:45:49,26.2,59.1
2026-07-24 13:46:09,26.2,59.1
2026-07-24 13:46:29,26.2,59.2
2026-07-24 13:46:49,26.2,59.2
2026-07-24 13:47:09,26.2,59.3
2026-07-24 13:47:29,26.2,59.4
2026-07-24 13:47:49,26.2,59.4
2026-07-24 13:48:10,26.2,59.4
2026-07-24 13:48:29,26.2,59.3
2026-07-24 13:48:50,26.2,59.3
2026-07-24 13:49:10,26.3,59.2
2026-07-24 13:49:30,26.3,59.2
2026-07-24 13:49:50,26.3,59.1
2026-07-24 13:50:10,26.3,59.1
2026-07-24 13:50:30,26.3,59.0
2026-07-24 13:50:50,26.3,58.9
2026-07-24 13:51:10,26.3,58.9
2026-07-24 13:51:30,26.3,58.8
2026-07-24 13:51:50,26.3,58.8
2026-07-24 13:52:10,26.3,58.8
2026-07-24 13:52:30,26.3,58.9
2026-07-24 13:52:50,26.3,58.9
2026-07-24 13:53:10,26.3,58.9
2026-07-24 13:53:30,26.3,59.0
2026-07-24 13:53:50,26.3,59.1
2026-07-24 13:54:10,26.3,59.1
2026-07-24 13:54:30,26.3,59.1
2026-07-24 13:54:50,26.3,59.2
2026-07-24 13:55:10,26.3,59.2
2026-07-24 13:55:30,26.3,59.2
2026-07-24 13:55:50,26.3,59.2
2026-07-24 13:56:10,26.3,59.2
2026-07-24 13:56:30,26.3,59.1
2026-07-24 13:56:50,26.3,59.1
2026-07-24 13:57:10,26.3,59.1
2026-07-24 13:57:30,26.3,59.1
2026-07-24 13:57:50,26.3,59.1
2026-07-24 13:58:10,26.3,59.2
2026-07-24 13:58:30,26.3,59.2
2026-07-24 13:58:50,26.3,59.2
2026-07-24 13:59:10,26.3,59.2
2026-07-24 13:59:30,26.3,59.2
2026-07-24 13:59:50,26.3,59.2
2026-07-24 14:00:10,26.3,59.1
2026-07-24 14:00:30,26.3,59.0
2026-07-24 14:00:50,26.3,
2026-07-24 14:00:51,,58.9
2026-07-24 14:01:10,26.3,58.9
2026-07-24 14:01:30,26.3,58.8
2026-07-24 14:01:50,26.3,58.9
2026-07-24 14:02:10,26.2,58.9
2026-07-24 14:02:30,26.3,59.0
2026-07-24 14:02:50,26.2,59.0
2026-07-24 14:03:10,26.2,59.1
2026-07-24 14:03:30,26.2,59.1
2026-07-24 14:03:50,26.2,59.1
2026-07-24 14:04:10,26.2,59.1
2026-07-24 14:04:30,26.2,59.1
2026-07-24 14:04:50,26.2,59.1
2026-07-24 14:05:10,26.2,59.1
2026-07-24 14:05:30,26.2,59.1
2026-07-24 14:05:51,26.2,58.9
2026-07-24 14:06:10,26.2,58.9
2026-07-24 14:06:31,26.2,58.9
2026-07-24 14:06:51,26.2,58.8
2026-07-24 14:07:11,26.1,58.8
2026-07-24 14:07:31,26.1,58.9
2026-07-24 14:07:51,26.1,58.8
2026-07-24 14:08:11,26.1,58.8
2026-07-24 14:08:31,26.1,58.9
2026-07-24 14:08:51,26.1,58.7
2026-07-24 14:09:11,26.1,58.7
2026-07-24 14:09:31,26.1,58.8
2026-07-24 14:09:51,26.1,58.9
2026-07-24 14:10:11,26.0,58.8
2026-07-24 14:10:31,26.0,58.8
2026-07-24 14:10:51,26.0,58.8
2026-07-24 14:11:11,26.0,58.8
2026-07-24 14:11:31,26.0,58.8
2026-07-24 14:11:51,26.0,58.9
2026-07-24 14:12:11,26.0,58.8
2026-07-24 14:12:31,26.0,58.7
2026-07-24 14:12:51,26.0,58.8
2026-07-24 14:13:11,26.0,58.8
2026-07-24 14:13:31,26.0,58.7
2026-07-24 14:13:51,26.0,58.6
2026-07-24 14:14:11,26.0,58.5
2026-07-24 14:14:31,26.0,58.5
2026-07-24 14:14:51,26.0,58.4
2026-07-24 14:15:11,26.1,58.2
2026-07-24 14:15:31,26.1,58.2
2026-07-24 14:15:51,26.1,58.0
2026-07-24 14:16:11,26.1,58.0
2026-07-24 14:16:31,26.1,57.8
2026-07-24 14:16:51,26.1,57.7
2026-07-24 14:17:11,26.1,57.6
2026-07-24 14:17:31,26.1,57.5
2026-07-24 14:17:51,26.1,57.4
2026-07-24 14:18:11,26.1,57.5
2026-07-24 14:18:31,26.1,57.4
2026-07-24 14:18:51,26.1,57.4
2026-07-24 14:19:11,26.1,57.4
2026-07-24 14:19:31,26.1,57.4
2026-07-24 14:19:51,26.1,57.5
2026-07-24 14:20:11,26.1,57.5
2026-07-24 14:20:31,26.1,57.4
2026-07-24 14:20:51,26.2,57.4
2026-07-24 14:21:11,26.1,57.4
2026-07-24 14:21:31,26.1,57.4
2026-07-24 14:21:51,26.1,57.3
2026-07-24 14:22:11,26.1,57.2
2026-07-24 14:22:31,26.2,57.2
2026-07-24 14:22:52,26.2,57.1
2026-07-24 14:23:12,26.2,57.0
2026-07-24 14:23:32,26.3,57.0
2026-07-24 14:23:52,26.3,56.8
2026-07-24 14:24:12,26.2,56.7
2026-07-24 14:24:32,26.3,56.5
2026-07-24 14:24:52,26.3,56.6
2026-07-24 14:25:12,26.3,56.4
2026-07-24 14:25:32,26.3,56.4
2026-07-24 14:25:52,26.3,56.3
2026-07-24 14:26:12,26.3,56.4
2026-07-24 14:26:32,26.2,56.3
2026-07-24 14:26:52,26.2,56.2
2026-07-24 14:27:12,26.2,56.2
2026-07-24 14:27:32,26.2,56.2
2026-07-24 14:27:52,26.2,56.1
2026-07-24 14:28:12,26.3,56.0
2026-07-24 14:28:32,26.3,55.8
2026-07-24 14:28:52,26.3,55.6
2026-07-24 14:29:12,26.3,55.5
2026-07-24 14:29:32,26.3,55.4
2026-07-24 14:29:52,26.3,55.3
2026-07-24 14:30:12,26.3,55.3
2026-07-24 14:30:32,26.4,55.3
2026-07-24 14:30:52,26.4,55.2
2026-07-24 14:31:12,26.4,55.0
2026-07-24 14:31:32,26.4,55.0
2026-07-24 14:31:52,26.3,54.9
2026-07-24 14:32:12,26.3,54.9
2026-07-24 14:32:32,26.3,54.8
2026-07-24 14:32:52,26.3,54.8
2026-07-24 14:33:12,26.2,55.0
2026-07-24 14:33:32,26.2,55.0
2026-07-24 14:33:52,26.2,55.1
2026-07-24 14:34:12,26.2,55.1
2026-07-24 14:34:32,26.2,55.1
2026-07-24 14:34:52,26.2,55.3
2026-07-24 14:35:12,26.2,55.3
2026-07-24 14:35:32,26.2,55.4
2026-07-24 14:35:52,26.1,55.4
2026-07-24 14:36:12,26.1,55.6
2026-07-24 14:36:32,26.1,55.6
2026-07-24 14:36:52,26.2,55.7
2026-07-24 14:37:12,26.2,55.8
2026-07-24 14:37:32,26.2,55.9
2026-07-24 14:37:52,26.2,55.9
2026-07-24 14:38:12,26.2,56.0
2026-07-24 14:38:32,26.2,56.1
2026-07-24 14:38:52,26.2,56.3
2026-07-24 14:39:12,26.2,56.4
2026-07-24 14:39:32,26.2,56.5
2026-07-24 14:39:52,26.2,56.6
2026-07-24 14:40:12,26.3,56.7
2026-07-24 14:40:32,26.3,56.9
2026-07-24 14:40:53,26.3,56.9
2026-07-24 14:41:13,26.3,57.0
2026-07-24 14:41:33,26.3,57.0
2026-07-24 14:41:53,26.3,57.0
2026-07-24 14:42:13,26.3,57.1
2026-07-24 14:42:33,26.3,57.2
2026-07-24 14:42:53,26.3,57.2
2026-07-24 14:43:13,26.3,57.3
2026-07-24 14:43:33,26.3,57.4
2026-07-24 14:43:53,26.3,57.4
2026-07-24 14:44:13,26.3,57.4
2026-07-24 14:44:33,26.3,57.5
2026-07-24 14:44:53,26.3,57.5
2026-07-24 14:45:13,26.3,57.6
2026-07-24 14:45:33,26.3,57.7
2026-07-24 14:45:53,26.3,57.7
2026-07-24 14:46:13,26.3,57.8
2026-07-24 14:46:33,26.2,57.8
2026-07-24 14:46:53,26.3,58.0
2026-07-24 14:47:13,26.3,57.9
2026-07-24 14:47:33,26.3,57.9
2026-07-24 14:47:53,26.3,57.9
2026-07-24 14:48:13,26.3,58.0
2026-07-24 14:48:33,26.3,58.0
2026-07-24 14:48:53,26.3,58.0
2026-07-24 14:49:13,26.3,58.0
2026-07-24 14:49:33,26.3,58.1
2026-07-24 14:49:53,26.3,58.1
2026-07-24 14:50:13,26.2,58.2
2026-07-24 14:50:33,26.2,58.3
2026-07-24 14:50:53,26.2,58.3
2026-07-24 14:51:13,26.2,58.4
2026-07-24 14:51:33,26.2,58.4
2026-07-24 14:51:53,26.2,58.4
2026-07-24 14:52:13,26.2,58.5
2026-07-24 14:52:33,26.2,58.5
2026-07-24 14:52:53,26.2,58.5
2026-07-24 14:53:13,26.2,58.5
2026-07-24 14:53:33,26.2,58.5
2026-07-24 14:53:53,26.2,58.5
2026-07-24 14:54:13,26.2,58.5
2026-07-24 14:54:33,26.2,58.5
2026-07-24 14:54:53,26.2,58.5
2026-07-24 14:55:13,26.2,58.5
2026-07-24 14:55:33,26.2,58.5
2026-07-24 14:55:53,26.2,58.5
2026-07-24 14:56:13,26.2,58.5
2026-07-24 14:56:33,26.2,58.5
2026-07-24 14:56:54,26.2,58.5
2026-07-24 14:57:13,26.2,58.6
2026-07-24 14:57:34,26.2,58.6
2026-07-24 14:57:54,26.2,58.7
2026-07-24 14:58:13,26.2,
2026-07-24 14:58:14,,58.6
2026-07-24 14:58:34,26.2,58.6
2026-07-24 14:58:54,26.2,58.6
2026-07-24 14:59:14,26.2,58.6
2026-07-24 14:59:34,26.2,58.7
2026-07-24 14:59:54,26.1,58.7
2026-07-24 15:00:14,26.2,58.7
2026-07-24 15:00:34,26.2,58.8
2026-07-24 15:00:54,26.2,58.7
2026-07-24 15:01:14,26.2,58.7
2026-07-24 15:01:34,26.2,58.6
2026-07-24 15:01:54,26.2,58.6
2026-07-24 15:02:14,26.3,58.4
2026-07-24 15:02:34,26.2,58.3
2026-07-24 15:02:54,26.2,58.3
2026-07-24 15:03:14,26.2,58.2
2026-07-24 15:03:34,26.2,58.1
2026-07-24 15:03:54,26.2,58.1
2026-07-24 15:04:14,26.2,58.1
2026-07-24 15:04:34,26.2,58.0
2026-07-24 15:04:54,26.2,58.1
2026-07-24 15:05:14,26.1,58.2
2026-07-24 15:05:34,26.1,58.2
2026-07-24 15:05:54,26.1,58.3
2026-07-24 15:06:14,26.1,58.3
2026-07-24 15:06:34,26.1,58.3
2026-07-24 15:06:54,26.1,58.3
2026-07-24 15:07:14,26.1,58.3
2026-07-24 15:07:34,26.1,58.3
2026-07-24 15:07:54,26.1,58.4
2026-07-24 15:08:14,26.1,58.6
2026-07-24 15:08:34,26.1,58.5
2026-07-24 15:08:54,26.1,58.6
2026-07-24 15:09:14,26.1,58.6
2026-07-24 15:09:34,26.1,58.7
2026-07-24 15:09:54,26.1,58.7
2026-07-24 15:10:14,26.0,58.5
2026-07-24 15:10:34,26.1,58.5
2026-07-24 15:10:54,26.1,58.5
2026-07-24 15:11:14,26.1,58.3
2026-07-24 15:11:34,26.1,58.2
2026-07-24 15:11:54,26.1,58.2
2026-07-24 15:12:14,26.1,58.1
2026-07-24 15:12:34,26.0,58.1
2026-07-24 15:12:54,26.1,58.0
2026-07-24 15:13:14,26.0,58.0
2026-07-24 15:13:34,26.0,58.0
2026-07-24 15:13:54,26.0,57.9
2026-07-24 15:14:14,26.1,57.9
2026-07-24 15:14:34,26.1,57.9
2026-07-24 15:14:54,26.1,57.9
2026-07-24 15:15:15,26.1,57.9
2026-07-24 15:15:35,26.0,58.0
2026-07-24 15:15:55,26.1,57.9
2026-07-24 15:16:15,26.0,57.9
2026-07-24 15:16:35,26.0,57.9
2026-07-24 15:16:55,26.1,57.9
2026-07-24 15:17:15,26.0,57.9
2026-07-24 15:17:35,26.0,57.9
2026-07-24 15:17:55,26.1,57.9
2026-07-24 15:18:15,26.1,58.0
2026-07-24 15:18:35,26.0,58.0
2026-07-24 15:18:55,26.0,58.0
2026-07-24 15:19:15,26.0,58.0
2026-07-24 15:19:35,26.0,58.1
2026-07-24 15:19:55,26.0,58.1
2026-07-24 15:20:15,26.0,58.2
2026-07-24 15:20:35,26.0,58.2
2026-07-24 15:20:55,26.0,58.2
2026-07-24 15:21:15,26.0,58.2
2026-07-24 15:21:35,26.0,58.3
2026-07-24 15:21:55,26.0,58.3
2026-07-24 15:22:15,26.0,58.4
2026-07-24 15:22:35,25.9,58.4
2026-07-24 15:22:55,25.9,58.4
2026-07-24 15:23:15,25.9,58.5
2026-07-24 15:23:35,25.9,58.5
2026-07-24 15:23:55,25.9,58.6
2026-07-24 15:24:15,25.9,58.7
2026-07-24 15:24:35,25.9,58.6
2026-07-24 15:24:55,25.9,58.6
2026-07-24 15:25:15,25.9,58.6
2026-07-24 15:25:35,25.9,58.6
2026-07-24 15:25:55,25.9,58.6
2026-07-24 15:26:15,25.8,58.6
2026-07-24 15:26:35,25.9,58.6
2026-07-24 15:26:55,25.8,58.5
2026-07-24 15:27:15,25.8,58.5
2026-07-24 15:27:35,25.8,58.6
2026-07-24 15:27:55,25.8,58.6
2026-07-24 15:28:15,25.8,58.5
2026-07-24 15:28:35,25.8,58.6
2026-07-24 15:28:55,25.8,58.6
2026-07-24 15:29:15,25.7,58.7
2026-07-24 15:29:35,25.7,58.7
2026-07-24 15:29:55,25.7,58.7
2026-07-24 15:30:15,25.7,58.6
2026-07-24 15:30:35,25.7,58.6
2026-07-24 15:30:55,25.7,58.5
2026-07-24 15:31:15,25.7,58.3
2026-07-24 15:31:35,25.7,58.1
2026-07-24 15:31:55,25.8,
2026-07-24 15:31:56,,58.0
2026-07-24 15:32:15,25.7,
2026-07-24 15:32:16,,57.8
2026-07-24 15:32:35,25.7,57.7
2026-07-24 15:32:56,25.7,57.6
2026-07-24 15:33:16,25.8,57.5
2026-07-24 15:33:36,25.8,57.3
2026-07-24 15:33:56,25.8,57.4
2026-07-24 15:34:16,25.8,57.3
2026-07-24 15:34:36,25.8,57.4
2026-07-24 15:34:56,25.8,57.3
2026-07-24 15:35:16,25.8,57.2
2026-07-24 15:35:36,25.8,57.2
2026-07-24 15:35:56,25.8,57.2
2026-07-24 15:36:16,25.8,57.2
2026-07-24 15:36:36,25.8,57.2
2026-07-24 15:36:56,25.8,57.1
2026-07-24 15:37:16,25.8,57.2
2026-07-24 15:37:36,25.7,57.2
2026-07-24 15:37:56,25.7,57.3
2026-07-24 15:38:16,25.7,57.2
2026-07-24 15:38:36,25.7,57.3
2026-07-24 15:38:56,25.7,57.2
2026-07-24 15:39:16,25.7,57.2
2026-07-24 15:39:36,25.7,57.1
2026-07-24 15:39:56,25.7,57.1
2026-07-24 15:40:16,25.7,57.2
2026-07-24 15:40:36,25.7,57.1
2026-07-24 15:40:56,25.7,57.1
2026-07-24 15:41:16,25.7,57.1
2026-07-24 15:41:36,25.7,57.2
2026-07-24 15:41:56,25.7,57.3
2026-07-24 15:42:16,25.7,57.3
2026-07-24 15:42:36,25.7,57.2
2026-07-24 15:42:56,25.7,57.3
2026-07-24 15:43:16,25.7,57.2
2026-07-24 15:43:36,25.7,57.2
2026-07-24 15:43:56,25.7,57.2
2026-07-24 15:44:16,25.7,57.1
2026-07-24 15:44:36,25.7,57.2
2026-07-24 15:44:56,25.7,57.2
2026-07-24 15:45:16,25.7,57.2
2026-07-24 15:45:36,25.7,57.3
2026-07-24 15:45:56,25.7,57.5
2026-07-24 15:46:16,25.7,57.5
2026-07-24 15:46:36,25.6,57.4
2026-07-24 15:46:56,25.6,57.4
2026-07-24 15:47:16,25.7,57.3
2026-07-24 15:47:36,25.7,57.2
2026-07-24 15:47:56,25.7,57.1
2026-07-24 15:48:16,25.7,
2026-07-24 15:48:17,,57.0
2026-07-24 15:48:36,25.7,57.0
2026-07-24 15:48:56,25.7,56.8
2026-07-24 15:49:16,25.7,56.7
2026-07-24 15:49:37,25.7,56.6
2026-07-24 15:49:57,25.7,56.5
2026-07-24 15:50:17,25.7,56.5
2026-07-24 15:50:37,25.7,56.5
2026-07-24 15:50:57,25.7,56.6
2026-07-24 15:51:17,25.7,56.6
2026-07-24 15:51:37,25.7,56.5
2026-07-24 15:51:57,25.7,56.5
2026-07-24 15:52:17,25.7,56.5
2026-07-24 15:52:37,25.7,56.4
2026-07-24 15:52:57,25.7,56.3
2026-07-24 15:53:17,25.7,56.3
2026-07-24 15:53:37,25.7,56.4
2026-07-24 15:53:57,25.7,56.4
2026-07-24 15:54:17,25.7,56.4
2026-07-24 15:54:37,25.7,56.7
2026-07-24 15:54:57,25.7,56.9
2026-07-24 15:55:17,25.6,57.0
2026-07-24 15:55:37,25.6,56.9
2026-07-24 15:55:57,25.6,56.9
2026-07-24 15:56:17,25.6,56.9
2026-07-24 15:56:37,25.6,56.8
2026-07-24 15:56:57,25.6,56.9
2026-07-24 15:57:17,25.6,56.8
2026-07-24 15:57:37,25.6,56.8
2026-07-24 15:57:57,25.6,56.8
2026-07-24 15:58:17,25.7,56.8
2026-07-24 15:58:37,25.6,56.8
2026-07-24 15:58:57,25.6,56.9
2026-07-24 15:59:17,25.7,56.8
2026-07-24 15:59:37,25.6,56.8
2026-07-24 15:59:57,25.7,56.9
2026-07-24 16:00:17,25.7,56.8
2026-07-24 16:00:37,25.7,56.9
2026-07-24 16:00:57,25.7,56.9
2026-07-24 16:01:17,25.7,56.8
2026-07-24 16:01:37,25.7,56.9
2026-07-24 16:01:57,25.7,56.9
2026-07-24 16:02:17,25.7,56.9
2026-07-24 16:02:37,25.7,57.0
2026-07-24 16:02:57,25.7,56.9
2026-07-24 16:03:17,25.7,56.9
2026-07-24 16:03:37,25.7,56.9
2026-07-24 16:03:57,25.7,57.0
2026-07-24 16:04:17,25.7,57.0
2026-07-24 16:04:37,25.7,57.1
2026-07-24 16:04:57,25.7,57.1
2026-07-24 16:05:17,25.6,57.1
2026-07-24 16:05:37,25.6,
2026-07-24 16:05:38,,57.1
2026-07-24 16:05:57,25.6,57.2
2026-07-24 16:06:18,25.6,57.4
2026-07-24 16:06:38,25.6,57.4
2026-07-24 16:06:58,25.6,57.4
2026-07-24 16:07:18,25.6,57.4
2026-07-24 16:07:38,25.6,57.5
2026-07-24 16:07:58,25.6,57.5
2026-07-24 16:08:18,25.5,57.5
2026-07-24 16:08:38,25.5,57.6
2026-07-24 16:08:58,25.5,57.7
2026-07-24 16:09:18,25.5,57.7
2026-07-24 16:09:38,25.5,57.8
2026-07-24 16:09:58,25.5,57.7
2026-07-24 16:10:18,25.5,57.8
2026-07-24 16:10:38,25.5,57.7
2026-07-24 16:10:58,25.5,57.8
2026-07-24 16:11:18,25.5,57.7
2026-07-24 16:11:38,25.5,57.8
2026-07-24 16:11:58,25.5,57.9
2026-07-24 16:12:18,25.5,57.8
2026-07-24 16:12:38,25.5,58.1
2026-07-24 16:12:58,25.5,58.2
2026-07-24 16:13:18,25.5,58.3
2026-07-24 16:13:38,25.5,58.3
2026-07-24 16:13:58,25.4,58.3
2026-07-24 16:14:18,25.5,58.4
2026-07-24 16:14:38,25.5,58.4
2026-07-24 16:14:58,25.5,58.4
2026-07-24 16:15:18,25.5,58.5
2026-07-24 16:15:38,25.5,58.4
2026-07-24 16:15:58,25.5,58.5
2026-07-24 16:16:18,25.5,58.4
2026-07-24 16:16:38,25.5,58.4
2026-07-24 16:16:58,25.5,58.5
2026-07-24 16:17:18,25.5,58.5
2026-07-24 16:17:38,25.5,58.5
2026-07-24 16:17:58,25.5,58.6
2026-07-24 16:18:18,25.5,58.5
2026-07-24 16:18:38,25.5,58.6
2026-07-24 16:18:58,25.5,58.6
2026-07-24 16:19:18,25.5,58.6
2026-07-24 16:19:38,25.5,58.6
2026-07-24 16:19:58,25.5,58.6
2026-07-24 16:20:18,25.5,58.6
2026-07-24 16:20:38,25.5,58.5
2026-07-24 16:20:58,25.6,58.6
2026-07-24 16:21:18,25.5,58.5
2026-07-24 16:21:38,25.5,58.5
2026-07-24 16:21:58,25.6,58.5
2026-07-24 16:22:18,25.5,58.5
2026-07-24 16:22:38,25.5,58.5
2026-07-24 16:22:58,25.5,58.4
2026-07-24 16:23:18,25.5,58.5
2026-07-24 16:23:38,25.5,58.4
2026-07-24 16:23:58,25.5,
2026-07-24 16:23:59,,58.6
2026-07-24 16:24:18,25.5,58.6
2026-07-24 16:24:39,25.5,58.6
2026-07-24 16:24:59,25.5,58.7
2026-07-24 16:25:19,25.5,58.6
2026-07-24 16:25:39,25.5,58.6
2026-07-24 16:25:59,25.5,58.6
2026-07-24 16:26:19,25.6,58.5
2026-07-24 16:26:39,25.5,58.5
2026-07-24 16:26:59,25.6,58.5
2026-07-24 16:27:19,25.5,58.4
2026-07-24 16:27:39,25.5,58.4
2026-07-24 16:27:59,25.6,58.4
2026-07-24 16:28:19,25.5,58.5
2026-07-24 16:28:39,25.5,58.5
2026-07-24 16:28:59,25.6,58.6
2026-07-24 16:29:19,25.5,58.6
2026-07-24 16:29:39,25.5,58.7
2026-07-24 16:29:59,25.5,58.7
2026-07-24 16:30:19,25.5,58.8
2026-07-24 16:30:39,25.5,58.8
2026-07-24 16:30:59,25.5,59.0
2026-07-24 16:31:19,25.5,59.1
2026-07-24 16:31:39,25.4,59.2
2026-07-24 16:31:59,25.4,59.2
2026-07-24 16:32:19,25.4,59.3
2026-07-24 16:32:39,25.4,59.4
2026-07-24 16:32:59,25.4,59.5
2026-07-24 16:33:19,25.4,59.6
2026-07-24 16:33:39,25.4,59.6
2026-07-24 16:33:59,25.4,59.7
2026-07-24 16:34:19,25.4,59.8
2026-07-24 16:34:39,25.4,59.8
2026-07-24 16:34:59,25.4,59.9
2026-07-24 16:35:19,25.3,59.9
2026-07-24 16:35:39,25.4,60.0
2026-07-24 16:35:59,25.3,60.0
2026-07-24 16:36:19,25.3,60.1
2026-07-24 16:36:39,25.3,60.0
2026-07-24 16:36:59,25.3,60.2
2026-07-24 16:37:19,25.3,60.2
2026-07-24 16:37:39,25.4,60.3
2026-07-24 16:37:59,25.3,60.3
2026-07-24 16:38:19,25.3,60.4
2026-07-24 16:38:39,25.3,60.3
2026-07-24 16:38:59,25.3,60.4
2026-07-24 16:39:19,25.3,60.5
2026-07-24 16:39:39,25.3,60.6
2026-07-24 16:39:59,25.3,60.6
2026-07-24 16:40:19,25.3,60.6
2026-07-24 16:40:39,25.3,60.7
2026-07-24 16:41:00,25.3,60.7
2026-07-24 16:41:19,25.3,60.8
2026-07-24 16:41:39,25.3,60.8
2026-07-24 16:41:59,25.3,60.8
2026-07-24 16:42:19,25.3,
2026-07-24 16:42:20,,60.9
2026-07-24 16:42:40,25.3,60.9
2026-07-24 16:43:00,25.3,60.9
2026-07-24 16:43:20,25.3,60.9
2026-07-24 16:43:40,25.3,60.9
2026-07-24 16:44:00,25.3,60.9
2026-07-24 16:44:20,25.3,60.9
2026-07-24 16:44:40,25.3,60.9
2026-07-24 16:45:00,25.3,60.9
2026-07-24 16:45:20,25.3,61.0
2026-07-24 16:45:40,25.3,61.0
2026-07-24 16:46:00,25.2,61.0
2026-07-24 16:46:20,25.2,61.0
2026-07-24 16:46:40,25.2,61.0
2026-07-24 16:47:00,25.2,61.1
2026-07-24 16:47:20,25.2,61.2
2026-07-24 16:49:20,25.2,61.2
2026-07-24 16:49:40,25.2,61.2
2026-07-24 16:50:00,25.2,61.2
2026-07-24 16:50:20,25.2,61.1
2026-07-24 16:50:40,25.2,61.2
2026-07-24 16:51:00,25.2,61.1
2026-07-24 16:51:20,25.2,61.1
2026-07-24 16:51:40,25.2,61.1
2026-07-24 16:52:00,25.1,61.0
2026-07-24 16:52:20,25.1,60.9
2026-07-24 16:52:40,25.1,60.9
2026-07-24 16:53:00,25.1,60.9
2026-07-24 16:53:20,25.1,60.9
2026-07-24 16:53:40,25.1,60.9
2026-07-24 16:54:00,25.1,60.9
2026-07-24 16:54:20,25.1,61.0
2026-07-24 16:54:40,25.0,60.9
2026-07-24 16:55:00,25.0,61.0
2026-07-24 16:55:20,24.9,61.0
2026-07-24 16:55:40,24.9,61.1
2026-07-24 16:56:00,24.9,61.2
2026-07-24 16:56:20,24.8,61.2
2026-07-24 16:56:40,24.8,61.3
2026-07-24 16:57:00,24.8,61.4
2026-07-24 16:57:20,24.8,61.4
2026-07-24 16:57:40,24.8,61.4
2026-07-24 16:58:00,24.7,61.6
2026-07-24 16:58:20,24.7,61.6
2026-07-24 16:58:40,24.7,
2026-07-24 16:58:41,,61.6
2026-07-24 16:59:00,24.7,61.7
2026-07-24 16:59:21,24.7,61.8
2026-07-24 16:59:40,24.7,61.8
2026-07-24 17:00:01,24.7,61.8
2026-07-24 17:00:21,24.7,61.8
2026-07-24 17:00:41,24.7,61.9
2026-07-24 17:01:01,24.7,61.9
2026-07-24 17:01:21,24.7,61.8
2026-07-24 17:01:41,24.7,61.8
2026-07-24 17:02:21,24.6,61.9
2026-07-24 17:02:41,24.6,61.9
2026-07-24 17:03:01,24.6,62.0
2026-07-24 17:03:21,24.6,62.0
2026-07-24 17:03:41,24.6,62.0
2026-07-24 17:04:01,24.6,62.0
2026-07-24 17:04:21,24.6,62.1
2026-07-24 17:04:41,24.6,62.1
2026-07-24 17:05:01,24.6,62.1
2026-07-24 17:05:21,24.6,62.1
2026-07-24 17:05:41,24.6,62.2
2026-07-24 17:06:01,24.6,62.2
2026-07-24 17:06:21,24.6,62.2
2026-07-24 17:06:41,24.6,62.3
2026-07-24 17:07:01,24.6,62.3
2026-07-24 17:07:21,24.6,62.3
2026-07-24 17:07:41,24.6,62.4
2026-07-24 17:08:01,24.6,62.4
2026-07-24 17:08:21,24.5,62.3
2026-07-24 17:08:41,24.5,62.4
2026-07-24 17:09:01,24.5,62.4
2026-07-24 17:09:21,24.5,62.4
2026-07-24 17:09:41,24.5,62.6
2026-07-24 17:10:01,24.5,62.6
2026-07-24 17:10:21,24.5,62.5
2026-07-24 17:10:41,24.5,62.5
2026-07-24 17:11:01,24.5,62.5
2026-07-24 17:11:21,24.5,62.6
2026-07-24 17:11:41,24.5,62.6
2026-07-24 17:12:01,24.5,62.6
2026-07-24 17:12:21,24.5,62.6
2026-07-24 17:12:41,24.5,62.5
2026-07-24 17:13:01,24.6,62.5
2026-07-24 17:13:21,24.6,62.5
2026-07-24 17:13:41,24.6,62.5
2026-07-24 17:14:01,24.6,62.4
2026-07-24 17:14:21,24.6,62.3
2026-07-24 17:14:41,24.6,62.3
2026-07-24 17:15:01,24.6,62.3
2026-07-24 17:15:22,24.6,62.3
2026-07-24 17:15:41,24.6,62.2
2026-07-24 17:16:01,24.7,62.2
2026-07-24 17:16:21,24.7,62.1
2026-07-24 17:16:41,24.7,62.1
2026-07-24 17:17:01,24.7,62.0
2026-07-24 17:17:22,24.7,62.0
2026-07-24 17:17:42,24.7,62.0
2026-07-24 17:18:02,24.7,62.0
2026-07-24 17:18:22,24.7,62.0
2026-07-24 17:18:42,24.7,62.0
2026-07-24 17:19:02,24.7,62.0
2026-07-24 17:19:22,24.7,62.1
2026-07-24 17:19:42,24.7,62.0
2026-07-24 17:20:02,24.7,62.1
2026-07-24 17:20:22,24.7,62.1
2026-07-24 17:20:42,24.7,62.0
2026-07-24 17:21:02,24.7,62.0
2026-07-24 17:21:22,24.7,62.0
2026-07-24 17:21:42,24.7,62.1
2026-07-24 17:22:02,24.7,62.0
2026-07-24 17:22:22,24.7,62.1
2026-07-24 17:22:42,24.6,62.1
2026-07-24 17:23:02,24.7,62.3
2026-07-24 17:23:22,24.6,62.3
2026-07-24 17:23:42,24.6,62.3
2026-07-24 17:24:02,24.6,62.3
2026-07-24 17:24:22,24.6,62.3
2026-07-24 17:24:42,24.6,62.3
2026-07-24 17:25:02,24.6,62.3
2026-07-24 17:25:22,24.6,62.3
2026-07-24 17:25:42,24.6,62.4
2026-07-24 17:26:02,24.6,62.3
2026-07-24 17:26:22,24.6,62.4
2026-07-24 17:26:42,24.6,62.3
2026-07-24 17:27:02,24.6,62.4
2026-07-24 17:27:22,24.6,62.3
2026-07-24 17:27:42,24.6,62.4
2026-07-24 17:28:02,24.6,62.5
2026-07-24 17:28:22,24.5,62.5
2026-07-24 17:28:42,24.5,62.5
2026-07-24 17:29:02,24.5,62.5
2026-07-24 17:29:22,24.5,62.6
2026-07-24 17:29:42,24.4,62.7
2026-07-24 17:30:02,24.4,62.8
2026-07-24 17:30:22,24.5,62.9
2026-07-24 17:30:42,24.4,
2026-07-24 17:30:43,,62.9
2026-07-24 17:31:02,24.5,62.9
2026-07-24 17:31:22,24.5,62.9
2026-07-24 17:31:42,24.5,62.9
2026-07-24 17:32:02,24.5,62.9
2026-07-24 17:32:22,24.5,62.8
2026-07-24 17:32:42,24.5,62.8
2026-07-24 17:33:02,24.5,62.9
2026-07-24 17:33:22,24.5,62.9
2026-07-24 17:33:42,24.5,62.8
2026-07-24 17:34:02,24.5,62.8
2026-07-24 17:34:22,24.6,62.9
2026-07-24 17:34:42,24.6,62.8
2026-07-24 17:35:03,24.6,62.9
2026-07-24 17:35:23,24.6,62.9
2026-07-24 17:35:43,24.6,62.9
2026-07-24 17:36:03,24.6,62.9
2026-07-24 17:36:23,24.6,62.9
2026-07-24 17:36:43,24.6,62.9
2026-07-24 17:37:03,24.6,62.9
2026-07-24 17:37:23,24.6,62.8
2026-07-24 17:37:43,24.6,62.8
2026-07-24 17:38:03,24.6,62.9
2026-07-24 17:38:23,24.6,62.9
2026-07-24 17:38:43,24.6,62.8
2026-07-24 17:39:03,24.6,62.9
2026-07-24 17:39:23,24.6,62.8
2026-07-24 17:39:43,24.6,62.9
2026-07-24 17:40:03,24.6,62.9
2026-07-24 17:40:23,24.6,62.9
2026-07-24 17:40:43,24.5,62.9
2026-07-24 17:41:03,24.5,62.9
2026-07-24 17:41:23,24.5,62.9
2026-07-24 17:41:43,24.5,63.0
2026-07-24 17:42:03,24.5,63.1
2026-07-24 17:42:23,24.5,63.1
2026-07-24 17:42:50,24.5,63.3
2026-07-24 17:43:10,24.5,63.5
2026-07-24 17:43:30,24.5,63.3
2026-07-24 17:43:50,24.5,63.0
2026-07-24 17:44:10,24.5,63.0
2026-07-24 17:44:30,24.5,63.0
2026-07-24 17:44:50,24.5,
2026-07-24 17:44:51,,63.0
2026-07-24 17:45:11,24.5,63.1
2026-07-24 17:45:31,24.5,63.1
2026-07-24 17:45:51,24.5,63.1
2026-07-24 17:46:11,24.5,63.0
2026-07-24 17:46:31,24.5,63.0
2026-07-24 17:46:51,24.5,63.0
2026-07-24 17:47:11,24.5,63.1
2026-07-24 17:47:31,24.5,63.1
2026-07-24 17:47:51,24.5,63.1
2026-07-24 17:48:11,24.5,63.4
2026-07-24 17:48:31,24.5,63.4
2026-07-24 17:48:51,24.5,63.3
2026-07-24 17:49:11,24.5,63.3
2026-07-24 17:49:31,24.5,63.4
2026-07-24 17:49:51,24.5,63.3
2026-07-24 17:50:11,24.5,63.3
2026-07-24 17:50:31,24.5,63.3
2026-07-24 17:50:51,24.5,63.4
2026-07-24 17:51:11,24.5,63.3
2026-07-24 17:51:31,24.5,63.4
2026-07-24 17:51:51,24.5,63.4
2026-07-24 17:52:11,24.5,63.5
2026-07-24 17:52:31,24.5,63.5
2026-07-24 17:52:51,24.5,63.5
2026-07-24 17:53:11,24.5,63.4
2026-07-24 17:53:31,24.5,63.4
2026-07-24 17:53:51,24.5,63.4
2026-07-24 17:54:11,24.5,63.6
2026-07-24 17:54:31,24.5,63.5
2026-07-24 17:54:51,24.5,63.4
2026-07-24 17:55:11,24.5,63.4
2026-07-24 17:55:31,24.5,63.4
2026-07-24 17:55:51,24.5,63.4
2026-07-24 17:56:11,24.5,63.4
2026-07-24 17:56:31,24.5,63.4
2026-07-24 17:56:51,24.5,63.5
2026-07-24 17:57:11,24.5,63.6
2026-07-24 17:57:31,24.5,63.6
2026-07-24 17:57:51,24.5,63.5
2026-07-24 17:58:11,24.5,63.5
2026-07-24 17:58:31,24.5,63.6
2026-07-24 17:58:51,24.5,63.6
2026-07-24 17:59:11,24.5,63.6
2026-07-24 17:59:31,24.5,63.6
2026-07-24 17:59:52,24.5,63.5
2026-07-24 18:00:12,24.5,63.4
2026-07-24 18:00:32,24.5,63.3
2026-07-24 18:00:52,24.5,63.4
2026-07-24 18:01:12,24.5,63.5
2026-07-24 18:01:32,24.5,63.4
2026-07-24 18:01:52,24.4,63.4
2026-07-24 18:02:12,24.5,63.4
2026-07-24 18:02:32,24.5,63.5
2026-07-24 18:02:52,24.4,63.5
2026-07-24 18:03:12,24.4,63.5
2026-07-24 18:03:32,24.4,63.4
2026-07-24 18:03:52,24.4,63.5
2026-07-24 18:04:12,24.4,63.4
2026-07-24 18:04:32,24.4,63.6
2026-07-24 18:04:52,24.4,63.7
2026-07-24 18:05:12,24.4,63.6
2026-07-24 18:05:32,24.4,63.5
2026-07-24 18:05:52,24.4,63.3
2026-07-24 18:06:12,24.4,63.4
2026-07-24 18:06:32,24.4,63.3
2026-07-24 18:06:52,24.4,63.3
2026-07-24 18:07:12,24.4,63.3
2026-07-24 18:07:32,24.5,63.2
2026-07-24 18:07:52,24.4,63.2
2026-07-24 18:08:12,24.4,63.1
2026-07-24 18:08:32,24.5,63.1
2026-07-24 18:08:52,24.4,63.1
2026-07-24 18:09:12,24.5,63.1
2026-07-24 18:09:32,24.4,63.0
2026-07-24 18:09:52,24.4,63.0
2026-07-24 18:10:12,24.4,63.2
2026-07-24 18:10:32,24.4,63.1
2026-07-24 18:10:52,24.4,63.1
2026-07-24 18:11:12,24.4,63.0
2026-07-24 18:11:32,24.4,63.0
2026-07-24 18:11:52,24.4,63.0
2026-07-24 18:12:12,24.4,63.0
2026-07-24 18:12:32,24.4,63.0
2026-07-24 18:12:52,24.4,63.1
2026-07-24 18:13:12,24.4,63.0
2026-07-24 18:13:32,24.4,63.0
2026-07-24 18:13:52,24.4,62.9
2026-07-24 18:14:12,24.4,62.9
2026-07-24 18:14:32,24.4,62.9
2026-07-24 18:14:52,24.3,62.8
2026-07-24 18:15:12,24.3,62.9
2026-07-24 18:15:32,24.3,62.9
2026-07-24 18:15:52,24.3,62.9
2026-07-24 18:16:12,24.3,62.9
2026-07-24 18:16:32,24.3,62.9
2026-07-24 18:16:52,24.3,62.8
2026-07-24 18:17:13,24.3,62.9
2026-07-24 18:17:33,24.3,62.9
2026-07-24 18:17:53,24.3,62.9
2026-07-24 18:18:13,24.3,62.8
2026-07-24 18:18:33,24.3,62.9
2026-07-24 18:18:53,24.3,62.8
2026-07-24 18:19:13,24.4,62.9
2026-07-24 18:19:33,24.3,62.8
2026-07-24 18:19:53,24.3,62.7
2026-07-24 18:20:13,24.3,62.8
2026-07-24 18:20:33,24.3,62.9
2026-07-24 18:20:53,24.3,62.8
2026-07-24 18:21:13,24.3,62.8
2026-07-24 18:21:33,24.3,62.8
2026-07-24 18:21:53,24.3,62.8
2026-07-24 18:22:13,24.3,62.7
2026-07-24 18:22:33,24.3,62.6
2026-07-24 18:22:53,24.3,62.8
2026-07-24 18:23:13,24.3,62.4
2026-07-24 18:23:33,24.3,62.2
2026-07-24 18:23:53,24.2,62.2
2026-07-24 18:24:13,24.2,62.4
2026-07-24 18:24:33,24.2,62.5
2026-07-24 18:24:53,24.2,62.2
2026-07-24 18:25:13,24.2,62.2
2026-07-24 18:25:33,24.2,62.1
2026-07-24 18:25:53,24.2,62.1
2026-07-24 18:26:13,24.2,62.1
2026-07-24 18:26:33,24.1,62.0
2026-07-24 18:26:53,24.1,62.0
2026-07-24 18:27:13,24.1,62.1
2026-07-24 18:27:33,24.1,62.0
2026-07-24 18:27:53,24.1,62.0
2026-07-24 18:28:13,24.1,62.1
2026-07-24 18:28:33,24.1,62.2
2026-07-24 18:28:53,24.1,62.1
2026-07-24 18:29:13,24.1,62.1
2026-07-24 18:29:33,24.1,62.1
2026-07-24 18:29:53,24.1,62.2
2026-07-24 18:30:13,24.1,62.1
2026-07-24 18:30:33,24.1,62.1
2026-07-24 18:30:53,24.1,62.2
2026-07-24 18:31:13,24.1,62.2
2026-07-24 18:31:33,24.1,62.0
2026-07-24 18:31:53,24.1,62.0
2026-07-24 18:32:13,24.1,62.0
2026-07-24 18:32:33,24.1,61.7
2026-07-24 18:32:53,24.1,61.6
2026-07-24 18:33:13,24.0,61.6
2026-07-24 18:33:33,24.1,61.6
2026-07-24 18:33:53,24.0,61.6
2026-07-24 18:34:13,24.0,61.6
2026-07-24 18:34:34,24.1,61.7
2026-07-24 18:34:54,24.1,61.9
2026-07-24 18:35:14,24.0,61.8
2026-07-24 18:35:34,24.1,61.7
2026-07-24 18:35:54,24.1,61.6
2026-07-24 18:36:14,24.0,61.5
2026-07-24 18:36:34,24.0,61.5
2026-07-24 18:36:54,24.0,61.7
2026-07-24 18:37:14,24.0,61.7
2026-07-24 18:37:34,24.0,61.7
2026-07-24 18:37:54,24.0,61.6
2026-07-24 18:38:14,24.0,61.5
2026-07-24 18:38:34,24.0,61.5
2026-07-24 18:38:54,24.0,61.6
2026-07-24 18:39:14,24.0,61.6
2026-07-24 18:39:34,24.0,61.8
2026-07-24 18:39:54,24.0,62.1
2026-07-24 18:40:14,24.1,61.8
2026-07-24 18:40:34,24.1,61.6
2026-07-24 18:40:54,24.1,61.5
2026-07-24 18:41:14,24.1,61.4
2026-07-24 18:41:34,24.1,61.2
2026-07-24 18:41:54,24.1,61.0
2026-07-24 18:42:14,24.1,61.2
2026-07-24 18:42:34,24.1,61.1
2026-07-24 18:42:54,24.0,61.0
2026-07-24 18:43:14,24.0,61.0
2026-07-24 18:43:34,24.0,61.1
2026-07-24 18:43:54,24.0,61.4
2026-07-24 18:44:14,24.0,61.4
2026-07-24 18:44:34,24.0,61.3
2026-07-24 18:44:54,23.9,61.2
2026-07-24 18:45:14,23.9,61.3
2026-07-24 18:45:34,23.9,61.3
2026-07-24 18:45:54,23.9,61.5
2026-07-24 18:46:14,23.9,61.3
2026-07-24 18:46:34,23.9,61.2
2026-07-24 18:46:54,23.9,61.3
2026-07-24 18:47:14,23.9,61.3
2026-07-24 18:47:34,23.9,61.3
2026-07-24 18:47:54,23.9,61.3
2026-07-24 18:48:14,23.9,61.3
2026-07-24 18:48:34,23.9,61.4
2026-07-24 18:48:55,23.8,61.5
2026-07-24 18:49:14,23.9,61.4
2026-07-24 18:49:34,23.9,61.4
2026-07-24 18:49:54,23.9,61.4
2026-07-24 18:50:15,23.8,61.4
2026-07-24 18:50:34,23.8,
2026-07-24 18:50:35,,61.3
2026-07-24 18:50:54,23.8,61.5
2026-07-24 18:51:15,23.8,61.5
2026-07-24 18:51:35,23.8,61.5
2026-07-24 18:51:55,23.8,61.5
2026-07-24 18:52:15,23.8,61.4
2026-07-24 18:52:35,23.8,61.4
2026-07-24 18:52:55,23.8,61.4
2026-07-24 18:53:15,23.8,61.4
2026-07-24 18:53:35,23.8,61.4
2026-07-24 18:53:55,23.8,61.4
2026-07-24 18:54:15,23.8,61.5
2026-07-24 18:54:35,23.8,61.4
2026-07-24 18:54:55,23.8,61.5
2026-07-24 18:55:15,23.8,61.4
2026-07-24 18:55:35,23.8,61.4
2026-07-24 18:55:55,23.8,61.4
2026-07-24 18:56:15,23.8,61.4
2026-07-24 18:56:35,23.8,61.5
2026-07-24 18:56:55,23.8,61.4
2026-07-24 18:57:15,23.8,61.3
2026-07-24 18:57:35,23.8,61.4
2026-07-24 18:57:55,23.8,61.4
2026-07-24 18:58:15,23.8,61.5
2026-07-24 18:58:35,23.8,61.4
2026-07-24 18:58:55,23.8,61.4
2026-07-24 18:59:15,23.8,61.4
2026-07-24 18:59:35,23.8,61.3
2026-07-24 18:59:55,23.8,61.3
2026-07-24 19:00:15,23.8,61.3
2026-07-24 19:00:35,23.8,61.3
2026-07-24 19:00:55,23.8,61.3
2026-07-24 19:01:15,23.8,61.3
2026-07-24 19:01:35,23.8,61.3
2026-07-24 19:01:55,23.8,61.3
2026-07-24 19:02:15,23.8,61.3
2026-07-24 19:02:35,23.8,61.3
2026-07-24 19:02:55,23.8,61.3
2026-07-24 19:03:15,23.8,61.2
2026-07-24 19:03:35,23.8,61.3
2026-07-24 19:03:55,23.7,61.2
2026-07-24 19:04:15,23.8,61.2
2026-07-24 19:04:35,23.7,61.2
2026-07-24 19:04:55,23.7,61.2
2026-07-24 19:05:15,23.7,61.2
2026-07-24 19:05:35,23.7,61.2
2026-07-24 19:05:55,23.8,61.1
2026-07-24 19:06:16,23.7,61.1
2026-07-24 19:06:35,23.7,61.1
2026-07-24 19:06:55,23.7,61.1
2026-07-24 19:07:15,23.7,61.1
2026-07-24 19:07:35,23.7,61.2
2026-07-24 19:07:56,23.7,61.2
2026-07-24 19:08:15,23.7,61.2
2026-07-24 19:08:36,23.7,61.2
2026-07-24 19:08:56,23.7,61.2
2026-07-24 19:09:16,23.7,61.2
2026-07-24 19:09:36,23.7,61.1
2026-07-24 19:09:56,23.7,61.1
2026-07-24 19:10:16,23.7,61.1
2026-07-24 19:10:36,23.7,61.1
2026-07-24 19:10:56,23.7,61.1
2026-07-24 19:11:16,23.7,61.1
2026-07-24 19:11:36,23.7,61.2
2026-07-24 19:11:56,23.6,61.2
2026-07-24 19:12:16,23.7,61.3
2026-07-24 19:12:36,23.6,61.3
2026-07-24 19:12:56,23.6,61.3
2026-07-24 19:13:16,23.6,61.3
2026-07-24 19:13:36,23.6,61.4
2026-07-24 19:13:56,23.7,61.5
2026-07-24 19:14:16,23.7,61.5
2026-07-24 19:14:36,23.7,61.4
2026-07-24 19:14:56,23.7,61.3
2026-07-24 19:15:16,23.7,61.2
2026-07-24 19:15:36,23.7,61.2
2026-07-24 19:15:56,23.7,61.2
2026-07-24 19:16:16,23.7,61.1
2026-07-24 19:16:36,23.6,61.2
2026-07-24 19:16:56,23.6,61.2
2026-07-24 19:17:16,23.6,61.2
2026-07-24 19:17:36,23.7,61.2
2026-07-24 19:17:56,23.6,61.2
2026-07-24 19:18:16,23.7,61.3
2026-07-24 19:18:36,23.7,61.3
2026-07-24 19:18:56,23.7,61.2
2026-07-24 19:19:16,23.7,61.2
2026-07-24 19:19:36,23.7,61.3
2026-07-24 19:19:56,23.7,61.2
2026-07-24 19:20:16,23.7,61.2
2026-07-24 19:20:36,23.6,61.3
2026-07-24 19:20:56,23.7,61.3
2026-07-24 19:21:16,23.7,61.4
2026-07-24 19:21:36,23.7,61.3
2026-07-24 19:21:56,23.7,61.2
2026-07-24 19:22:16,23.6,61.2
2026-07-24 19:22:36,23.7,61.3
2026-07-24 19:22:56,23.6,61.2
2026-07-24 19:23:16,23.7,61.3
2026-07-24 19:23:36,23.6,61.2
2026-07-24 19:23:56,23.6,61.2
2026-07-24 19:24:17,23.6,61.1
2026-07-24 19:24:36,23.6,61.1
2026-07-24 19:24:57,23.6,61.1
2026-07-24 19:25:17,23.6,61.1
2026-07-24 19:25:36,23.6,
2026-07-24 19:25:37,,61.1
2026-07-24 19:25:57,23.6,61.1
2026-07-24 19:26:17,23.6,61.1
2026-07-24 19:26:37,23.6,61.1
2026-07-24 19:26:57,23.6,61.1
2026-07-24 19:27:17,23.6,61.2
2026-07-24 19:27:37,23.6,61.3
2026-07-24 19:27:57,23.6,61.3
2026-07-24 19:28:17,23.6,61.3
2026-07-24 19:28:37,23.6,61.3
2026-07-24 19:28:57,23.6,61.2
2026-07-24 19:29:17,23.6,61.2
2026-07-24 19:29:37,23.7,61.2
2026-07-24 19:29:57,23.7,61.2
2026-07-24 19:30:17,23.7,61.2
2026-07-24 19:30:37,23.7,61.1
2026-07-24 19:30:57,23.7,61.0
2026-07-24 19:31:17,23.7,61.0
2026-07-24 19:31:37,23.7,61.0
2026-07-24 19:31:57,23.6,60.9
2026-07-24 19:32:17,23.6,60.9
2026-07-24 19:32:37,23.6,60.8
2026-07-24 19:32:57,23.6,60.9
2026-07-24 19:33:17,23.6,60.9
2026-07-24 19:33:37,23.6,60.9
2026-07-24 19:33:57,23.6,60.9
2026-07-24 19:34:17,23.6,60.9
2026-07-24 19:34:37,23.6,60.9
2026-07-24 19:34:57,23.6,61.0
2026-07-24 19:35:17,23.6,61.0
2026-07-24 19:35:37,23.6,61.0
2026-07-24 19:35:57,23.6,61.1
2026-07-24 19:36:17,23.6,61.1
2026-07-24 19:36:37,23.6,61.0
2026-07-24 19:36:57,23.7,61.0
2026-07-24 19:37:17,23.7,60.9
2026-07-24 19:37:37,23.7,60.9
2026-07-24 19:37:57,23.7,61.0
2026-07-24 19:38:17,23.7,60.9
2026-07-24 19:38:37,23.7,61.0
2026-07-24 19:38:57,23.7,60.9
2026-07-24 19:39:18,23.7,60.9
2026-07-24 19:39:37,23.7,60.9
2026-07-24 19:39:57,23.7,60.9
2026-07-24 19:40:17,23.7,61.0
2026-07-24 19:40:38,23.7,61.0
2026-07-24 19:40:57,23.7,60.9
2026-07-24 19:41:17,23.7,60.9
2026-07-24 19:41:38,23.7,61.0
2026-07-24 19:41:58,23.7,61.0
2026-07-24 19:42:18,23.7,61.1
2026-07-24 19:42:38,23.7,61.0
2026-07-24 19:42:58,23.7,61.0
2026-07-24 19:43:18,23.7,61.0
2026-07-24 19:43:38,23.7,60.9
2026-07-24 19:43:58,23.7,60.9
2026-07-24 19:44:18,23.8,60.9
2026-07-24 19:44:38,23.7,60.8
2026-07-24 19:44:58,23.7,60.8
2026-07-24 19:45:18,23.7,60.8
2026-07-24 19:45:38,23.7,60.9
2026-07-24 19:45:58,23.7,60.8
2026-07-24 19:46:18,23.7,60.8
2026-07-24 19:46:38,23.7,60.9
2026-07-24 19:46:58,23.7,60.8
2026-07-24 19:47:18,23.7,60.8
2026-07-24 19:47:38,23.7,60.7
2026-07-24 19:47:58,23.7,60.8
2026-07-24 19:48:18,23.7,60.8
2026-07-24 19:48:38,23.7,60.8
2026-07-24 19:48:58,23.7,60.8
2026-07-24 19:49:18,23.7,60.8
2026-07-24 19:49:38,23.7,60.8
2026-07-24 19:49:58,23.7,60.7
2026-07-24 19:50:18,23.7,60.8
2026-07-24 19:50:38,23.7,60.6
2026-07-24 19:50:58,23.7,60.7
2026-07-24 19:51:18,23.7,60.8
2026-07-24 19:51:38,23.7,60.8
2026-07-24 19:51:58,23.7,60.9
2026-07-24 19:52:18,23.7,61.0
2026-07-24 19:52:38,23.7,60.9
2026-07-24 19:52:58,23.7,60.9
2026-07-24 19:53:18,23.7,60.9
2026-07-24 19:53:38,23.7,60.8
2026-07-24 19:53:58,23.7,60.8
2026-07-24 19:54:18,23.7,60.8
2026-07-24 19:54:38,23.7,60.8
2026-07-24 19:54:58,23.7,60.8
2026-07-24 19:55:18,23.7,60.8
2026-07-24 19:55:38,23.7,60.8
2026-07-24 19:55:58,23.7,60.8
2026-07-24 19:56:18,23.7,60.7
2026-07-24 19:56:38,23.7,60.7
2026-07-24 19:56:59,23.7,60.7
2026-07-24 19:57:18,23.7,60.6
2026-07-24 19:57:39,23.7,60.8
2026-07-24 19:57:59,23.7,60.9
2026-07-24 19:58:19,23.7,60.6
2026-07-24 19:58:39,23.7,60.5
2026-07-24 19:58:59,23.7,60.4
2026-07-24 19:59:19,23.7,60.4
2026-07-24 19:59:39,23.7,60.4
2026-07-24 19:59:59,23.7,60.4
2026-07-24 20:00:19,23.7,60.5
2026-07-24 20:00:39,23.7,60.6
2026-07-24 20:00:59,23.6,60.4
2026-07-24 20:01:19,23.7,60.4
2026-07-24 20:01:39,23.7,60.3
2026-07-24 20:01:59,23.7,60.2
2026-07-24 20:02:19,23.7,60.4
2026-07-24 20:02:39,23.7,60.4
2026-07-24 20:02:59,23.7,60.4
2026-07-24 20:03:19,23.7,60.4
2026-07-24 20:03:39,23.7,60.4
2026-07-24 20:03:59,23.7,60.3
2026-07-24 20:04:19,23.7,60.1
2026-07-24 20:04:39,23.7,60.1
2026-07-24 20:04:59,23.7,60.1
2026-07-24 20:05:19,23.7,60.1
2026-07-24 20:05:39,23.7,59.9
2026-07-24 20:05:59,23.6,59.7
2026-07-24 20:06:19,23.6,60.0
2026-07-24 20:06:39,23.6,60.1
2026-07-24 20:06:59,23.6,60.0
2026-07-24 20:07:19,23.6,59.7
2026-07-24 20:07:39,23.6,59.4
2026-07-24 20:07:59,23.6,59.4
2026-07-24 20:08:19,23.6,59.2
2026-07-24 20:08:39,23.6,59.3
2026-07-24 20:08:59,23.6,59.4
2026-07-24 20:09:19,23.6,59.4
2026-07-24 20:09:39,23.6,59.5
2026-07-24 20:09:59,23.6,59.4
2026-07-24 20:10:19,23.6,59.3
2026-07-24 20:10:39,23.6,59.3
2026-07-24 20:10:59,23.6,59.3
2026-07-24 20:11:19,23.6,59.4
2026-07-24 20:11:39,23.6,59.3
2026-07-24 20:11:59,23.6,59.3
2026-07-24 20:12:19,23.6,59.3
2026-07-24 20:12:39,23.5,59.0
2026-07-24 20:12:59,23.5,58.9
2026-07-24 20:13:19,23.5,58.8
2026-07-24 20:13:39,23.5,58.9
2026-07-24 20:13:59,23.5,58.8
2026-07-24 20:14:19,23.5,58.7
2026-07-24 20:14:39,23.5,58.6
2026-07-24 20:14:59,23.5,58.5
2026-07-24 20:15:19,23.5,58.6
2026-07-24 20:15:39,23.5,
2026-07-24 20:15:40,,58.6
2026-07-24 20:16:00,23.5,58.6
2026-07-24 20:16:20,23.5,58.8
2026-07-24 20:16:40,23.5,58.9
2026-07-24 20:17:00,23.5,59.1
2026-07-24 20:17:20,23.5,59.0
2026-07-24 20:17:40,23.5,59.0
2026-07-24 20:18:00,23.5,58.8
2026-07-24 20:18:20,23.5,58.7
2026-07-24 20:18:40,23.5,58.7
2026-07-24 20:19:00,23.5,58.4
2026-07-24 20:19:20,23.5,58.3
2026-07-24 20:19:40,23.5,58.4
2026-07-24 20:20:00,23.5,58.5
2026-07-24 20:20:20,23.5,58.8
2026-07-24 20:20:40,23.5,58.6
2026-07-24 20:21:00,23.5,58.5
2026-07-24 20:21:20,23.5,58.4
2026-07-24 20:21:40,23.5,58.5
2026-07-24 20:22:00,23.5,58.5
2026-07-24 20:22:20,23.5,58.3
2026-07-24 20:22:40,23.5,58.2
2026-07-24 20:23:00,23.4,58.2
2026-07-24 20:23:20,23.5,58.2
2026-07-24 20:23:40,23.5,58.3
2026-07-24 20:24:00,23.5,58.2
2026-07-24 20:24:20,23.5,58.2
2026-07-24 20:24:40,23.4,58.1
2026-07-24 20:25:00,23.4,58.2
2026-07-24 20:25:20,23.4,58.1
2026-07-24 20:25:40,23.4,58.1
2026-07-24 20:26:00,23.4,58.2
2026-07-24 20:26:20,23.4,58.1
2026-07-24 20:26:40,23.4,58.0
2026-07-24 20:27:00,23.4,58.0
2026-07-24 20:27:20,23.4,58.0
2026-07-24 20:27:40,23.4,58.0
2026-07-24 20:28:00,23.4,58.0
2026-07-24 20:28:20,23.4,58.0
2026-07-24 20:28:40,23.4,57.9
2026-07-24 20:29:00,23.4,
2026-07-24 20:29:03,,57.9
2026-07-24 20:29:20,23.4,57.9
2026-07-24 20:29:40,23.3,
2026-07-24 20:29:41,,57.9
2026-07-24 20:30:00,23.4,58.1
2026-07-24 20:30:20,23.4,58.0
2026-07-24 20:30:40,23.4,57.9
2026-07-24 20:31:00,23.4,57.9
2026-07-24 20:31:20,23.4,58.0
2026-07-24 20:31:40,23.4,58.1
2026-07-24 20:32:00,23.4,58.0
2026-07-24 20:32:20,23.4,58.0
2026-07-24 20:32:41,23.3,58.2
2026-07-24 20:33:01,23.4,58.2
2026-07-24 20:33:21,23.4,58.2
2026-07-24 20:33:41,23.4,58.1
2026-07-24 20:34:01,23.4,58.1
2026-07-24 20:34:21,23.4,58.2
2026-07-24 20:34:41,23.4,58.2
2026-07-24 20:35:01,23.4,58.1
2026-07-24 20:35:21,23.4,58.1
2026-07-24 20:35:41,23.4,58.1
2026-07-24 20:36:01,23.4,58.1
2026-07-24 20:36:21,23.4,58.1
2026-07-24 20:36:41,23.4,58.1
2026-07-24 20:37:01,23.4,58.0
2026-07-24 20:37:21,23.4,57.9
2026-07-24 20:37:41,23.4,57.9
2026-07-24 20:38:01,23.4,57.8
2026-07-24 20:38:21,23.4,57.8
2026-07-24 20:38:41,23.4,57.8
2026-07-24 20:39:01,23.4,57.9
2026-07-24 20:39:21,23.4,57.9
2026-07-24 20:39:41,23.4,57.9
2026-07-24 20:40:01,23.4,57.9
2026-07-24 20:40:21,23.4,57.9
2026-07-24 20:40:41,23.4,57.9
2026-07-24 20:41:01,23.4,57.9
2026-07-24 20:41:21,23.4,58.0
2026-07-24 20:41:41,23.4,58.2
2026-07-24 20:42:01,23.4,58.1
2026-07-24 20:42:21,23.4,57.9
2026-07-24 20:42:41,23.4,57.9
2026-07-24 20:43:01,23.4,57.9
2026-07-24 20:43:21,23.4,57.9
2026-07-24 20:43:41,23.4,58.0
2026-07-24 20:44:01,23.5,58.0
2026-07-24 20:44:21,23.4,58.1
2026-07-24 20:44:41,23.5,57.9
2026-07-24 20:45:01,23.4,57.8
2026-07-24 20:45:21,23.4,57.8
2026-07-24 20:45:41,23.4,57.7
2026-07-24 20:46:01,23.4,57.8
2026-07-24 20:46:21,23.4,57.8
2026-07-24 20:46:41,23.4,57.9
2026-07-24 20:47:01,23.4,57.9
2026-07-24 20:47:21,23.4,57.8
2026-07-24 20:47:41,23.4,57.9
2026-07-24 20:48:01,23.4,57.8
2026-07-24 20:48:21,23.4,57.9
2026-07-24 20:48:41,23.4,57.9
2026-07-24 20:49:01,23.4,57.9
2026-07-24 20:49:22,23.4,57.9
2026-07-24 20:49:42,23.4,57.9
2026-07-24 20:50:02,23.4,58.0
2026-07-24 20:50:22,23.4,57.9
2026-07-24 20:50:42,23.4,57.9
2026-07-24 20:51:02,23.4,
2026-07-24 20:51:03,,58.0
2026-07-24 20:51:22,23.4,58.1
2026-07-24 20:51:42,23.4,58.0
2026-07-24 20:52:02,23.4,58.0
2026-07-24 20:52:22,23.4,58.0
2026-07-24 20:52:42,23.4,58.0
2026-07-24 20:53:02,23.4,57.9
2026-07-24 20:53:22,23.3,58.0
2026-07-24 20:53:42,23.3,58.0
2026-07-24 20:54:02,23.3,58.0
2026-07-24 20:54:22,23.3,58.0
2026-07-24 20:54:42,23.3,58.0
2026-07-24 20:55:02,23.3,58.1
2026-07-24 20:55:22,23.3,58.1
2026-07-24 20:55:42,23.3,58.1
2026-07-24 20:56:02,23.3,58.2
2026-07-24 20:56:22,23.3,58.2
2026-07-24 20:56:42,23.3,58.3
2026-07-24 20:57:02,23.3,58.3
2026-07-24 20:57:22,23.3,58.4
2026-07-24 20:57:42,23.3,58.3
2026-07-24 20:58:02,23.3,58.3
2026-07-24 20:58:22,23.3,58.4
2026-07-24 20:58:42,23.3,58.4
2026-07-24 20:59:02,23.3,58.4
2026-07-24 20:59:22,23.3,58.4
2026-07-24 20:59:42,23.3,58.4
2026-07-24 21:00:02,23.3,58.4
2026-07-24 21:00:22,23.3,58.4
2026-07-24 21:00:42,23.3,
2026-07-24 21:00:43,,58.5
